GeoAreaCode;GeoAreaName;Flow;Product;Source;1990;1991;1992;1993;1994;1995;1996;1997;1998;1999;2000;2001;2002;2003;2004;2005;2006;2007;2008;2009;2010;2011;2012;2013;2014;2015;2016;2017;2018;2019;2020;2021;2022
4;Afghanistan;Total final energy consumption (PJ);Total;Energy Balances, UN Statistics Division (2024);32.7;31.4;27.2;27.5;27.6;27.6;27.5;27.1;27;24.8;25.1;25.2;31.7;34.1;28.7;39;45;52.8;70.8;101.4;129.8;173.8;154.2;143.5;142.5;156.1;146.5;156;167.6;171.6;181.2;165.9;168.6
4;Afghanistan;Share in total final energy consumption (%);Renewables;Energy Balances, UN Statistics Division (2024);23;23.7;27.4;28.5;30.1;31.8;33.9;36.4;38;43.4;45;45.6;37.8;36.7;44.2;33.9;31.9;28.8;21.2;16.5;15.2;12.6;15.4;16.9;19.1;17.7;20.2;19.5;18.3;18.9;18.2;20;20
4;Afghanistan;Share in total final energy consumption (%);Modern renewables;Energy Balances, UN Statistics Division (2024);6.7;6.2;5.9;5.8;5.7;5.6;5.7;5.8;5.9;6.6;6.6;6.4;5.9;6.1;7.1;5.8;7.1;7.2;4.8;4.9;5.8;5.6;7.3;8.1;10;9.3;11.1;10.8;10.1;10.8;10.4;11.3;11.3
4;Afghanistan;Share in total final energy consumption (%);Municipal waste (renew);Energy Balances, UN Statistics Division (2024);0;0;0;0;0;0;0;0;0;0;0;0;0;0;0;0;0;0;0;0;0;0;0;0;0;0;0;0;0;0;0;0;0
4;Afghanistan;Share in total final energy consumption (%);Liquid biofuels;Energy Balances, UN Statistics Division (2024);0;0;0;0;0;0;0;0;0;0;0;0;0;0;0;0;0;0;0;0;0;0;0;0;0;0;0;0;0;0;0;0;0
4;Afghanistan;Share in total final energy consumption (%);Solid biofuels;Energy Balances, UN Statistics Division (2024);16.3;17.5;21.4;22.7;24.4;26.2;28.2;30.6;32.1;36.9;38.4;39.2;32;30.5;37.2;28.1;24.8;21.6;16.4;11.7;9.4;7;8.1;8.8;9;8.4;9.1;8.7;8.2;8.1;7.8;8.7;8.7
4;Afghanistan;Share in total final energy consumption (%);Biogases;Energy Balances, UN Statistics Division (2024);0;0;0;0;0;0;0;0;0;0;0;0;0;0;0;0;0;0;0;0;0;0;0;0;0;0;0;0;0;0;0;0;0
4;Afghanistan;Share in total final energy consumption (%);Hydro;Energy Balances, UN Statistics Division (2024);6.7;6.2;5.9;5.8;5.7;5.6;5.7;5.8;5.9;6.6;6.6;6.4;5.9;6.1;7.1;5.8;7.1;7.2;4.8;4.9;5.8;5.6;7.3;8.1;10;9.3;11.1;10.8;9.8;10.3;9.9;10.8;10.8
4;Afghanistan;Share in total final energy consumption (%);Geothermal;Energy Balances, UN Statistics Division (2024);0;0;0;0;0;0;0;0;0;0;0;0;0;0;0;0;0;0;0;0;0;0;0;0;0;0;0;0;0;0;0;0;0
4;Afghanistan;Share in total final energy consumption (%);Tide, wave and ocean;Energy Balances, UN Statistics Division (2024);0;0;0;0;0;0;0;0;0;0;0;0;0;0;0;0;0;0;0;0;0;0;0;0;0;0;0;0;0;0;0;0;0
4;Afghanistan;Share in total final energy consumption (%);Wind;Energy Balances, UN Statistics Division (2024);0;0;0;0;0;0;0;0;0;0;0;0;0;0;0;0;0;0;0;0;0;0;0;0;0;0;0;0;0;0;0;0;0
4;Afghanistan;Share in total final energy consumption (%);Solar;Energy Balances, UN Statistics Division (2024);0;0;0;0;0;0;0;0;0;0;0;0;0;0;0;0;0;0;0;0;0;0;0;0;0;0;0;0;0.3;0.4;0.6;0.6;0.6
4;Afghanistan;Final consumption of renewable energy (PJ) - Heat raising;Renewables;Energy Balances, UN Statistics Division (2024);5.3;5.5;5.8;6.3;6.7;7.2;7.7;8.3;8.7;9.1;9.6;9.9;10.1;10.4;10.7;11;11.2;11.4;11.6;11.8;12.1;12.2;12.5;12.7;12.9;13.1;13.3;13.5;13.7;13.9;14.1;14.4;14.6
4;Afghanistan;Final consumption of renewable energy (PJ) - Transport;Renewables;Energy Balances, UN Statistics Division (2024);0;0;0;0;0;0;0;0;0;0;0;0;0;0;0;0;0;0;0;0;0;0;0;0;0;0;0;0;0;0;0;0;0
4;Afghanistan;Final consumption of renewable energy (PJ) - Electricity consumption;Renewables;Energy Balances, UN Statistics Division (2024);2.2;2;1.6;1.6;1.6;1.6;1.6;1.6;1.6;1.6;1.7;1.6;1.9;2.1;2;2.2;3.2;3.8;3.4;4.9;7.5;9.7;11.2;11.6;14.3;14.5;16.3;16.9;16.9;18.5;18.9;18.8;19.1
8;Albania;Total final energy consumption (PJ);Total;IEA (2024), World Energy Balances;80.1;58.9;42.8;39.3;39.2;39.7;42.9;34.6;38.5;61.3;61.8;63.3;72.1;70.6;79.5;76.4;69.7;69.2;72.4;76.6;79.2;81.7;74.9;82;86;82;79.4;86.9;89.2;85.8;76.9;84.1;81.8
8;Albania;Share in total final energy consumption (%);Renewables;IEA (2024), World Energy Balances;25.5;33;46.8;51.1;51.4;50.6;51.6;55.9;49.9;42.6;41.4;39;35.8;33.7;35.8;36.8;31.6;32;35.8;37.1;37;35.8;39.9;41.1;38.6;38.5;39.4;36.9;37.8;40.1;44.4;41.9;43.7
8;Albania;Share in total final energy consumption (%);Modern renewables;IEA (2024), World Energy Balances;25.5;33;46.8;51.1;51.4;50.6;51.6;55.9;49.9;42.6;41.4;39;35.8;33.7;35.8;36.8;31.6;32;35.8;37.1;37;35.8;39.9;41.1;38.6;38.5;39.4;36.9;37.8;40.1;44.4;41.9;43.7
8;Albania;Share in total final energy consumption (%);Municipal waste (renew);IEA (2024), World Energy Balances;0;0;0;0;0;0;0;0;0;0;0;0;0;0;0;0;0;0;0;0;0;0;0;0;0;0;0;0;0;0;0;0;0
8;Albania;Share in total final energy consumption (%);Liquid biofuels;IEA (2024), World Energy Balances;0;0;0;0;0;0;0;0;0;0;0;0;0;0;0;0;0;0;0;0;0;0;0;0;1.3;1.5;4.3;3.8;5.2;5.9;5.6;5.3;6.6
8;Albania;Share in total final energy consumption (%);Solid biofuels;IEA (2024), World Energy Balances;19;25.8;35.5;36.9;35.3;33.3;29.4;34.8;29.8;17.9;17.5;16.9;14.9;11.7;12.3;12.6;13.8;13;12.4;11.5;10.8;10.7;11.6;10.3;9.4;10.4;9.5;7.9;7.4;7.6;8.5;7.4;7.4
8;Albania;Share in total final energy consumption (%);Biogases;IEA (2024), World Energy Balances;0;0;0;0;0;0;0;0;0;0;0;0;0;0;0;0;0;0;0;0;0;0;0;0;0;0;0;0;0;0;0;0;0
8;Albania;Share in total final energy consumption (%);Hydro;IEA (2024), World Energy Balances;6.5;7.2;11.3;14.2;16.1;17.3;22.2;21.1;20.1;24.7;23.8;22;20.9;21.8;23.5;24;17.7;18.6;23;25.3;25.8;24.6;27.7;30.3;27.3;25.9;24.9;24.7;24.6;25.8;29.4;28.4;28.3
8;Albania;Share in total final energy consumption (%);Geothermal;IEA (2024), World Energy Balances;0;0;0;0;0;0;0;0;0;0;0;0;0;0;0;0;0;0;0;0;0;0;0;0;0;0;0;0;0;0;0;0;0
8;Albania;Share in total final energy consumption (%);Tide, wave and ocean;IEA (2024), World Energy Balances;0;0;0;0;0;0;0;0;0;0;0;0;0;0;0;0;0;0;0;0;0;0;0;0;0;0;0;0;0;0;0;0;0
8;Albania;Share in total final energy consumption (%);Wind;IEA (2024), World Energy Balances;0;0;0;0;0;0;0;0;0;0;0;0;0;0;0;0;0;0;0;0;0;0;0;0;0;0;0;0;0;0;0;0;0
8;Albania;Share in total final energy consumption (%);Solar;IEA (2024), World Energy Balances;0;0;0;0;0;0;0;0;0;0.1;0.1;0.1;0.1;0.1;0.1;0.1;0.1;0.4;0.4;0.4;0.4;0.6;0.7;0.6;0.6;0.6;0.7;0.6;0.6;0.8;0.9;0.8;1.4
8;Albania;Final consumption of renewable energy (PJ) - Heat raising;Renewables;IEA (2024), World Energy Balances;15.2;15.2;15.2;14.5;13.8;13.2;12.6;12;11.5;11;10.8;10.8;10.8;8.4;9.8;9.7;9.7;9.3;9.3;9.1;8.9;9.2;9.1;8.9;8.6;9.1;8.1;7.4;7.2;7.1;7.1;6.8;6.6
8;Albania;Final consumption of renewable energy (PJ) - Transport;Renewables;IEA (2024), World Energy Balances;0;0;0;0;0;0;0;0;0;0;0;0;0;0;0;0;0;0;0;0;0;0;0;0;1.1;1.3;3.4;3.3;4.7;5;4.3;4.5;5.5
8;Albania;Final consumption of renewable energy (PJ) - Electricity consumption;Renewables;IEA (2024), World Energy Balances;5.2;4.2;4.8;5.6;6.3;6.9;9.5;7.3;7.8;15.1;14.7;13.9;15.1;15.4;18.6;18.3;12.3;12.9;16.6;19.4;20.4;20.1;20.7;24.8;23.5;21.2;19.8;21.4;21.9;22.2;22.7;24;23.7
12;Algeria;Total final energy consumption (PJ);Total;IEA (2024), World Energy Balances;458.1;499.9;509.1;520;496;495.7;497.2;487.3;511.3;540.9;557.8;567.1;616.3;680.9;711.8;779.7;804.5;875.3;906.2;976.7;1018.3;1094;1195.1;1265.3;1314.1;1410;1414.4;1469.4;1580.8;1654.3;1553.9;1635;1720.7
12;Algeria;Share in total final energy consumption (%);Renewables;IEA (2024), World Energy Balances;0.2;0.3;0.3;0.5;0.4;0.4;0.4;0.5;0.5;0.5;0.4;0.4;0.5;0.5;0.4;0.6;0.4;0.4;0.3;0.3;0.3;0.2;0.2;0.1;0.1;0.1;0.1;0.1;0.2;0.2;0.2;0.1;0.1
12;Algeria;Share in total final energy consumption (%);Modern renewables;IEA (2024), World Energy Balances;0.1;0.3;0.2;0.4;0.3;0.3;0.3;0.3;0.4;0.4;0.3;0.3;0.4;0.3;0.3;0.5;0.3;0.3;0.2;0.2;0.2;0.2;0.2;0.1;0.1;0.1;0.1;0.1;0.2;0.2;0.1;0.1;0.1
12;Algeria;Share in total final energy consumption (%);Municipal waste (renew);IEA (2024), World Energy Balances;0;0;0;0;0;0;0;0;0;0;0;0;0;0;0;0;0;0;0;0;0;0;0;0;0;0;0;0;0;0;0;0;0
12;Algeria;Share in total final energy consumption (%);Liquid biofuels;IEA (2024), World Energy Balances;0;0;0;0;0;0;0;0;0;0;0;0;0;0;0;0;0;0;0;0;0;0;0;0;0;0;0;0;0;0;0;0;0
12;Algeria;Share in total final energy consumption (%);Solid biofuels;IEA (2024), World Energy Balances;0.1;0.2;0.2;0.3;0.3;0.3;0.3;0.4;0.4;0.4;0.4;0.4;0.5;0.4;0.3;0.4;0.3;0.3;0.2;0.2;0.2;0.1;0;0.1;0;0;0;0;0.1;0;0;0;0
12;Algeria;Share in total final energy consumption (%);Biogases;IEA (2024), World Energy Balances;0;0;0;0;0;0;0;0;0;0;0;0;0;0;0;0;0;0;0;0;0;0;0;0;0;0;0;0;0;0;0;0;0
12;Algeria;Share in total final energy consumption (%);Hydro;IEA (2024), World Energy Balances;0.1;0.2;0.1;0.2;0.1;0.1;0.1;0;0.1;0.1;0;0;0;0.1;0.1;0.2;0.1;0.1;0.1;0.1;0;0.1;0.1;0.1;0;0;0;0;0;0;0;0;0
12;Algeria;Share in total final energy consumption (%);Geothermal;IEA (2024), World Energy Balances;0;0;0;0;0;0;0;0;0;0;0;0;0;0;0;0;0;0;0;0;0;0;0;0;0;0;0;0;0;0;0;0;0
12;Algeria;Share in total final energy consumption (%);Tide, wave and ocean;IEA (2024), World Energy Balances;0;0;0;0;0;0;0;0;0;0;0;0;0;0;0;0;0;0;0;0;0;0;0;0;0;0;0;0;0;0;0;0;0
12;Algeria;Share in total final energy consumption (%);Wind;IEA (2024), World Energy Balances;0;0;0;0;0;0;0;0;0;0;0;0;0;0;0;0;0;0;0;0;0;0;0;0;0;0;0;0;0;0;0;0;0
12;Algeria;Share in total final energy consumption (%);Solar;IEA (2024), World Energy Balances;0;0;0;0;0;0;0;0;0;0;0;0;0;0;0;0;0;0;0;0;0;0;0;0;0;0;0;0.1;0.1;0.1;0.1;0.1;0.1
12;Algeria;Final consumption of renewable energy (PJ) - Heat raising;Renewables;IEA (2024), World Energy Balances;0.4;0.8;0.9;1.6;1.6;1.6;1.6;2.1;2.2;2.2;2.2;2.2;3;2.5;2.5;3;2.7;3;1.9;2.2;2.2;0.7;0.6;0.8;0.3;0.3;0.3;0.4;0.9;0.4;0.4;0.1;0.7
12;Algeria;Final consumption of renewable energy (PJ) - Transport;Renewables;IEA (2024), World Energy Balances;0;0;0;0;0;0;0;0;0;0;0;0;0;0;0;0;0;0;0;0;0;0;0;0;0;0;0;0;0.1;0.1;0.1;0.1;0.1
12;Algeria;Final consumption of renewable energy (PJ) - Electricity consumption;Renewables;IEA (2024), World Energy Balances;0.4;0.7;0.5;0.9;0.4;0.5;0.3;0.2;0.5;0.5;0.1;0.2;0.2;0.7;0.7;1.5;0.6;0.6;0.7;0.8;0.4;1.2;1.6;0.8;0.6;0.6;0.9;1.7;2.1;2.3;1.9;1.7;1.8
16;American Samoa;Total final energy consumption (PJ);Total;Energy Balances, UN Statistics Division (2024);6.1;6.1;6.3;6.1;5.8;5.6;5.6;5.7;5.7;5.7;5.4;5.4;5.5;5.4;5.4;5.6;5.8;5.8;5.7;5.8;5.8;5;5;4.8;4.5;4.4;4.4;4.4;4.4;4.4;4.3;4.3;4.4
16;American Samoa;Share in total final energy consumption (%);Renewables;Energy Balances, UN Statistics Division (2024);0;0;0;0;0;0;0;0;0;0;0;0;0;0;0;0;0;0;0;0;0;0;0.1;0.2;0.2;0.2;0.2;0.6;0.6;0.5;0.5;0.5;0.5
16;American Samoa;Share in total final energy consumption (%);Modern renewables;Energy Balances, UN Statistics Division (2024);0;0;0;0;0;0;0;0;0;0;0;0;0;0;0;0;0;0;0;0;0;0;0.1;0.2;0.2;0.2;0.2;0.6;0.6;0.5;0.5;0.5;0.5
16;American Samoa;Share in total final energy consumption (%);Municipal waste (renew);Energy Balances, UN Statistics Division (2024);0;0;0;0;0;0;0;0;0;0;0;0;0;0;0;0;0;0;0;0;0;0;0;0;0;0;0;0;0;0;0;0;0
16;American Samoa;Share in total final energy consumption (%);Liquid biofuels;Energy Balances, UN Statistics Division (2024);0;0;0;0;0;0;0;0;0;0;0;0;0;0;0;0;0;0;0;0;0;0;0;0;0;0;0;0;0;0;0;0;0
16;American Samoa;Share in total final energy consumption (%);Solid biofuels;Energy Balances, UN Statistics Division (2024);0;0;0;0;0;0;0;0;0;0;0;0;0;0;0;0;0;0;0;0;0;0;0;0;0;0;0;0;0;0;0;0;0
16;American Samoa;Share in total final energy consumption (%);Biogases;Energy Balances, UN Statistics Division (2024);0;0;0;0;0;0;0;0;0;0;0;0;0;0;0;0;0;0;0;0;0;0;0;0;0;0;0;0;0;0;0;0;0
16;American Samoa;Share in total final energy consumption (%);Hydro;Energy Balances, UN Statistics Division (2024);0;0;0;0;0;0;0;0;0;0;0;0;0;0;0;0;0;0;0;0;0;0;0;0;0;0;0;0;0;0;0;0;0
16;American Samoa;Share in total final energy consumption (%);Geothermal;Energy Balances, UN Statistics Division (2024);0;0;0;0;0;0;0;0;0;0;0;0;0;0;0;0;0;0;0;0;0;0;0;0;0;0;0;0;0;0;0;0;0
16;American Samoa;Share in total final energy consumption (%);Tide, wave and ocean;Energy Balances, UN Statistics Division (2024);0;0;0;0;0;0;0;0;0;0;0;0;0;0;0;0;0;0;0;0;0;0;0;0;0;0;0;0;0;0;0;0;0
16;American Samoa;Share in total final energy consumption (%);Wind;Energy Balances, UN Statistics Division (2024);0;0;0;0;0;0;0;0;0;0;0;0;0;0;0;0;0;0;0;0;0;0;0;0;0;0;0;0;0;0;0;0;0
16;American Samoa;Share in total final energy consumption (%);Solar;Energy Balances, UN Statistics Division (2024);0;0;0;0;0;0;0;0;0;0;0;0;0;0;0;0;0;0;0;0;0;0;0.1;0.2;0.2;0.2;0.2;0.6;0.6;0.5;0.5;0.5;0.5
16;American Samoa;Final consumption of renewable energy (PJ) - Heat raising;Renewables;Energy Balances, UN Statistics Division (2024);0;0;0;0;0;0;0;0;0;0;0;0;0;0;0;0;0;0;0;0;0;0;0;0;0;0;0;0;0;0;0;0;0
16;American Samoa;Final consumption of renewable energy (PJ) - Transport;Renewables;Energy Balances, UN Statistics Division (2024);0;0;0;0;0;0;0;0;0;0;0;0;0;0;0;0;0;0;0;0;0;0;0;0;0;0;0;0;0;0;0;0;0
16;American Samoa;Final consumption of renewable energy (PJ) - Electricity consumption;Renewables;Energy Balances, UN Statistics Division (2024);0;0;0;0;0;0;0;0;0;0;0;0;0;0;0;0;0;0;0;0;0;0;0;0;0;0;0;0;0;0;0;0;0
20;Andorra;Total final energy consumption (PJ);Total;Energy Balances, UN Statistics Division (2024);6.8;6.8;6.8;6.8;6.8;7.1;7.6;7.8;8.2;8.6;9;9;9.2;9.3;9.8;10.1;9.7;9.6;9.6;9.3;9.3;8.9;8.9;8.7;8.4;8.5;8.6;8.6;9;8.9;7.1;7.6;7.8
20;Andorra;Share in total final energy consumption (%);Renewables;Energy Balances, UN Statistics Division (2024);14;14;14.1;13.7;14.4;14.3;13.9;14;14.2;14.3;14.5;15.4;15.8;16.5;16.6;16.6;17.6;16.6;17;17.1;18.7;18.6;18.8;19.1;19.5;19.1;18.9;18;17.6;17.2;20.9;18.4;18.7
20;Andorra;Share in total final energy consumption (%);Modern renewables;Energy Balances, UN Statistics Division (2024);14;14;14.1;13.7;14.4;14.3;13.9;14;14.2;14.3;14.5;15.4;15.8;16.5;16.6;16.6;17.6;16.6;17;17.1;18.7;18.6;18.8;19.1;19.5;19.1;18.9;18;17.6;17.2;20.9;18.4;18.7
20;Andorra;Share in total final energy consumption (%);Municipal waste (renew);Energy Balances, UN Statistics Division (2024);0;0;0;0;0;0;0;0;0;0;0;0;0;0;0.1;0.1;0.5;2.3;1.8;2.2;1.1;1.3;1.3;1.1;1.1;1.8;1.9;2;1.8;2.3;1.9;2.3;2.8
20;Andorra;Share in total final energy consumption (%);Liquid biofuels;Energy Balances, UN Statistics Division (2024);0;0;0;0;0;0;0;0;0;0;0;0;0;0;0;0;0;0;0;0;0;0;0;0;0;0;0;0;0;0;0;0;0
20;Andorra;Share in total final energy consumption (%);Solid biofuels;Energy Balances, UN Statistics Division (2024);0.3;0.3;0.3;0.2;0.3;0.3;0.3;0.3;0.3;0.3;0.3;0.3;0.2;0.2;0.2;0.2;0.2;0.2;0.2;0.2;0.2;0.3;0.3;0.3;0.3;0.3;0.3;0.3;0.4;0.4;0.5;0.5;0.5
20;Andorra;Share in total final energy consumption (%);Biogases;Energy Balances, UN Statistics Division (2024);0;0;0;0;0;0;0;0;0;0;0;0;0;0;0;0;0;0;0;0;0;0;0;0;0;0;0;0;0;0;0;0;0
20;Andorra;Share in total final energy consumption (%);Hydro;Energy Balances, UN Statistics Division (2024);13.8;13.8;13.7;13.5;14;14;13.6;13.7;14;14.1;14.2;15.1;15.6;16.3;16.2;16.3;16.9;14;14.9;14.6;17.3;17;17.2;17.8;18.1;17;16.7;15.5;15.4;14.3;18.4;15.4;15
20;Andorra;Share in total final energy consumption (%);Geothermal;Energy Balances, UN Statistics Division (2024);0;0;0;0;0;0;0;0;0;0;0;0;0;0;0;0;0;0;0;0;0;0;0;0;0;0;0;0;0;0;0;0;0
20;Andorra;Share in total final energy consumption (%);Tide, wave and ocean;Energy Balances, UN Statistics Division (2024);0;0;0;0;0;0;0;0;0;0;0;0;0;0;0;0;0;0;0;0;0;0;0;0;0;0;0;0;0;0;0;0;0
20;Andorra;Share in total final energy consumption (%);Wind;Energy Balances, UN Statistics Division (2024);0;0;0;0;0;0;0;0;0;0;0;0;0;0;0;0;0;0;0;0;0;0;0;0;0;0;0;0;0;0;0;0;0
20;Andorra;Share in total final energy consumption (%);Solar;Energy Balances, UN Statistics Division (2024);0;0;0;0;0;0;0;0;0;0;0;0;0;0;0;0;0;0;0;0;0;0;0;0;0;0;0.1;0.1;0.1;0.1;0.1;0.2;0.3
20;Andorra;Final consumption of renewable energy (PJ) - Heat raising;Renewables;Energy Balances, UN Statistics Division (2024);0;0;0;0;0;0;0;0;0;0;0;0;0;0;0;0;0;0;0;0;0;0;0;0;0;0;0;0;0;0;0;0;0.1
20;Andorra;Final consumption of renewable energy (PJ) - Transport;Renewables;Energy Balances, UN Statistics Division (2024);0;0;0;0;0;0;0;0;0;0;0;0;0;0;0;0;0;0;0;0;0;0;0;0;0;0;0;0;0;0;0;0;0
20;Andorra;Final consumption of renewable energy (PJ) - Electricity consumption;Renewables;Energy Balances, UN Statistics Division (2024);0.9;0.9;0.9;0.9;1;1;1;1.1;1.1;1.2;1.3;1.4;1.4;1.5;1.6;1.6;1.7;1.6;1.6;1.6;1.7;1.6;1.6;1.6;1.6;1.6;1.6;1.5;1.6;1.5;1.4;1.4;1.4
24;Angola;Total final energy consumption (PJ);Total;IEA (2024), World Energy Balances;187.5;192.8;195.2;203.9;205.1;203.5;209.4;211.5;206.4;218.6;218.1;224.5;233.8;255.3;272.1;250.3;283.3;306.2;335.6;358;366.8;385.4;423;445.3;448;460.2;464.9;439.3;461.8;486.2;420.5;496.7;518.6
24;Angola;Share in total final energy consumption (%);Renewables;IEA (2024), World Energy Balances;72.3;71.9;72.7;71.3;72.2;73.8;72.9;73.4;76.4;72.8;73.8;72.7;70.8;65.6;62.3;68.9;62.6;58.9;55.4;53;53.1;51.7;49;46.8;47.5;47.1;48.1;52.5;52.5;50.7;60.6;51;49.6
24;Angola;Share in total final energy consumption (%);Modern renewables;IEA (2024), World Energy Balances;2.7;2.7;2.8;2.7;2.8;2.8;2.8;3;3.3;2.9;2.9;3;3;2.9;3;3.8;4.1;3.7;4.1;4;4.3;4.4;5.1;4.3;4.5;4.6;5.3;6.5;8;7.9;10.4;8;7.9
24;Angola;Share in total final energy consumption (%);Municipal waste (renew);IEA (2024), World Energy Balances;0;0;0;0;0;0;0;0;0;0;0;0;0;0;0;0;0;0;0;0;0;0;0;0;0;0;0;0;0;0;0;0;0
24;Angola;Share in total final energy consumption (%);Liquid biofuels;IEA (2024), World Energy Balances;0;0;0;0;0;0;0;0;0;0;0;0;0;0;0;0;0;0;0;0;0;0;0;0;0;0;0;0;0;0;0;0;0
24;Angola;Share in total final energy consumption (%);Solid biofuels;IEA (2024), World Energy Balances;71.3;70.9;71.7;70.2;71.2;72.7;71.8;72.1;74.9;71.6;72.6;71.4;69.4;64.1;60.7;66.6;60;56.5;52.6;50.2;49.9;48.4;45;43.5;44;43.6;43.8;47.1;45.5;43.9;51.4;44.1;42.7
24;Angola;Share in total final energy consumption (%);Biogases;IEA (2024), World Energy Balances;0;0;0;0;0;0;0;0;0;0;0;0;0;0;0;0;0;0;0;0;0;0;0;0;0;0;0;0;0;0;0;0;0
24;Angola;Share in total final energy consumption (%);Hydro;IEA (2024), World Energy Balances;1;1;1;1.1;1.1;1.1;1.1;1.3;1.5;1.2;1.2;1.3;1.4;1.4;1.6;2.2;2.6;2.4;2.9;2.8;3.1;3.2;4;3.3;3.5;3.6;4.2;5.4;7;6.9;9.2;6.9;6.6
24;Angola;Share in total final energy consumption (%);Geothermal;IEA (2024), World Energy Balances;0;0;0;0;0;0;0;0;0;0;0;0;0;0;0;0;0;0;0;0;0;0;0;0;0;0;0;0;0;0;0;0;0
24;Angola;Share in total final energy consumption (%);Tide, wave and ocean;IEA (2024), World Energy Balances;0;0;0;0;0;0;0;0;0;0;0;0;0;0;0;0;0;0;0;0;0;0;0;0;0;0;0;0;0;0;0;0;0
24;Angola;Share in total final energy consumption (%);Wind;IEA (2024), World Energy Balances;0;0;0;0;0;0;0;0;0;0;0;0;0;0;0;0;0;0;0;0;0;0;0;0;0;0;0;0;0;0;0;0;0
24;Angola;Share in total final energy consumption (%);Solar;IEA (2024), World Energy Balances;0;0;0;0;0;0;0;0;0;0;0;0;0;0;0;0;0;0;0;0;0;0;0;0;0;0;0;0;0;0;0;0;0.2
24;Angola;Final consumption of renewable energy (PJ) - Heat raising;Renewables;IEA (2024), World Energy Balances;133.6;136.7;139.9;143.2;146;148;150.4;152.5;154.6;156.5;158.4;160.4;162.3;163.8;165.3;166.8;169.9;173.1;176.4;179.7;183.2;186.6;190.2;193.7;197.1;200.4;203.7;207;210.2;213.3;216.2;218.9;221.4
24;Angola;Final consumption of renewable energy (PJ) - Transport;Renewables;IEA (2024), World Energy Balances;0;0;0;0;0;0;0;0;0;0;0;0;0;0;0;0;0;0;0;0;0;0;0;0;0;0;0;0;0;0;0;0;0
24;Angola;Final consumption of renewable energy (PJ) - Electricity consumption;Renewables;IEA (2024), World Energy Balances;1.8;1.9;2;2.2;2.2;2.2;2.2;2.7;3.1;2.6;2.6;2.9;3.3;3.6;4.3;5.6;7.5;7.3;9.6;10;11.5;12.4;17;14.7;15.5;16.4;19.8;23.8;32.2;33.4;38.5;34.5;35.7
660;Anguilla;Total final energy consumption (PJ);Total;Energy Balances, UN Statistics Division (2024);0.5;0.5;0.6;0.6;0.6;0.6;0.7;0.7;0.7;0.8;0.8;0.9;0.8;0.9;1;1.1;1.2;1.2;1.2;1.2;1.3;1.2;1.2;1.1;1.2;1.4;1.4;1.3;1.3;1.4;1.3;1.4;1.4
660;Anguilla;Share in total final energy consumption (%);Renewables;Energy Balances, UN Statistics Division (2024);0.4;0.4;0.3;0.3;0.3;0.3;0.3;0.3;0.3;0.2;0.2;0.2;0.2;0.2;0.2;0.2;0.1;0.1;0.1;0.1;0.1;0.1;0.2;0.2;0.4;0.3;0.7;0.7;0.6;0.7;0.8;0.8;0.7
660;Anguilla;Share in total final energy consumption (%);Modern renewables;Energy Balances, UN Statistics Division (2024);0;0;0;0;0;0;0;0;0;0;0;0;0;0;0;0;0;0;0;0;0;0;0;0;0.3;0.2;0.5;0.6;0.5;0.6;0.7;0.7;0.6
660;Anguilla;Share in total final energy consumption (%);Municipal waste (renew);Energy Balances, UN Statistics Division (2024);0;0;0;0;0;0;0;0;0;0;0;0;0;0;0;0;0;0;0;0;0;0;0;0;0;0;0;0;0;0;0;0;0
660;Anguilla;Share in total final energy consumption (%);Liquid biofuels;Energy Balances, UN Statistics Division (2024);0;0;0;0;0;0;0;0;0;0;0;0;0;0;0;0;0;0;0;0;0;0;0;0;0;0;0;0;0;0;0;0;0
660;Anguilla;Share in total final energy consumption (%);Solid biofuels;Energy Balances, UN Statistics Division (2024);0.4;0.4;0.3;0.3;0.3;0.3;0.3;0.3;0.3;0.2;0.2;0.2;0.2;0.2;0.2;0.2;0.1;0.1;0.1;0.1;0.1;0.1;0.2;0.2;0.2;0.1;0.1;0.1;0.1;0.1;0.1;0.2;0.2
660;Anguilla;Share in total final energy consumption (%);Biogases;Energy Balances, UN Statistics Division (2024);0;0;0;0;0;0;0;0;0;0;0;0;0;0;0;0;0;0;0;0;0;0;0;0;0;0;0;0;0;0;0;0;0
660;Anguilla;Share in total final energy consumption (%);Hydro;Energy Balances, UN Statistics Division (2024);0;0;0;0;0;0;0;0;0;0;0;0;0;0;0;0;0;0;0;0;0;0;0;0;0;0;0;0;0;0;0;0;0
660;Anguilla;Share in total final energy consumption (%);Geothermal;Energy Balances, UN Statistics Division (2024);0;0;0;0;0;0;0;0;0;0;0;0;0;0;0;0;0;0;0;0;0;0;0;0;0;0;0;0;0;0;0;0;0
660;Anguilla;Share in total final energy consumption (%);Tide, wave and ocean;Energy Balances, UN Statistics Division (2024);0;0;0;0;0;0;0;0;0;0;0;0;0;0;0;0;0;0;0;0;0;0;0;0;0;0;0;0;0;0;0;0;0
660;Anguilla;Share in total final energy consumption (%);Wind;Energy Balances, UN Statistics Division (2024);0;0;0;0;0;0;0;0;0;0;0;0;0;0;0;0;0;0;0;0;0;0;0;0;0;0;0;0;0;0;0;0;0
660;Anguilla;Share in total final energy consumption (%);Solar;Energy Balances, UN Statistics Division (2024);0;0;0;0;0;0;0;0;0;0;0;0;0;0;0;0;0;0;0;0;0;0;0;0;0.3;0.2;0.5;0.6;0.5;0.6;0.7;0.6;0.6
660;Anguilla;Final consumption of renewable energy (PJ) - Heat raising;Renewables;Energy Balances, UN Statistics Division (2024);0;0;0;0;0;0;0;0;0;0;0;0;0;0;0;0;0;0;0;0;0;0;0;0;0;0;0;0;0;0;0;0;0
660;Anguilla;Final consumption of renewable energy (PJ) - Transport;Renewables;Energy Balances, UN Statistics Division (2024);0;0;0;0;0;0;0;0;0;0;0;0;0;0;0;0;0;0;0;0;0;0;0;0;0;0;0;0;0;0;0;0;0
660;Anguilla;Final consumption of renewable energy (PJ) - Electricity consumption;Renewables;Energy Balances, UN Statistics Division (2024);0;0;0;0;0;0;0;0;0;0;0;0;0;0;0;0;0;0;0;0;0;0;0;0;0;0;0;0;0;0;0;0;0
28;Antigua and Barbuda;Total final energy consumption (PJ);Total;Energy Balances, UN Statistics Division (2024);2.6;2.6;2.6;2.8;2.9;2.9;3.1;3.3;3.3;3.5;3.6;3.7;3.9;4.1;4.3;4.5;4.9;4.9;4.8;4.7;4.7;4.7;4.8;4.8;4.9;5;5.2;5.3;5.6;5.8;5.7;5.9;6
28;Antigua and Barbuda;Share in total final energy consumption (%);Renewables;Energy Balances, UN Statistics Division (2024);0;0;0;0;0;0;0;0;0;0;0;0;0;0;0;0;0;0;0;0;0;0.1;0.1;0.1;0.1;0.4;0.5;0.4;0.7;0.7;0.9;0.9;0.9
28;Antigua and Barbuda;Share in total final energy consumption (%);Modern renewables;Energy Balances, UN Statistics Division (2024);0;0;0;0;0;0;0;0;0;0;0;0;0;0;0;0;0;0;0;0;0;0.1;0.1;0.1;0.1;0.4;0.4;0.4;0.7;0.7;0.9;0.9;0.9
28;Antigua and Barbuda;Share in total final energy consumption (%);Municipal waste (renew);Energy Balances, UN Statistics Division (2024);0;0;0;0;0;0;0;0;0;0;0;0;0;0;0;0;0;0;0;0;0;0;0;0;0;0;0;0;0;0;0;0;0
28;Antigua and Barbuda;Share in total final energy consumption (%);Liquid biofuels;Energy Balances, UN Statistics Division (2024);0;0;0;0;0;0;0;0;0;0;0;0;0;0;0;0;0;0;0;0;0;0;0;0;0;0;0;0;0;0;0;0;0
28;Antigua and Barbuda;Share in total final energy consumption (%);Solid biofuels;Energy Balances, UN Statistics Division (2024);0;0;0;0;0;0;0;0;0;0;0;0;0;0;0;0;0;0;0;0;0;0;0;0;0;0;0;0;0;0;0;0;0
28;Antigua and Barbuda;Share in total final energy consumption (%);Biogases;Energy Balances, UN Statistics Division (2024);0;0;0;0;0;0;0;0;0;0;0;0;0;0;0;0;0;0;0;0;0;0;0;0;0;0;0;0;0;0;0;0;0
28;Antigua and Barbuda;Share in total final energy consumption (%);Hydro;Energy Balances, UN Statistics Division (2024);0;0;0;0;0;0;0;0;0;0;0;0;0;0;0;0;0;0;0;0;0;0;0;0;0;0;0;0;0;0;0;0;0
28;Antigua and Barbuda;Share in total final energy consumption (%);Geothermal;Energy Balances, UN Statistics Division (2024);0;0;0;0;0;0;0;0;0;0;0;0;0;0;0;0;0;0;0;0;0;0;0;0;0;0;0;0;0;0;0;0;0
28;Antigua and Barbuda;Share in total final energy consumption (%);Tide, wave and ocean;Energy Balances, UN Statistics Division (2024);0;0;0;0;0;0;0;0;0;0;0;0;0;0;0;0;0;0;0;0;0;0;0;0;0;0;0;0;0;0;0;0;0
28;Antigua and Barbuda;Share in total final energy consumption (%);Wind;Energy Balances, UN Statistics Division (2024);0;0;0;0;0;0;0;0;0;0;0;0;0;0;0;0;0;0;0;0;0;0;0;0;0;0;0;0;0;0;0;0;0
28;Antigua and Barbuda;Share in total final energy consumption (%);Solar;Energy Balances, UN Statistics Division (2024);0;0;0;0;0;0;0;0;0;0;0;0;0;0;0;0;0;0;0;0;0;0.1;0.1;0.1;0.1;0.4;0.4;0.4;0.7;0.7;0.9;0.9;0.9
28;Antigua and Barbuda;Final consumption of renewable energy (PJ) - Heat raising;Renewables;Energy Balances, UN Statistics Division (2024);0;0;0;0;0;0;0;0;0;0;0;0;0;0;0;0;0;0;0;0;0;0;0;0;0;0;0;0;0;0;0;0;0
28;Antigua and Barbuda;Final consumption of renewable energy (PJ) - Transport;Renewables;Energy Balances, UN Statistics Division (2024);0;0;0;0;0;0;0;0;0;0;0;0;0;0;0;0;0;0;0;0;0;0;0;0;0;0;0;0;0;0;0;0;0
28;Antigua and Barbuda;Final consumption of renewable energy (PJ) - Electricity consumption;Renewables;Energy Balances, UN Statistics Division (2024);0;0;0;0;0;0;0;0;0;0;0;0;0;0;0;0;0;0;0;0;0;0;0;0;0;0;0;0;0;0;0.1;0.1;0.1
32;Argentina;Total final energy consumption (PJ);Total;IEA (2024), World Energy Balances;1168.9;1215.4;1274.6;1369.5;1419.3;1466.7;1565.4;1622.1;1677;1648.4;1655.8;1592.9;1520.8;1629.5;1741.1;1800.9;1890.1;2016.4;2027.4;1906.2;2058.3;2145.1;2138.2;2259.5;2211.1;2281.6;2246.7;2219.6;2236.4;2216;1979.2;2081.2;2279.2
32;Argentina;Share in total final energy consumption (%);Renewables;IEA (2024), World Energy Balances;9.7;9.4;10.1;10.9;11.4;11.6;9.8;11.1;10.9;9.8;11.2;13.3;13.5;12.4;10.6;11.1;10.7;9;8.9;10;10.1;10;9.7;10.1;11;10.6;10.5;11.5;11.7;11.8;10.9;10.6;10.4
32;Argentina;Share in total final energy consumption (%);Modern renewables;IEA (2024), World Energy Balances;8.7;8.2;8.7;9.5;10.3;10.5;8.8;10.2;10.1;8.8;10.2;12.6;12.7;11.6;9.9;10.5;10.2;8.5;8.4;9.5;9.6;9.5;9.3;9.6;10.5;10.1;10;11.1;11.2;11.3;10.4;10.1;10
32;Argentina;Share in total final energy consumption (%);Municipal waste (renew);IEA (2024), World Energy Balances;0;0;0;0;0;0;0;0;0;0;0;0;0;0;0;0;0;0;0;0;0;0;0;0;0;0;0;0;0;0;0;0;0
32;Argentina;Share in total final energy consumption (%);Liquid biofuels;IEA (2024), World Energy Balances;0;0;0;0;0;0;0;0;0;0;0;0;0;0;0;0;0;0;0;0;1;1.5;1.7;1.9;2.3;2.3;2.6;3;2.8;2.9;1.8;1.8;2.2
32;Argentina;Share in total final energy consumption (%);Solid biofuels;IEA (2024), World Energy Balances;4.2;4.7;4.6;4.8;4.4;4.7;4.2;4.3;4.4;4.7;4.6;4.4;4.1;4.3;4;3.9;3.1;2.8;2.9;2.9;2.6;2.6;2.5;2.3;2.5;2.3;2.4;2.7;2.9;2.9;2.7;2.9;1.9
32;Argentina;Share in total final energy consumption (%);Biogases;IEA (2024), World Energy Balances;0;0;0;0;0;0;0;0;0;0;0;0;0;0.1;0;0;0;0;0;0;0;0;0;0;0;0;0;0;0;0;0;0.1;0.1
32;Argentina;Share in total final energy consumption (%);Hydro;IEA (2024), World Energy Balances;5.5;4.7;5.5;6.2;7;6.9;5.6;6.8;6.6;5.2;6.6;8.8;9.4;8.1;6.6;7.2;7.6;6.2;6;7.1;6.4;5.9;5.4;5.7;6.1;5.8;5.4;5.7;5.7;5.1;4.7;3.6;3.9
32;Argentina;Share in total final energy consumption (%);Geothermal;IEA (2024), World Energy Balances;0;0;0;0;0;0;0;0;0;0;0;0;0;0;0;0;0;0;0;0;0;0;0;0;0;0;0;0;0;0;0;0;0
32;Argentina;Share in total final energy consumption (%);Tide, wave and ocean;IEA (2024), World Energy Balances;0;0;0;0;0;0;0;0;0;0;0;0;0;0;0;0;0;0;0;0;0;0;0;0;0;0;0;0;0;0;0;0;0
32;Argentina;Share in total final energy consumption (%);Wind;IEA (2024), World Energy Balances;0;0;0;0;0;0;0;0;0;0;0;0;0;0;0;0;0;0;0;0;0;0;0.1;0.1;0.1;0.1;0.1;0.1;0.2;0.7;1.5;1.9;1.9
32;Argentina;Share in total final energy consumption (%);Solar;IEA (2024), World Energy Balances;0;0;0;0;0;0;0;0;0;0;0;0;0;0;0;0;0;0;0;0;0;0;0;0;0;0;0;0;0;0.1;0.2;0.3;0.4
32;Argentina;Final consumption of renewable energy (PJ) - Heat raising;Renewables;IEA (2024), World Energy Balances;48.8;56.3;58.3;64.8;62.6;68.4;64.9;68.5;72.2;76.1;74.3;69.3;60.5;67.8;66.7;67.4;55.9;53.6;55.2;53;49.9;52.9;49.7;48.1;53.3;49.3;50.9;55.5;60.5;59.4;47.5;53.7;38.2
32;Argentina;Final consumption of renewable energy (PJ) - Transport;Renewables;IEA (2024), World Energy Balances;0.5;0.3;0.4;0.5;0.6;0.7;0.6;0.8;0.8;0.6;0.8;0.9;1;0.9;0.8;0.9;0.9;0.8;0.8;0.9;22.2;31.9;36.8;43.7;50.9;53.9;58.4;67.3;64.1;65.5;35.1;38;50.8
32;Argentina;Final consumption of renewable energy (PJ) - Electricity consumption;Renewables;IEA (2024), World Energy Balances;63.9;57.5;70.3;84.4;98.4;100.6;87.3;110.7;110.6;85.5;109.9;141.3;143.8;134.2;117.4;131.5;145.7;126.4;123.8;137.3;135.7;130.4;121;135.6;139.5;138.2;125.9;133.1;136.4;135.7;133.7;127.9;148.5
51;Armenia;Total final energy consumption (PJ);Total;IEA (2024), World Energy Balances;259.7;245.7;122.9;77.2;44;47;29.4;40.5;40.3;39.5;45.4;45.9;46.1;53.7;60.5;70.1;72.8;82.1;90.9;78.5;74.7;82.1;86.7;86.4;90.1;88.3;87.9;92.4;91.6;102.9;109.2;115.9;120
51;Armenia;Share in total final energy consumption (%);Renewables;IEA (2024), World Energy Balances;2.1;2.3;6.7;12.9;17.8;9.3;12.5;10.1;9.4;8.4;7.2;5.4;8.9;9.8;8.7;6.5;7.7;7;6.4;7.8;9.4;8;6.6;6.8;7.1;10.8;13.3;12.7;12.6;12;10.5;11.3;10.3
51;Armenia;Share in total final energy consumption (%);Modern renewables;IEA (2024), World Energy Balances;2.1;2.3;6.7;12.9;17.8;9.3;12.5;10.1;9.4;8.4;7.2;5.4;8.9;9.8;8.7;6.5;7.7;7;6.4;7.8;9.4;8;6.6;6.8;7.1;10.8;13.3;12.7;12.6;12;10.5;11.3;10.3
51;Armenia;Share in total final energy consumption (%);Municipal waste (renew);IEA (2024), World Energy Balances;0;0;0;0;0;0;0;0;0;0;0;0;0;0;0;0;0;0;0;0;0;0;0;0;0;0;0;0;0;0;0;0;0
51;Armenia;Share in total final energy consumption (%);Liquid biofuels;IEA (2024), World Energy Balances;0;0;0;0;0;0;0;0;0;0;0;0;0;0;0;0;0;0;0;0;0;0;0;0;0;0;0;0;0;0;0;0;0
51;Armenia;Share in total final energy consumption (%);Solid biofuels;IEA (2024), World Energy Balances;0.2;0.3;0.5;0.8;1.3;1.2;1.9;1.4;1.4;1.4;1.1;0.8;0.9;0.9;0.9;0.5;0.8;0.4;0.4;0.5;0.5;0.4;0.4;0.4;1.6;4.5;6.1;6.1;6;5.2;5.2;4.5;4.3
51;Armenia;Share in total final energy consumption (%);Biogases;IEA (2024), World Energy Balances;0;0;0;0;0;0;0;0;0;0;0;0;0;0;0;0;0;0;0;0;0;0;0;0;0;0;0;0;0;0;0;0;0
51;Armenia;Share in total final energy consumption (%);Hydro;IEA (2024), World Energy Balances;1.9;2.1;6.2;12.2;16.4;8.1;10.6;8.7;8;7;6;4.6;8;8.9;7.8;6;6.9;6.6;6;7.3;8.9;7.6;6.1;6.3;5.5;6.2;7;6.4;6.3;6.3;4.4;5.5;4.3
51;Armenia;Share in total final energy consumption (%);Geothermal;IEA (2024), World Energy Balances;0;0;0;0;0;0;0;0;0;0;0;0;0;0;0;0;0;0;0;0;0;0;0;0;0;0;0;0;0;0;0;0;0
51;Armenia;Share in total final energy consumption (%);Tide, wave and ocean;IEA (2024), World Energy Balances;0;0;0;0;0;0;0;0;0;0;0;0;0;0;0;0;0;0;0;0;0;0;0;0;0;0;0;0;0;0;0;0;0
51;Armenia;Share in total final energy consumption (%);Wind;IEA (2024), World Energy Balances;0;0;0;0;0;0;0;0;0;0;0;0;0;0;0;0;0;0;0;0;0;0;0;0;0;0;0;0;0;0;0;0;0
51;Armenia;Share in total final energy consumption (%);Solar;IEA (2024), World Energy Balances;0;0;0;0;0;0;0;0;0;0;0;0;0;0;0;0;0;0;0;0;0;0;0;0;0;0.1;0.1;0.1;0.3;0.5;0.9;1.3;1.7
51;Armenia;Final consumption of renewable energy (PJ) - Heat raising;Renewables;IEA (2024), World Energy Balances;0.6;0.6;0.6;0.6;0.6;0.6;0.6;0.6;0.6;0.5;0.5;0.4;0.4;0.5;0.5;0.3;0.6;0.4;0.4;0.4;0.4;0.4;0.4;0.4;1.4;4.1;5.5;5.8;5.7;5.7;6.2;5.8;5.9
51;Armenia;Final consumption of renewable energy (PJ) - Transport;Renewables;IEA (2024), World Energy Balances;0.2;0.2;0.4;0.5;0.4;0.2;0.2;0.1;0.1;0.1;0.1;0.1;0.1;0.2;0.1;0.1;0.1;0.1;0.1;0.2;0.2;0.1;0.1;0.1;0.1;0.1;0.1;0.1;0.1;0.1;0.1;0.1;0.1
51;Armenia;Final consumption of renewable energy (PJ) - Electricity consumption;Renewables;IEA (2024), World Energy Balances;4.7;4.8;7.2;8.9;6.8;3.6;3;3.4;3.1;2.6;2.6;2;3.6;4.6;4.6;4.1;4.9;5.3;5.3;5.6;6.5;6.1;5.2;5.4;4.9;5.4;6.1;5.8;5.7;6.5;5.1;7.1;6.4
533;Aruba;Total final energy consumption (PJ);Total;Energy Balances, UN Statistics Division (2024);3.1;3.5;3.7;4.4;4.5;4.8;4.9;5.1;5.3;5.2;5.4;5.4;5.5;5.6;5.7;5.9;5.9;6.1;6.1;6.2;6.2;6.3;6.3;6.4;6.4;6.5;6.6;6.7;6.7;6.5;6;6.5;6.6
533;Aruba;Share in total final energy consumption (%);Renewables;Energy Balances, UN Statistics Division (2024);0.3;0.2;0.2;0.2;0.2;0.2;0.2;0.2;0.2;0.2;0.2;0.2;0.2;0.2;0.2;0.2;0.2;0.2;0.2;0.3;5.5;5.7;6.9;6.9;6.9;6.7;7;6.8;8.6;8.3;9.1;8.8;8.7
533;Aruba;Share in total final energy consumption (%);Modern renewables;Energy Balances, UN Statistics Division (2024);0;0;0;0;0;0;0;0;0;0;0;0;0;0;0;0;0;0;0;0;5.2;5.4;6.5;6.6;6.6;6.4;6.6;6.4;8.2;8;8.7;8.4;8.3
533;Aruba;Share in total final energy consumption (%);Municipal waste (renew);Energy Balances, UN Statistics Division (2024);0;0;0;0;0;0;0;0;0;0;0;0;0;0;0;0;0;0;0;0;0;0;0;0;0;0;0;0;0;0;0;0;0
533;Aruba;Share in total final energy consumption (%);Liquid biofuels;Energy Balances, UN Statistics Division (2024);0;0;0;0;0;0;0;0;0;0;0;0;0;0;0;0;0;0;0;0;0;0;0;0;0;0;0;0;0;0;0;0;0
533;Aruba;Share in total final energy consumption (%);Solid biofuels;Energy Balances, UN Statistics Division (2024);0.3;0.2;0.2;0.2;0.2;0.2;0.2;0.2;0.2;0.2;0.2;0.2;0.2;0.2;0.2;0.2;0.2;0.2;0.2;0.3;0.3;0.3;0.3;0.3;0.3;0.3;0.3;0.3;0.3;0.2;0.5;0.4;0.4
533;Aruba;Share in total final energy consumption (%);Biogases;Energy Balances, UN Statistics Division (2024);0;0;0;0;0;0;0;0;0;0;0;0;0;0;0;0;0;0;0;0;0;0;0;0;0;0;0;0;0;0;0;0;0
533;Aruba;Share in total final energy consumption (%);Hydro;Energy Balances, UN Statistics Division (2024);0;0;0;0;0;0;0;0;0;0;0;0;0;0;0;0;0;0;0;0;0;0;0;0;0;0;0;0;0;0;0;0;0
533;Aruba;Share in total final energy consumption (%);Geothermal;Energy Balances, UN Statistics Division (2024);0;0;0;0;0;0;0;0;0;0;0;0;0;0;0;0;0;0;0;0;0;0;0;0;0;0;0;0;0;0;0;0;0
533;Aruba;Share in total final energy consumption (%);Tide, wave and ocean;Energy Balances, UN Statistics Division (2024);0;0;0;0;0;0;0;0;0;0;0;0;0;0;0;0;0;0;0;0;0;0;0;0;0;0;0;0;0;0;0;0;0
533;Aruba;Share in total final energy consumption (%);Wind;Energy Balances, UN Statistics Division (2024);0;0;0;0;0;0;0;0;0;0;0;0;0;0;0;0;0;0;0;0;5.2;5.4;6.5;6.6;6.6;6.4;6.6;6.4;7.9;7.6;8.1;7.9;7.8
533;Aruba;Share in total final energy consumption (%);Solar;Energy Balances, UN Statistics Division (2024);0;0;0;0;0;0;0;0;0;0;0;0;0;0;0;0;0;0;0;0;0;0;0;0;0;0;0;0;0.4;0.5;0.5;0.5;0.5
533;Aruba;Final consumption of renewable energy (PJ) - Heat raising;Renewables;Energy Balances, UN Statistics Division (2024);0;0;0;0;0;0;0;0;0;0;0;0;0;0;0;0;0;0;0;0;0;0;0;0;0;0;0;0;0;0;0;0;0
533;Aruba;Final consumption of renewable energy (PJ) - Transport;Renewables;Energy Balances, UN Statistics Division (2024);0;0;0;0;0;0;0;0;0;0;0;0;0;0;0;0;0;0;0;0;0;0;0;0;0;0;0;0;0;0;0;0;0
533;Aruba;Final consumption of renewable energy (PJ) - Electricity consumption;Renewables;Energy Balances, UN Statistics Division (2024);0;0;0;0;0;0;0;0;0;0;0;0;0;0;0;0;0;0;0;0;0.3;0.3;0.4;0.4;0.4;0.4;0.4;0.4;0.5;0.5;0.5;0.5;0.5
36;Australia;Total final energy consumption (PJ);Total;IEA (2024), World Energy Balances;2206.5;2195.3;2218.5;2295.6;2347;2430.2;2508;2573.1;2609.2;2653;2728;2752;2773.5;2770.1;2829.5;2815.5;2843.6;2931.3;2979.2;2973.8;3015.8;3090.9;3117.4;3154.3;3149.5;3131.7;3140.6;3161.4;3209.3;3180.2;3073.9;3084.9;3107.6
36;Australia;Share in total final energy consumption (%);Renewables;IEA (2024), World Energy Balances;8;8.2;7.5;8.6;8.3;8.2;8.9;9.1;8.6;8.5;8.4;8.4;8.7;7.2;6.7;6.7;6.9;7;6.8;7.1;8.2;8.3;8.3;9.2;9.3;9.4;9.6;9.9;9.8;10.3;11.2;12.3;13.5
36;Australia;Share in total final energy consumption (%);Modern renewables;IEA (2024), World Energy Balances;8;8.2;7.5;8.6;8.3;8.2;8.9;9.1;8.6;8.5;8.4;8.4;8.7;7.2;6.7;6.7;6.9;7;6.8;7.1;8.2;8.3;8.3;9.2;9.3;9.4;9.6;9.9;9.8;10.3;11.2;12.3;13.5
36;Australia;Share in total final energy consumption (%);Municipal waste (renew);IEA (2024), World Energy Balances;0;0;0;0;0;0;0;0;0;0;0;0;0;0;0;0;0;0;0;0;0;0;0;0;0;0;0;0;0;0;0;0;0
36;Australia;Share in total final energy consumption (%);Liquid biofuels;IEA (2024), World Energy Balances;0;0;0;0;0;0;0;0;0;0;0;0;0;0.1;0;0;0.1;0.2;0.2;0.3;0.2;0.3;0.3;0.3;0.3;0.3;0.2;0.1;0.2;0.2;0.1;0.1;0.1
36;Australia;Share in total final energy consumption (%);Solid biofuels;IEA (2024), World Energy Balances;5.9;5.9;5.3;6.3;6;6.1;6.8;7;6.6;6.5;6.5;6.4;6.7;5;4.7;4.8;4.7;4.8;4.7;4.8;5.6;5.1;5.1;5.4;5.2;5.5;5.5;5.6;5.2;4.9;4.9;5;4.9
36;Australia;Share in total final energy consumption (%);Biogases;IEA (2024), World Energy Balances;0;0;0;0;0;0;0;0;0;0.1;0;0.1;0.1;0.1;0.1;0.1;0.1;0.1;0.1;0.1;0.1;0.1;0.2;0.2;0.2;0.2;0.2;0.2;0.2;0.2;0.2;0.2;0.2
36;Australia;Share in total final energy consumption (%);Hydro;IEA (2024), World Energy Balances;1.9;2.2;2.1;2.2;2.1;2;1.9;1.9;1.8;1.8;1.8;1.7;1.7;1.8;1.7;1.6;1.7;1.5;1.2;1.2;1.4;1.6;1.4;1.8;1.8;1.3;1.4;1.5;1.5;1.5;1.4;1.4;1.5
36;Australia;Share in total final energy consumption (%);Geothermal;IEA (2024), World Energy Balances;0;0;0;0;0;0;0;0;0;0;0;0;0;0;0;0;0;0;0;0;0;0;0;0;0;0;0;0;0;0;0;0;0
36;Australia;Share in total final energy consumption (%);Tide, wave and ocean;IEA (2024), World Energy Balances;0;0;0;0;0;0;0;0;0;0;0;0;0;0;0;0;0;0;0;0;0;0;0;0;0;0;0;0;0;0;0;0;0
36;Australia;Share in total final energy consumption (%);Wind;IEA (2024), World Energy Balances;0;0;0;0;0;0;0;0;0;0;0;0;0;0.1;0.1;0.1;0.2;0.3;0.3;0.4;0.5;0.6;0.7;0.8;1;1.1;1.2;1.2;1.4;1.6;2;2.3;2.7
36;Australia;Share in total final energy consumption (%);Solar;IEA (2024), World Energy Balances;0.2;0.2;0.2;0.1;0.1;0.1;0.1;0.1;0.1;0.1;0.1;0.1;0.1;0.1;0.1;0.1;0.1;0.2;0.2;0.3;0.4;0.5;0.6;0.8;0.8;1;1.1;1.3;1.4;1.9;2.6;3.3;4
36;Australia;Final consumption of renewable energy (PJ) - Heat raising;Renewables;IEA (2024), World Energy Balances;131.8;130.8;118.6;145.8;142.3;149.5;172.9;180.6;174.7;173.9;177.7;177.8;188.3;140;132.3;128.2;128.3;136.4;136.4;147.5;173.6;168.1;169.2;180.9;172.9;182.6;181.9;188.3;178.6;170.1;163.4;170.3;170.9
36;Australia;Final consumption of renewable energy (PJ) - Transport;Renewables;IEA (2024), World Energy Balances;0.6;0.7;0.7;0.7;0.7;0.7;0.7;0.7;0.7;0.7;0.7;0.7;0.6;3;2;1.9;3.3;5.8;7.9;9.4;8.2;10.9;11.2;12.3;13;13;9.9;7.5;8.7;9.8;9.6;9.9;11.5
36;Australia;Final consumption of renewable energy (PJ) - Electricity consumption;Renewables;IEA (2024), World Energy Balances;44.3;49.6;47.5;51.3;50.9;49.5;48.8;52.4;48.9;51.1;51.4;51.9;53.5;55.2;54.8;58.9;63.3;61.6;57.9;55.4;64.5;78.3;78.3;97.7;107.8;99.5;109;116.3;128.2;148.3;170.2;200.5;237
40;Austria;Total final energy consumption (PJ);Total;IEA (2024), World Energy Balances;762.4;826;803.2;816.3;795.6;835.5;905.5;884.6;906.7;915.6;917;976.7;982.4;1039;1052.1;1075;1075.5;1056.2;1058.3;1029.3;1081.7;1046.2;1051.5;1075.6;1031.3;1060.3;1086.6;1102.4;1081.1;1088.8;1028.7;1095.4;1023.3
40;Austria;Share in total final energy consumption (%);Renewables;IEA (2024), World Energy Balances;25.2;24.5;26.2;26.4;25.7;25.7;24.1;24.9;24.5;26.5;26.4;25.5;24.7;22.6;23.2;24.4;26.6;29;29.7;31.3;31.2;31.6;34.4;34.6;35.7;34.8;34.6;34;34.1;34;35.8;36.4;36.9
40;Austria;Share in total final energy consumption (%);Modern renewables;IEA (2024), World Energy Balances;25.2;24.5;26.2;26.4;25.7;25.7;24.1;24.9;24.5;26.5;26.4;25.5;24.7;22.6;23.2;24.4;26.6;29;29.7;31.3;31.2;31.6;34.4;34.6;35.7;34.8;34.6;34;34.1;34;35.8;36.4;36.9
40;Austria;Share in total final energy consumption (%);Municipal waste (renew);IEA (2024), World Energy Balances;0.1;0.1;0.1;0.1;0.1;0.1;0.1;0.1;0.1;0.1;0.1;0.1;0.1;0.1;0.1;0.1;0.2;0.2;0.2;0.2;0.2;0.3;0.2;0.2;0.3;0.3;0.3;0.3;0.3;0.3;0.4;0.4;0.4
40;Austria;Share in total final energy consumption (%);Liquid biofuels;IEA (2024), World Energy Balances;0;0;0;0;0;0.1;0.1;0.1;0.1;0.1;0.1;0.1;0.1;0.1;0.1;0.4;1.2;1.5;1.7;2.3;2.1;2.1;2.1;2.1;2.5;2.7;2.2;1.9;2;2;1.7;1.7;1.8
40;Austria;Share in total final energy consumption (%);Solid biofuels;IEA (2024), World Energy Balances;12;12;12;11.9;11.2;11.7;11.4;11.5;10.8;12.3;11.7;11.8;10.9;10.8;10.6;11.8;12.9;14.1;14.3;15;15.9;16.2;16.8;16.7;16.1;16.2;16.4;16.5;15.9;15.8;16.7;18;17.7
40;Austria;Share in total final energy consumption (%);Biogases;IEA (2024), World Energy Balances;0;0;0;0;0;0;0.1;0.1;0.1;0.1;0.1;0.1;0;0;0.1;0.2;0.2;0.3;0.3;0.3;0.3;0.3;0.3;0.4;0.4;0.4;0.4;0.4;0.4;0.3;0.3;0.3;0.3
40;Austria;Share in total final energy consumption (%);Hydro;IEA (2024), World Energy Balances;12.9;12.2;13.9;14.2;14.1;13.5;12.3;12.9;13.1;13.6;14.1;13.1;13.1;11;11.5;11.1;11.2;11.9;12;12.3;11.3;11.3;13.3;13.3;14;12.5;12.6;11.7;12.2;12.1;13.1;12.3;12
40;Austria;Share in total final energy consumption (%);Geothermal;IEA (2024), World Energy Balances;0;0;0;0;0;0;0;0;0;0.1;0.1;0.1;0.1;0.1;0.1;0.1;0.1;0.1;0.1;0.1;0.1;0.1;0.1;0.1;0.1;0.1;0.1;0.1;0.1;0.1;0.1;0.1;0.1
40;Austria;Share in total final energy consumption (%);Tide, wave and ocean;IEA (2024), World Energy Balances;0;0;0;0;0;0;0;0;0;0;0;0;0;0;0;0;0;0;0;0;0;0;0;0;0;0;0;0;0;0;0;0;0
40;Austria;Share in total final energy consumption (%);Wind;IEA (2024), World Energy Balances;0;0;0;0;0;0;0;0;0;0;0;0;0;0.1;0.3;0.4;0.6;0.7;0.6;0.6;0.6;0.6;0.7;1;1.3;1.6;1.7;2;2;2.2;2.1;2.1;2.5
40;Austria;Share in total final energy consumption (%);Solar;IEA (2024), World Energy Balances;0.1;0.1;0.1;0.1;0.2;0.2;0.2;0.2;0.3;0.3;0.3;0.3;0.3;0.3;0.3;0.3;0.4;0.4;0.5;0.5;0.7;0.7;0.8;0.9;1;1;1;1.1;1.2;1.2;1.4;1.6;2
40;Austria;Final consumption of renewable energy (PJ) - Heat raising;Renewables;IEA (2024), World Energy Balances;89.8;97.4;94.3;95.2;88.2;95.5;101.4;100.4;96.3;112.5;107.1;115.1;107.9;112.1;112.2;128;138;146.7;149.9;154.4;173.3;168.5;177.3;178.9;166.3;172.5;178.4;182.6;172.1;173.5;173.6;198.2;181.4
40;Austria;Final consumption of renewable energy (PJ) - Transport;Renewables;IEA (2024), World Energy Balances;6.8;7.7;8.7;9;8.5;8.6;8.3;8.6;8.9;9.1;9.7;9.2;8.9;8.3;8.8;10.9;19;22.1;25.2;29.8;28.4;28.2;28.8;29.8;34;36.1;31.8;28.9;29.8;29.4;25.9;26.8;26.3
40;Austria;Final consumption of renewable energy (PJ) - Electricity consumption;Renewables;IEA (2024), World Energy Balances;95.3;97.6;107.1;111.2;108;110.4;108.4;111.5;116.5;120.9;125.6;125;125.7;114;122.7;123.4;129.5;137.4;139;138;135.3;134.3;155.3;163.3;167.5;160.6;166;163;166.7;167.2;168.5;173.4;169.7
31;Azerbaijan;Total final energy consumption (PJ);Total;IEA (2024), World Energy Balances;662.6;632.6;431.4;347.2;358;364.4;273.1;263.3;241;234.2;245.1;245.8;261;267.6;268.1;284.9;288.6;260.4;303.4;259.3;267.3;291;299.1;312;330.8;329.8;343.3;331.3;348.2;382.5;376.6;400.5;439.4
31;Azerbaijan;Share in total final energy consumption (%);Renewables;IEA (2024), World Energy Balances;0.7;0.8;1.2;2;1.5;1.4;1.7;2;2.5;2.1;2.1;1.8;2.4;2.9;3.1;3.4;2.9;3.8;3.1;3.3;4.4;3.6;2.8;2.5;2.1;2.3;1.9;1.9;1.9;1.7;1.3;1.3;1.3
31;Azerbaijan;Share in total final energy consumption (%);Modern renewables;IEA (2024), World Energy Balances;0.7;0.8;1.2;2;1.5;1.4;1.7;2;2.5;2.1;2.1;1.8;2.4;2.9;3.1;3.4;2.9;3.8;3.1;3.3;4.4;3.6;2.8;2.5;2.1;2.3;1.9;1.9;1.9;1.7;1.3;1.3;1.3
31;Azerbaijan;Share in total final energy consumption (%);Municipal waste (renew);IEA (2024), World Energy Balances;0;0;0;0;0;0;0;0;0;0;0;0;0;0;0;0;0;0;0;0;0;0;0;0.1;0.1;0.1;0.1;0.1;0.1;0.1;0.1;0.1;0.1
31;Azerbaijan;Share in total final energy consumption (%);Liquid biofuels;IEA (2024), World Energy Balances;0;0;0;0;0;0;0;0;0;0;0;0;0;0;0;0;0;0;0;0;0;0;0;0;0;0;0;0;0;0;0;0;0
31;Azerbaijan;Share in total final energy consumption (%);Solid biofuels;IEA (2024), World Energy Balances;0.1;0.1;0.2;0.2;0.2;0.2;0.3;0.3;0.3;0.3;0.3;0.2;0.2;0.4;0.2;0.4;0.3;1.4;1.2;1.2;1.4;1.4;1.4;1.3;1.1;1;0.4;0.5;0.5;0.5;0.4;0.3;0.2
31;Azerbaijan;Share in total final energy consumption (%);Biogases;IEA (2024), World Energy Balances;0;0;0;0;0;0;0;0;0;0;0;0;0;0;0;0;0;0;0;0;0;0;0;0;0;0;0;0;0;0;0;0;0
31;Azerbaijan;Share in total final energy consumption (%);Hydro;IEA (2024), World Energy Balances;0.6;0.7;1;1.8;1.3;1.2;1.5;1.7;2.2;1.8;1.7;1.5;2.2;2.6;2.9;3;2.5;2.4;1.9;2.1;3;2.2;1.5;1.2;1;1.3;1.5;1.3;1.3;1.1;0.8;0.8;0.9
31;Azerbaijan;Share in total final energy consumption (%);Geothermal;IEA (2024), World Energy Balances;0;0;0;0;0;0;0;0;0;0;0;0;0;0;0;0;0;0;0;0;0;0;0;0;0;0;0;0;0;0;0;0;0
31;Azerbaijan;Share in total final energy consumption (%);Tide, wave and ocean;IEA (2024), World Energy Balances;0;0;0;0;0;0;0;0;0;0;0;0;0;0;0;0;0;0;0;0;0;0;0;0;0;0;0;0;0;0;0;0;0
31;Azerbaijan;Share in total final energy consumption (%);Wind;IEA (2024), World Energy Balances;0;0;0;0;0;0;0;0;0;0;0;0;0;0;0;0;0;0;0;0;0;0;0;0;0;0;0;0;0.1;0.1;0.1;0.1;NaN
31;Azerbaijan;Share in total final energy consumption (%);Solar;IEA (2024), World Energy Balances;0;0;0;0;0;0;0;0;0;0;0;0;0;0;0;0;0;0;0;0;0;0;0;0;0;0;0;0;0;0;0;0;0
31;Azerbaijan;Final consumption of renewable energy (PJ) - Heat raising;Renewables;IEA (2024), World Energy Balances;0.7;0.7;0.7;0.7;0.7;0.8;0.8;0.8;0.8;0.8;0.8;0.6;0.5;1;0.5;1;1;3.7;3.6;3.1;3.8;4;4.1;4;3.6;3.2;1.3;1.5;1.7;1.8;1.4;1.3;0.9
31;Azerbaijan;Final consumption of renewable energy (PJ) - Transport;Renewables;IEA (2024), World Energy Balances;0.2;0.4;0.3;0.4;0.3;0.2;0.2;0.3;0.3;0.2;0.2;0.1;0.2;0.3;0.2;0.3;0.2;0.2;0.2;0.2;0.4;0.3;0.2;0.1;0.1;0.1;0.1;0.1;0.1;0.1;0.1;0.1;0.1
31;Azerbaijan;Final consumption of renewable energy (PJ) - Electricity consumption;Renewables;IEA (2024), World Energy Balances;3.9;4;4.2;5.7;4.4;4;3.7;4.2;4.9;4;4.1;3.6;5.4;6.6;7.5;8.3;7;5.9;5.6;5.2;7.8;6;4.2;3.7;3.3;4.3;5.2;4.7;4.9;4.6;3.4;3.9;4.6
44;Bahamas;Total final energy consumption (PJ);Total;Energy Balances, UN Statistics Division (2024);18.1;19.2;17;15.9;16.3;17.4;17.2;13.2;17.6;17.9;17.8;17;17.2;17.2;16.9;15.8;14.2;14.5;14.1;18.2;21.4;19.7;19.9;20.1;20.9;23.1;23.1;26.6;26.1;26.9;20.5;28.7;30.5
44;Bahamas;Share in total final energy consumption (%);Renewables;Energy Balances, UN Statistics Division (2024);0;0;0;0;0;0;0;0;0;0;0;0.4;0.4;1.5;1.6;1.7;2;3.5;2;1.5;1.3;1.4;1.4;1.4;1.4;1.4;1.3;1.1;1.1;1.1;1.5;1.1;1
44;Bahamas;Share in total final energy consumption (%);Modern renewables;Energy Balances, UN Statistics Division (2024);0;0;0;0;0;0;0;0;0;0;0;0.4;0.4;1.5;1.6;1.7;2;3.5;2;1.5;1.3;1.4;1.4;1.4;1.4;1.4;1.3;1.1;1.1;1.1;1.5;1.1;1
44;Bahamas;Share in total final energy consumption (%);Municipal waste (renew);Energy Balances, UN Statistics Division (2024);0;0;0;0;0;0;0;0;0;0;0;0;0;0;0;0;0;0;0;0;0;0;0;0;0;0;0;0;0;0;0;0;0
44;Bahamas;Share in total final energy consumption (%);Liquid biofuels;Energy Balances, UN Statistics Division (2024);0;0;0;0;0;0;0;0;0;0;0;0;0;0;0;0;0;0;0;0;0;0;0;0;0;0;0;0;0;0;0;0;0
44;Bahamas;Share in total final energy consumption (%);Solid biofuels;Energy Balances, UN Statistics Division (2024);0;0;0;0;0;0;0;0;0;0;0;0.4;0.4;1.5;1.6;1.7;2;3.5;2;1.5;1.3;1.4;1.4;1.4;1.3;1.3;1.2;1.1;1.1;1;1.4;1;0.9
44;Bahamas;Share in total final energy consumption (%);Biogases;Energy Balances, UN Statistics Division (2024);0;0;0;0;0;0;0;0;0;0;0;0;0;0;0;0;0;0;0;0;0;0;0;0;0;0;0;0;0;0;0;0;0
44;Bahamas;Share in total final energy consumption (%);Hydro;Energy Balances, UN Statistics Division (2024);0;0;0;0;0;0;0;0;0;0;0;0;0;0;0;0;0;0;0;0;0;0;0;0;0;0;0;0;0;0;0;0;0
44;Bahamas;Share in total final energy consumption (%);Geothermal;Energy Balances, UN Statistics Division (2024);0;0;0;0;0;0;0;0;0;0;0;0;0;0;0;0;0;0;0;0;0;0;0;0;0;0;0;0;0;0;0;0;0
44;Bahamas;Share in total final energy consumption (%);Tide, wave and ocean;Energy Balances, UN Statistics Division (2024);0;0;0;0;0;0;0;0;0;0;0;0;0;0;0;0;0;0;0;0;0;0;0;0;0;0;0;0;0;0;0;0;0
44;Bahamas;Share in total final energy consumption (%);Wind;Energy Balances, UN Statistics Division (2024);0;0;0;0;0;0;0;0;0;0;0;0;0;0;0;0;0;0;0;0;0;0;0;0;0;0;0;0;0;0;0;0;0
44;Bahamas;Share in total final energy consumption (%);Solar;Energy Balances, UN Statistics Division (2024);0;0;0;0;0;0;0;0;0;0;0;0;0;0;0;0;0;0;0;0;0;0;0;0;0;0;0;0;0;0;0.1;0.1;0.1
44;Bahamas;Final consumption of renewable energy (PJ) - Heat raising;Renewables;Energy Balances, UN Statistics Division (2024);0;0;0;0;0;0;0;0;0;0;0;0.1;0.1;0.3;0.3;0.3;0.3;0.5;0.3;0.3;0.3;0.3;0.3;0.3;0.3;0.3;0.3;0.3;0.3;0.3;0.3;0.3;0.3
44;Bahamas;Final consumption of renewable energy (PJ) - Transport;Renewables;Energy Balances, UN Statistics Division (2024);0;0;0;0;0;0;0;0;0;0;0;0;0;0;0;0;0;0;0;0;0;0;0;0;0;0;0;0;0;0;0;0;0
44;Bahamas;Final consumption of renewable energy (PJ) - Electricity consumption;Renewables;Energy Balances, UN Statistics Division (2024);0;0;0;0;0;0;0;0;0;0;0;0;0;0;0;0;0;0;0;0;0;0;0;0;0;0;0;0;0;0;0;0;0
48;Bahrain;Total final energy consumption (PJ);Total;IEA (2024), World Energy Balances;43.6;40.6;51.4;59.9;59;61.9;64.1;67.8;72.2;71.2;72.9;77.2;82.4;86.9;91.1;107.7;114.4;120;126.1;125.4;140.2;141;151;169.5;185.6;191.4;192.4;190.5;201.1;212.1;202.8;214.4;221.9
48;Bahrain;Share in total final energy consumption (%);Renewables;IEA (2024), World Energy Balances;0;0;0;0;0;0;0;0;0;0;0;0;0;0;0;0;0;0;0;0;0;0;0;0;0;0;0;0;0;0;0;0;0.1
48;Bahrain;Share in total final energy consumption (%);Modern renewables;IEA (2024), World Energy Balances;0;0;0;0;0;0;0;0;0;0;0;0;0;0;0;0;0;0;0;0;0;0;0;0;0;0;0;0;0;0;0;0;0.1
48;Bahrain;Share in total final energy consumption (%);Municipal waste (renew);IEA (2024), World Energy Balances;0;0;0;0;0;0;0;0;0;0;0;0;0;0;0;0;0;0;0;0;0;0;0;0;0;0;0;0;0;0;0;0;0
48;Bahrain;Share in total final energy consumption (%);Liquid biofuels;IEA (2024), World Energy Balances;0;0;0;0;0;0;0;0;0;0;0;0;0;0;0;0;0;0;0;0;0;0;0;0;0;0;0;0;0;0;0;0;0
48;Bahrain;Share in total final energy consumption (%);Solid biofuels;IEA (2024), World Energy Balances;0;0;0;0;0;0;0;0;0;0;0;0;0;0;0;0;0;0;0;0;0;0;0;0;0;0;0;0;0;0;0;0;0
48;Bahrain;Share in total final energy consumption (%);Biogases;IEA (2024), World Energy Balances;0;0;0;0;0;0;0;0;0;0;0;0;0;0;0;0;0;0;0;0;0;0;0;0;0;0;0;0;0;0;0;0;0
48;Bahrain;Share in total final energy consumption (%);Hydro;IEA (2024), World Energy Balances;0;0;0;0;0;0;0;0;0;0;0;0;0;0;0;0;0;0;0;0;0;0;0;0;0;0;0;0;0;0;0;0;0
48;Bahrain;Share in total final energy consumption (%);Geothermal;IEA (2024), World Energy Balances;0;0;0;0;0;0;0;0;0;0;0;0;0;0;0;0;0;0;0;0;0;0;0;0;0;0;0;0;0;0;0;0;0
48;Bahrain;Share in total final energy consumption (%);Tide, wave and ocean;IEA (2024), World Energy Balances;0;0;0;0;0;0;0;0;0;0;0;0;0;0;0;0;0;0;0;0;0;0;0;0;0;0;0;0;0;0;0;0;0
48;Bahrain;Share in total final energy consumption (%);Wind;IEA (2024), World Energy Balances;0;0;0;0;0;0;0;0;0;0;0;0;0;0;0;0;0;0;0;0;0;0;0;0;0;0;0;0;0;0;0;0;0
48;Bahrain;Share in total final energy consumption (%);Solar;IEA (2024), World Energy Balances;0;0;0;0;0;0;0;0;0;0;0;0;0;0;0;0;0;0;0;0;0;0;0;0;0;0;0;0;0;0;0;0;0.1
48;Bahrain;Final consumption of renewable energy (PJ) - Heat raising;Renewables;IEA (2024), World Energy Balances;0;0;0;0;0;0;0;0;0;0;0;0;0;0;0;0;0;0;0;0;0;0;0;0;0;0;0;0;0;0;0;0;0
48;Bahrain;Final consumption of renewable energy (PJ) - Transport;Renewables;IEA (2024), World Energy Balances;0;0;0;0;0;0;0;0;0;0;0;0;0;0;0;0;0;0;0;0;0;0;0;0;0;0;0;0;0;0;0;0;0
48;Bahrain;Final consumption of renewable energy (PJ) - Electricity consumption;Renewables;IEA (2024), World Energy Balances;0;0;0;0;0;0;0;0;0;0;0;0;0;0;0;0;0;0;0;0;0;0;0;0;0;0;0;0;0;0;0;0.1;0.2
50;Bangladesh;Total final energy consumption (PJ);Total;IEA (2024), World Energy Balances;398.1;389.9;404.4;413.4;432.6;467.7;464.5;497.2;503.2;511.4;524.7;576.1;600.8;632.2;648;674.6;708.4;737.5;776.7;813.2;875.2;918.4;944;953;989.6;1051.4;1142.2;1214.6;1233.1;1279.5;1226.5;1310.8;1321.2
50;Bangladesh;Share in total final energy consumption (%);Renewables;IEA (2024), World Energy Balances;71.7;73.1;71.6;70.5;68.9;63.8;62.1;59.9;60.2;60.5;60.2;55.9;54.4;52.6;52;50.6;48.7;47.2;45.2;43.1;40.3;38.5;37.4;37;35.4;33.1;30.2;28.1;27.1;25.8;26.6;24.7;24.3
50;Bangladesh;Share in total final energy consumption (%);Modern renewables;IEA (2024), World Energy Balances;0.5;0.5;0.5;0.4;0.5;0.2;0.4;0.4;0.5;0.5;0.4;0.5;0.4;0.4;0.4;0.3;0.3;0.3;0.4;0.2;0.3;0.3;0.3;0.3;0.3;0.3;0.4;0.4;0.4;0.3;0.4;0.3;0.4
50;Bangladesh;Share in total final energy consumption (%);Municipal waste (renew);IEA (2024), World Energy Balances;0;0;0;0;0;0;0;0;0;0;0;0;0;0;0;0;0;0;0;0;0;0;0;0;0;0;0;0;0;0;0;0;0
50;Bangladesh;Share in total final energy consumption (%);Liquid biofuels;IEA (2024), World Energy Balances;0;0;0;0;0;0;0;0;0;0;0;0;0;0;0;0;0;0;0;0;0;0;0;0;0;0;0;0;0;0;0;0;0
50;Bangladesh;Share in total final energy consumption (%);Solid biofuels;IEA (2024), World Energy Balances;71.2;72.7;71.2;70.1;68.4;63.6;61.6;59.5;59.7;60;59.8;55.4;54.1;52.2;51.7;50.3;48.3;46.8;44.8;42.9;40;38.1;37.1;36.7;35.1;32.8;29.9;27.7;26.8;25.5;26.3;24.4;23.9
50;Bangladesh;Share in total final energy consumption (%);Biogases;IEA (2024), World Energy Balances;0;0;0;0;0;0;0;0;0;0;0;0;0;0;0;0;0;0;0;0;0;0;0;0;0;0;0;0;0;0;0;0;0
50;Bangladesh;Share in total final energy consumption (%);Hydro;IEA (2024), World Energy Balances;0.5;0.5;0.5;0.4;0.5;0.2;0.4;0.4;0.5;0.5;0.4;0.5;0.4;0.4;0.4;0.3;0.3;0.3;0.4;0.2;0.3;0.3;0.3;0.3;0.2;0.2;0.3;0.3;0.3;0.2;0.2;0.2;0.2
50;Bangladesh;Share in total final energy consumption (%);Geothermal;IEA (2024), World Energy Balances;0;0;0;0;0;0;0;0;0;0;0;0;0;0;0;0;0;0;0;0;0;0;0;0;0;0;0;0;0;0;0;0;0
50;Bangladesh;Share in total final energy consumption (%);Tide, wave and ocean;IEA (2024), World Energy Balances;0;0;0;0;0;0;0;0;0;0;0;0;0;0;0;0;0;0;0;0;0;0;0;0;0;0;0;0;0;0;0;0;0
50;Bangladesh;Share in total final energy consumption (%);Wind;IEA (2024), World Energy Balances;0;0;0;0;0;0;0;0;0;0;0;0;0;0;0;0;0;0;0;0;0;0;0;0;0;0;0;0;0;0;0;0;0
50;Bangladesh;Share in total final energy consumption (%);Solar;IEA (2024), World Energy Balances;0;0;0;0;0;0;0;0;0;0;0;0;0;0;0;0;0;0;0;0;0;0;0;0.1;0.1;0.1;0.1;0.1;0.1;0.1;0.1;0.2;0.2
50;Bangladesh;Final consumption of renewable energy (PJ) - Heat raising;Renewables;IEA (2024), World Energy Balances;283.4;283.4;287.8;289.9;295.9;297.2;286.3;296;300.5;307.1;313.6;319.3;324.8;330.2;334.7;339.1;342.3;345.4;347.8;348.9;350.2;350;350;349.5;347.8;345.3;341.2;337;330;325.7;322.2;319.4;315.8
50;Bangladesh;Final consumption of renewable energy (PJ) - Transport;Renewables;IEA (2024), World Energy Balances;0;0;0;0;0;0;0;0;0;0;0;0;0;0;0;0;0;0;0;0;0;0;0;0;0;0;0;0;0;0;0;0;0
50;Bangladesh;Final consumption of renewable energy (PJ) - Electricity consumption;Renewables;IEA (2024), World Energy Balances;1.9;1.8;1.9;1.6;2.3;1;2.1;2.1;2.5;2.4;2.2;2.9;2.3;2.3;2.3;2.3;2.4;2.4;3;1.4;2.5;3.2;2.9;3.3;2.6;2.7;4.1;4.4;4.6;3.8;4.5;4.4;5.6
52;Barbados;Total final energy consumption (PJ);Total;Energy Balances, UN Statistics Division (2024);10.3;10.2;9.1;8.8;9.7;9.9;10.1;11.3;11.5;12.3;12.8;12.2;12.3;12.4;12.7;13.1;13.2;13.6;15;14.6;14.5;13.9;13.7;12.9;12.9;12.3;14.3;14.2;14.1;14.9;13.6;12.6;13.4
52;Barbados;Share in total final energy consumption (%);Renewables;Energy Balances, UN Statistics Division (2024);17.5;16.8;15.7;14.2;13.7;14.4;15.2;14.3;10.6;11.3;11.9;10.8;9.8;8.6;8.7;8.7;8.8;8.6;7.6;8.5;8.2;4.1;3.8;3.1;3;3.2;3;4.3;4.9;3.5;4.5;5.2;5.6
52;Barbados;Share in total final energy consumption (%);Modern renewables;Energy Balances, UN Statistics Division (2024);17.4;16.8;15.6;14.1;13.7;14.3;15.2;14.2;10.5;11.2;11.8;10.7;9.7;8.6;8.6;8.6;8.7;8.5;7.5;7.8;8.1;4.1;3.8;3.1;2.9;3.1;2.9;4.2;4.9;3.4;4.5;5.2;5.6
52;Barbados;Share in total final energy consumption (%);Municipal waste (renew);Energy Balances, UN Statistics Division (2024);0;0;0;0;0;0;0;0;0;0;0;0;0;0;0;0;0;0;0;0;0;0;0;0;0;0;0;0;0;0;0;0;0
52;Barbados;Share in total final energy consumption (%);Liquid biofuels;Energy Balances, UN Statistics Division (2024);0;0;0;0;0;0;0;0;0;0;0;0;0;0;0;0;0;0;0;0;0;0;0;0;0;0;0;0;0;0;0;0;0
52;Barbados;Share in total final energy consumption (%);Solid biofuels;Energy Balances, UN Statistics Division (2024);17.5;16.8;15.7;14.2;13.7;14.4;15.2;14.3;10.6;11.3;11.9;10.8;9.8;8.6;8.7;8.7;8.8;8.6;7.6;8.4;8.2;4.1;3.7;3;2.8;2.7;2.4;3.5;4;2.4;2.9;3.1;3.1
52;Barbados;Share in total final energy consumption (%);Biogases;Energy Balances, UN Statistics Division (2024);0;0;0;0;0;0;0;0;0;0;0;0;0;0;0;0;0;0;0;0;0;0;0;0;0;0;0;0;0;0;0;0;0
52;Barbados;Share in total final energy consumption (%);Hydro;Energy Balances, UN Statistics Division (2024);0;0;0;0;0;0;0;0;0;0;0;0;0;0;0;0;0;0;0;0;0;0;0;0;0;0;0;0;0;0;0;0;0
52;Barbados;Share in total final energy consumption (%);Geothermal;Energy Balances, UN Statistics Division (2024);0;0;0;0;0;0;0;0;0;0;0;0;0;0;0;0;0;0;0;0;0;0;0;0;0;0;0;0;0;0;0;0;0
52;Barbados;Share in total final energy consumption (%);Tide, wave and ocean;Energy Balances, UN Statistics Division (2024);0;0;0;0;0;0;0;0;0;0;0;0;0;0;0;0;0;0;0;0;0;0;0;0;0;0;0;0;0;0;0;0;0
52;Barbados;Share in total final energy consumption (%);Wind;Energy Balances, UN Statistics Division (2024);0;0;0;0;0;0;0;0;0;0;0;0;0;0;0;0;0;0;0;0;0;0;0;0;0;0;0;0;0;0;0;0;0
52;Barbados;Share in total final energy consumption (%);Solar;Energy Balances, UN Statistics Division (2024);0;0;0;0;0;0;0;0;0;0;0;0;0;0;0;0;0;0;0;0;0;0.1;0.1;0.1;0.1;0.4;0.6;0.8;1;1.1;1.6;2.1;2.6
52;Barbados;Final consumption of renewable energy (PJ) - Heat raising;Renewables;Energy Balances, UN Statistics Division (2024);1.8;1.7;1.4;1.2;1.3;1.4;1.5;1.6;1.2;1.4;1.5;1.3;1.2;1.1;1.1;1.1;1.2;1.2;1.1;1.2;1.2;0.6;0.5;0.4;0.4;0.3;0.3;0.5;0.5;0.3;0.4;0.4;0.4
52;Barbados;Final consumption of renewable energy (PJ) - Transport;Renewables;Energy Balances, UN Statistics Division (2024);0;0;0;0;0;0;0;0;0;0;0;0;0;0;0;0;0;0;0;0;0;0;0;0;0;0;0;0;0;0;0;0;0
52;Barbados;Final consumption of renewable energy (PJ) - Electricity consumption;Renewables;Energy Balances, UN Statistics Division (2024);0;0;0;0;0;0;0;0;0;0;0;0;0;0;0;0;0;0;0;0;0;0;0;0;0;0.1;0.1;0.1;0.1;0.2;0.2;0.3;0.4
112;Belarus;Total final energy consumption (PJ);Total;IEA (2024), World Energy Balances;1052.8;1033.5;953;854.6;698.1;651.7;688.7;693.1;697.7;674.5;632.4;635.8;628.5;640;643.6;664.7;694.4;684;699.2;666.1;708.7;703.8;731.8;726.6;702.6;649.1;666.1;686.8;707.8;688.3;663.8;694.9;668.3
112;Belarus;Share in total final energy consumption (%);Renewables;IEA (2024), World Energy Balances;0.9;1;1.2;1.4;2.3;2.8;3.5;3.8;4.1;4.5;5.6;6.3;6.5;6.2;6.3;6.8;7.2;7.3;7.1;7.4;7.3;7.5;7.2;7;6.7;6.8;6.7;7.3;7.2;7.8;8.4;8.2;8.3
112;Belarus;Share in total final energy consumption (%);Modern renewables;IEA (2024), World Energy Balances;0.9;1;1.2;1.4;2.3;2.8;3.5;3.8;4.1;4.5;5.6;6.3;6.5;6.2;6.3;6.8;7.2;7.3;7.1;7.4;7.3;7.5;7.2;7;6.7;6.8;6.7;7.3;7.2;7.8;8.4;8.2;8.3
112;Belarus;Share in total final energy consumption (%);Municipal waste (renew);IEA (2024), World Energy Balances;0;0;0;0;0;0;0;0;0;0;0;0;0;0;0;0;0;0;0;0;0;0;0;0;0;0;0;0;0;0;0;0;0
112;Belarus;Share in total final energy consumption (%);Liquid biofuels;IEA (2024), World Energy Balances;0;0;0;0;0;0;0;0;0;0;0;0;0;0;0;0;0;0;0;0.1;0.2;0.2;0.2;0.1;0.1;0.1;0.1;0.1;0.1;0.1;0;0;0
112;Belarus;Share in total final energy consumption (%);Solid biofuels;IEA (2024), World Energy Balances;0.9;1;1.2;1.4;2.3;2.8;3.5;3.8;4.1;4.5;5.6;6.2;6.5;6.2;6.3;6.8;7.2;7.3;7;7.2;7.1;7.3;7;6.7;6.5;6.6;6.5;6.9;6.9;7.4;7.9;7.8;7.9
112;Belarus;Share in total final energy consumption (%);Biogases;IEA (2024), World Energy Balances;0;0;0;0;0;0;0;0;0;0;0;0;0;0;0;0;0;0;0;0;0;0;0;0;0;0;0;0;0;0;0.1;0.1;0.1
112;Belarus;Share in total final energy consumption (%);Hydro;IEA (2024), World Energy Balances;0;0;0;0;0;0;0;0;0;0;0;0;0;0;0;0;0;0;0;0;0;0;0;0.1;0.1;0.1;0.1;0.2;0.1;0.1;0.2;0.2;0.2
112;Belarus;Share in total final energy consumption (%);Geothermal;IEA (2024), World Energy Balances;0;0;0;0;0;0;0;0;0;0;0;0;0;0;0;0;0;0;0;0;0;0;0;0;0;0;0;0;0;0;0;0;0
112;Belarus;Share in total final energy consumption (%);Tide, wave and ocean;IEA (2024), World Energy Balances;0;0;0;0;0;0;0;0;0;0;0;0;0;0;0;0;0;0;0;0;0;0;0;0;0;0;0;0;0;0;0;0;0
112;Belarus;Share in total final energy consumption (%);Wind;IEA (2024), World Energy Balances;0;0;0;0;0;0;0;0;0;0;0;0;0;0;0;0;0;0;0;0;0;0;0;0;0;0;0;0;0;0.1;0.1;0.1;0.1
112;Belarus;Share in total final energy consumption (%);Solar;IEA (2024), World Energy Balances;0;0;0;0;0;0;0;0;0;0;0;0;0;0;0;0;0;0;0;0;0;0;0;0;0;0;0;0;0.1;0.1;0.1;0.1;0.1
112;Belarus;Final consumption of renewable energy (PJ) - Heat raising;Renewables;IEA (2024), World Energy Balances;9.6;10.4;11.1;11.9;16.1;18.3;24;26.4;28.6;30.3;35.6;39.7;40.9;39.9;40.3;45.3;49.8;49.6;49;48.5;50.8;52.1;52.2;49.6;46.1;43.3;43.4;47.5;48.8;50.9;51.8;53.5;51.9
112;Belarus;Final consumption of renewable energy (PJ) - Transport;Renewables;IEA (2024), World Energy Balances;0;0;0;0;0;0;0;0;0;0;0;0;0;0;0;0;0;0;0.3;0.4;0.5;0.3;0.2;0.1;0.1;0.1;0.2;0.2;0.2;0.2;0.1;0.1;0.1
112;Belarus;Final consumption of renewable energy (PJ) - Electricity consumption;Renewables;IEA (2024), World Energy Balances;0.1;0.1;0.1;0.1;0.1;0.1;0.1;0.1;0.1;0.1;0.1;0.1;0.1;0.1;0.1;0.1;0.1;0.2;0.2;0.3;0.4;0.4;0.6;0.9;0.8;0.8;1.2;2.3;2.1;2.7;3.7;3.4;3.6
56;Belgium;Total final energy consumption (PJ);Total;IEA (2024), World Energy Balances;1204.6;1264.8;1268.7;1261.5;1294.8;1316.8;1402.7;1376.8;1401.4;1390;1416.7;1477.6;1407.3;1456.8;1444.9;1430.5;1410.8;1360.3;1423.4;1377.7;1482.1;1363.7;1381.6;1425.2;1319.9;1384.8;1395.9;1376.3;1385;1358.4;1282.2;1372.9;1254.7
56;Belgium;Share in total final energy consumption (%);Renewables;IEA (2024), World Energy Balances;1.3;1.2;1.2;1;1;1.3;1.2;1.2;1.3;1.4;1.5;1.6;1.7;1.9;2.1;2.5;2.9;3.5;4;4.9;6.3;6.7;7.7;8.3;9.2;9.5;9.3;9.8;10.8;10.4;12.4;11.8;13.1
56;Belgium;Share in total final energy consumption (%);Modern renewables;IEA (2024), World Energy Balances;1.3;1.2;1.2;1;1;1.3;1.2;1.2;1.3;1.4;1.5;1.6;1.7;1.9;2.1;2.5;2.9;3.5;4;4.9;6.3;6.7;7.7;8.3;9.2;9.5;9.3;9.8;10.8;10.4;12.4;11.8;13.1
56;Belgium;Share in total final energy consumption (%);Municipal waste (renew);IEA (2024), World Energy Balances;0;0;0;0.1;0.1;0.1;0.1;0.1;0.1;0.1;0.1;0.1;0.1;0.1;0.1;0.1;0.1;0.1;0.1;0.2;0.2;0.2;0.2;0.2;0.3;0.3;0.3;0.3;0.3;0.3;0.3;0.3;0.3
56;Belgium;Share in total final energy consumption (%);Liquid biofuels;IEA (2024), World Energy Balances;0;0;0;0;0;0;0;0;0;0;0;0;0;0;0;0;0.1;0.1;0.1;0.6;1.1;1.2;1.1;1.1;1.4;0.8;1.3;1.5;1.5;1.5;2.2;2.3;2.6
56;Belgium;Share in total final energy consumption (%);Solid biofuels;IEA (2024), World Energy Balances;1.2;1.1;1.1;0.8;0.8;1.1;1.1;1;1.1;1.3;1.2;1.3;1.4;1.6;1.8;2.1;2.4;3;3.4;3.6;4.2;4.1;4.5;4.8;4.5;4.9;4.9;4.9;4.9;4.6;4.7;4.7;5
56;Belgium;Share in total final energy consumption (%);Biogases;IEA (2024), World Energy Balances;0;0;0;0;0;0;0;0;0;0;0;0.1;0.1;0.1;0.1;0.1;0.1;0.1;0.1;0.2;0.3;0.3;0.4;0.5;0.6;0.6;0.6;0.5;0.6;0.5;0.6;0.5;0.6
56;Belgium;Share in total final energy consumption (%);Hydro;IEA (2024), World Energy Balances;0.1;0.1;0.1;0.1;0.1;0.1;0.1;0.1;0.1;0.1;0.1;0.1;0.1;0.1;0.1;0.1;0.1;0.1;0.1;0.1;0.1;0;0.1;0.1;0.1;0.1;0.1;0.1;0.1;0.1;0.1;0.1;0.1
56;Belgium;Share in total final energy consumption (%);Geothermal;IEA (2024), World Energy Balances;0;0;0;0;0;0;0;0;0;0;0;0;0;0;0;0;0;0;0;0;0;0;0;0;0;0;0;0;0;0;0;0;0
56;Belgium;Share in total final energy consumption (%);Tide, wave and ocean;IEA (2024), World Energy Balances;0;0;0;0;0;0;0;0;0;0;0;0;0;0;0;0;0;0;0;0;0;0;0;0;0;0;0;0;0;0;0;0;0
56;Belgium;Share in total final energy consumption (%);Wind;IEA (2024), World Energy Balances;0;0;0;0;0;0;0;0;0;0;0;0;0;0;0;0.1;0.1;0.1;0.2;0.2;0.3;0.6;0.7;0.9;1.4;1.7;1.4;1.6;2.2;2.3;3.2;2.6;2.9
56;Belgium;Share in total final energy consumption (%);Solar;IEA (2024), World Energy Balances;0;0;0;0;0;0;0;0;0;0;0;0;0;0;0;0;0;0;0;0.1;0.2;0.3;0.6;0.7;1;1;0.8;0.9;1.2;1.1;1.4;1.3;1.7
56;Belgium;Final consumption of renewable energy (PJ) - Heat raising;Renewables;IEA (2024), World Energy Balances;13.8;14;13.5;10.6;10.4;14.7;15.1;14.3;16.2;17.3;17.5;20;19.9;23.7;24.6;28.3;30.3;34.8;40.9;44.8;56;49;53.2;61.5;54.5;58.6;61.9;60;60.2;58.6;56;64.2;61.7
56;Belgium;Final consumption of renewable energy (PJ) - Transport;Renewables;IEA (2024), World Energy Balances;0;0;0;0;0;0;0;0;0;0.1;0.1;0.1;0.1;0.1;0.1;0.2;0.2;0.2;0.3;6;15.7;15.4;15.5;15.5;18.5;12.1;19.4;21.1;21.5;21.6;29.5;32.3;34
56;Belgium;Final consumption of renewable energy (PJ) - Electricity consumption;Renewables;IEA (2024), World Energy Balances;1.6;1.6;1.9;1.6;2;2.2;1.8;1.9;2.4;2.7;3.5;3.8;3.9;4;5.2;7.2;10.5;12;15.9;16.9;21.4;27.4;37.7;41.8;49;60.6;48.9;53.5;67.7;60.5;73.8;65.4;69.2
84;Belize;Total final energy consumption (PJ);Total;Energy Balances, UN Statistics Division (2024);6.1;7.4;6.4;6.6;6.7;7.1;6.3;7.5;6.9;7;8.4;8.1;8;7.6;7.3;7.7;9.1;9.1;8.7;9.5;10.1;13.5;12.1;10.2;10.8;13.6;13.8;14.4;13.8;14.8;12.9;14.2;14.2
84;Belize;Share in total final energy consumption (%);Renewables;Energy Balances, UN Statistics Division (2024);38;32.4;36.3;35.6;34.1;34.9;42.7;36.7;35.3;35.9;34.6;23.9;25.7;24.4;26.3;25.6;32.7;28;29.8;25.1;29.2;41.5;46.7;36.5;35.8;29.1;31.7;35.3;33.1;28.4;29;33.2;30.8
84;Belize;Share in total final energy consumption (%);Modern renewables;Energy Balances, UN Statistics Division (2024);37.8;32.2;36;35.4;33.8;34.7;42.4;36.4;35.1;35.6;34.3;18;19.5;17.7;19.2;18.7;26.8;21.8;23.2;18.9;23.2;37;41.6;30.4;29.5;23.9;26.5;30.2;27.8;23.4;25.8;28;28.7
84;Belize;Share in total final energy consumption (%);Municipal waste (renew);Energy Balances, UN Statistics Division (2024);0;0;0;0;0;0;0;0;0;0;0;0;0;0;0;0;0;0;0;0;0;0;0;0;0;0;0;0;0;0;0;0;0
84;Belize;Share in total final energy consumption (%);Liquid biofuels;Energy Balances, UN Statistics Division (2024);0;0;0;0;0;0;0;0;0;0;0;0;0;0;0;0;0;0;0;0;0;0;0;0;0;0;0;0;0;0;0;0;0
84;Belize;Share in total final energy consumption (%);Solid biofuels;Energy Balances, UN Statistics Division (2024);38;32.4;36.3;35.6;34.1;32.8;39;33.5;31.9;32;27.7;16.1;17.3;18.4;19.3;18.5;20.8;15.6;13.8;12.8;17.8;30.8;36.9;23.3;21.9;18.7;21.5;27.2;25.1;25.3;20.3;26.8;22.6
84;Belize;Share in total final energy consumption (%);Biogases;Energy Balances, UN Statistics Division (2024);0;0;0;0;0;0;0;0;0;0;0;0;0;0;0;0;0;0;0;0;0;0;0;0;0;0;0;0;0;0;0;0;0
84;Belize;Share in total final energy consumption (%);Hydro;Energy Balances, UN Statistics Division (2024);0;0;0;0;0;2.1;3.7;3.2;3.4;3.9;6.8;7.8;8.4;5.9;7;7.2;12;12.4;16;12.3;11.3;10.7;9.9;13.2;13.9;10.4;10.3;8.1;7.9;3;8.7;6.3;8.1
84;Belize;Share in total final energy consumption (%);Geothermal;Energy Balances, UN Statistics Division (2024);0;0;0;0;0;0;0;0;0;0;0;0;0;0;0;0;0;0;0;0;0;0;0;0;0;0;0;0;0;0;0;0;0
84;Belize;Share in total final energy consumption (%);Tide, wave and ocean;Energy Balances, UN Statistics Division (2024);0;0;0;0;0;0;0;0;0;0;0;0;0;0;0;0;0;0;0;0;0;0;0;0;0;0;0;0;0;0;0;0;0
84;Belize;Share in total final energy consumption (%);Wind;Energy Balances, UN Statistics Division (2024);0;0;0;0;0;0;0;0;0;0;0;0;0;0;0;0;0;0;0;0;0;0;0;0;0;0;0;0;0;0;0;0;0
84;Belize;Share in total final energy consumption (%);Solar;Energy Balances, UN Statistics Division (2024);0;0;0;0;0;0;0;0;0;0;0;0;0;0;0;0;0;0;0;0;0;0;0;0;0;0;0;0;0;0;0;0.1;0.2
84;Belize;Final consumption of renewable energy (PJ) - Heat raising;Renewables;Energy Balances, UN Statistics Division (2024);2.3;2.4;2.3;2.4;2.3;2.3;2.5;2.5;2.2;2.2;2.3;1.3;1.4;1.4;1.4;1.4;1.9;1.4;1.2;1.2;1.3;3.9;3.9;1.9;2;2;2.4;3.2;2.7;2.6;1.9;3;2.4
84;Belize;Final consumption of renewable energy (PJ) - Transport;Renewables;Energy Balances, UN Statistics Division (2024);0;0;0;0;0;0;0;0;0;0;0;0;0;0;0;0;0;0;0;0;0;0;0;0;0;0;0;0;0;0;0;0;0
84;Belize;Final consumption of renewable energy (PJ) - Electricity consumption;Renewables;Energy Balances, UN Statistics Division (2024);0;0;0;0;0;0.1;0.2;0.2;0.2;0.3;0.6;0.6;0.7;0.5;0.5;0.6;1.1;1.1;1.4;1.2;1.6;1.7;1.8;1.8;1.9;2;2;1.9;1.9;1.6;1.9;1.7;2
204;Benin;Total final energy consumption (PJ);Total;IEA (2024), World Energy Balances;60.1;60.8;62.4;63.8;65.2;66.6;82.5;85.5;84.5;83.6;69.6;75.3;81;85.9;89.8;94.7;108.2;117.2;119.9;127.5;124.8;124;123.6;134.1;140.2;147.8;168.3;171.9;184.2;184.8;191.5;161.7;168.6
204;Benin;Share in total final energy consumption (%);Renewables;IEA (2024), World Energy Balances;93.7;95;94.9;95;95;94.8;84.1;80.6;79.6;76.9;70.3;66.9;64;61.7;60.7;59.2;57.3;54.5;54.8;52.8;47.2;48.7;50.3;52;51;49.9;45.4;45.4;44;46.5;46.2;54.5;53.7
204;Benin;Share in total final energy consumption (%);Modern renewables;IEA (2024), World Energy Balances;60.4;61.2;61.2;61.3;61.2;61.1;54.9;50.5;47.1;30;12;11.2;10.7;10.3;10.1;9.9;9.7;9.2;9.3;8.9;7.9;8.1;8.4;8.9;8.7;8.7;7.9;7.9;7.7;8;8;9.4;9.4
204;Benin;Share in total final energy consumption (%);Municipal waste (renew);IEA (2024), World Energy Balances;0;0;0;0;0;0;0;0;0;0;0;0;0;0;0;0;0;0;0;0;0;0;0;0;0;0;0;0;0;0;0;0;0
204;Benin;Share in total final energy consumption (%);Liquid biofuels;IEA (2024), World Energy Balances;0;0;0;0;0;0;0;0;0;0;0;0;0;0;0;0;0;0;0;0;0;0;0;0;0;0;0;0;0;0;0;0;0
204;Benin;Share in total final energy consumption (%);Solid biofuels;IEA (2024), World Energy Balances;93.7;95;94.9;95;95;94.8;84.1;80.6;79.5;76.9;70.2;66.8;64;61.7;60.7;59.2;57.3;54.5;54.8;52.8;47.2;48.7;50.3;52;51;49.9;45.3;45.3;43.9;46.4;46.2;54.5;53.6
204;Benin;Share in total final energy consumption (%);Biogases;IEA (2024), World Energy Balances;0;0;0;0;0;0;0;0;0;0;0;0;0;0;0;0;0;0;0;0;0;0;0;0;0;0;0;0;0;0;0;0;0
204;Benin;Share in total final energy consumption (%);Hydro;IEA (2024), World Energy Balances;0;0;0;0;0;0;0;0;0;0;0;0.1;0.1;0.1;0;0;0;0;0;0;0;0;0;0;0;0;0;0;0;0;0;0;0
204;Benin;Share in total final energy consumption (%);Geothermal;IEA (2024), World Energy Balances;0;0;0;0;0;0;0;0;0;0;0;0;0;0;0;0;0;0;0;0;0;0;0;0;0;0;0;0;0;0;0;0;0
204;Benin;Share in total final energy consumption (%);Tide, wave and ocean;IEA (2024), World Energy Balances;0;0;0;0;0;0;0;0;0;0;0;0;0;0;0;0;0;0;0;0;0;0;0;0;0;0;0;0;0;0;0;0;0
204;Benin;Share in total final energy consumption (%);Wind;IEA (2024), World Energy Balances;0;0;0;0;0;0;0;0;0;0;0;0;0;0;0;0;0;0;0;0;0;0;0;0;0;0;0;0;0;0;0;0;0
204;Benin;Share in total final energy consumption (%);Solar;IEA (2024), World Energy Balances;0;0;0;0;0;0;0;0;0;0;0;0;0;0;0;0;0;0;0;0;0;0;0;0;0;0;0;0;0.1;0;0;0;0.1
204;Benin;Final consumption of renewable energy (PJ) - Heat raising;Renewables;IEA (2024), World Energy Balances;56.3;57.8;59.1;60.6;62;63.1;69.5;68.9;67.2;64.3;48.9;50.3;51.8;53;54.5;56;62;63.8;65.6;67.4;58.8;60.4;62.2;69.7;71.6;73.8;76.3;77.9;80.9;85.8;88.4;88.1;90.3
204;Benin;Final consumption of renewable energy (PJ) - Transport;Renewables;IEA (2024), World Energy Balances;0;0;0;0;0;0;0;0;0;0;0;0;0;0;0;0;0;0;0;0;0;0;0;0;0;0;0;0;0;0;0;0;0
204;Benin;Final consumption of renewable energy (PJ) - Electricity consumption;Renewables;IEA (2024), World Energy Balances;0;0;0;0;0;0;0;0;0;0;0;0;0.1;0;0;0;0.1;0;0;0;0;0;0;0;0;0.1;0.1;0.1;0.1;0.1;0;0.1;0.2
60;Bermuda;Total final energy consumption (PJ);Total;Energy Balances, UN Statistics Division (2024);5.4;6;4.8;5.6;5.4;5.1;4.9;4.6;4.5;4.5;4.5;4.5;4.8;4.6;4.6;4.9;5.4;5;4.8;4.8;4.9;4.7;4.5;5.1;5.6;5;6.3;4.7;5.7;5.3;4;4.1;4.1
60;Bermuda;Share in total final energy consumption (%);Renewables;Energy Balances, UN Statistics Division (2024);0;0;0;0;0;0.3;0.4;0.4;0.4;0.5;0.5;0.5;0.5;0.5;0.5;0.5;0.4;0.5;0.5;0.4;0.4;0.4;0.4;1.5;0.4;0.6;1.1;0.6;0.7;0.8;0.9;0.9;0.9
60;Bermuda;Share in total final energy consumption (%);Modern renewables;Energy Balances, UN Statistics Division (2024);0;0;0;0;0;0.3;0.4;0.4;0.4;0.5;0.5;0.5;0.5;0.5;0.5;0.5;0.4;0.5;0.5;0.4;0.4;0.4;0.4;1.4;0.4;0.5;0.9;0.6;0.6;0.7;0.8;0.8;0.8
60;Bermuda;Share in total final energy consumption (%);Municipal waste (renew);Energy Balances, UN Statistics Division (2024);0;0;0;0;0;0.3;0.4;0.4;0.4;0.5;0.5;0.5;0.5;0.5;0.5;0.5;0.4;0.5;0.5;0.4;0.4;0.4;0.4;0.4;0.3;0.4;0.3;0.4;0.4;0.4;0.5;0.5;0.5
60;Bermuda;Share in total final energy consumption (%);Liquid biofuels;Energy Balances, UN Statistics Division (2024);0;0;0;0;0;0;0;0;0;0;0;0;0;0;0;0;0;0;0;0;0;0;0;1;0;0;0.6;0.1;0.2;0.2;0.2;0.2;0.2
60;Bermuda;Share in total final energy consumption (%);Solid biofuels;Energy Balances, UN Statistics Division (2024);0;0;0;0;0;0;0;0;0;0;0;0;0;0;0;0;0;0;0;0;0;0;0;0.1;0.1;0.1;0.1;0.1;0;0.1;0.1;0.1;0.1
60;Bermuda;Share in total final energy consumption (%);Biogases;Energy Balances, UN Statistics Division (2024);0;0;0;0;0;0;0;0;0;0;0;0;0;0;0;0;0;0;0;0;0;0;0;0;0;0;0;0;0;0;0;0;0
60;Bermuda;Share in total final energy consumption (%);Hydro;Energy Balances, UN Statistics Division (2024);0;0;0;0;0;0;0;0;0;0;0;0;0;0;0;0;0;0;0;0;0;0;0;0;0;0;0;0;0;0;0;0;0
60;Bermuda;Share in total final energy consumption (%);Geothermal;Energy Balances, UN Statistics Division (2024);0;0;0;0;0;0;0;0;0;0;0;0;0;0;0;0;0;0;0;0;0;0;0;0;0;0;0;0;0;0;0;0;0
60;Bermuda;Share in total final energy consumption (%);Tide, wave and ocean;Energy Balances, UN Statistics Division (2024);0;0;0;0;0;0;0;0;0;0;0;0;0;0;0;0;0;0;0;0;0;0;0;0;0;0;0;0;0;0;0;0;0
60;Bermuda;Share in total final energy consumption (%);Wind;Energy Balances, UN Statistics Division (2024);0;0;0;0;0;0;0;0;0;0;0;0;0;0;0;0;0;0;0;0;0;0;0;0;0;0;0;0;0;0;0;0;0
60;Bermuda;Share in total final energy consumption (%);Solar;Energy Balances, UN Statistics Division (2024);0;0;0;0;0;0;0;0;0;0;0;0;0;0;0;0;0;0;0;0;0;0;0;0;0;0.1;0.1;0.1;0.1;0.1;0.2;0.2;0.2
60;Bermuda;Final consumption of renewable energy (PJ) - Heat raising;Renewables;Energy Balances, UN Statistics Division (2024);0;0;0;0;0;0;0;0;0;0;0;0;0;0;0;0;0;0;0;0;0;0;0;0;0;0;0;0;0;0;0;0;0
60;Bermuda;Final consumption of renewable energy (PJ) - Transport;Renewables;Energy Balances, UN Statistics Division (2024);0;0;0;0;0;0;0;0;0;0;0;0;0;0;0;0;0;0;0;0;0;0;0;0.1;0;0;0;0;0;0;0;0;0
60;Bermuda;Final consumption of renewable energy (PJ) - Electricity consumption;Renewables;Energy Balances, UN Statistics Division (2024);0;0;0;0;0;0;0;0;0;0;0;0;0;0;0;0;0;0;0;0;0;0;0;0;0;0;0;0;0;0;0;0;0
64;Bhutan;Total final energy consumption (PJ);Total;Energy Balances, UN Statistics Division (2024);37.2;37.3;37.6;37.4;38.3;38.9;39.9;41.4;42.5;43.1;44;45.2;46.5;47;47.3;49;49;50;53.9;57.4;62.3;62.1;64.5;66.4;68.1;69.4;69.4;72.5;74;73.3;69.2;74.8;76.3
64;Bhutan;Share in total final energy consumption (%);Renewables;Energy Balances, UN Statistics Division (2024);95.9;95.9;95.3;95.9;95.3;94.4;93.2;91.4;91.5;91.6;91.4;90.2;89.7;89.6;90.9;88.7;91.6;92;87.8;87.7;84.8;84.9;82.8;81.7;82.1;81.6;80.8;79.7;80;81;83.9;81.8;81
64;Bhutan;Share in total final energy consumption (%);Modern renewables;Energy Balances, UN Statistics Division (2024);1.7;1.8;1.8;2;3;2.8;3.4;3.5;4;3.7;3.6;4.3;4.6;4.6;5.1;4.8;6;7.5;8.4;9.8;11.3;9.6;10;10.1;10.7;10.8;10.6;11;10.7;11.3;10.3;11.9;11.7
64;Bhutan;Share in total final energy consumption (%);Municipal waste (renew);Energy Balances, UN Statistics Division (2024);0;0;0;0;0;0;0;0;0;0;0;0;0;0;0;0;0;0;0;0;0;0;0;0;0;0;0;0;0;0;0;0;0
64;Bhutan;Share in total final energy consumption (%);Liquid biofuels;Energy Balances, UN Statistics Division (2024);0;0;0;0;0;0;0;0;0;0;0;0;0;0;0;0;0;0;0;0;0;0;0;0;0;0;0;0;0;0;0;0;0
64;Bhutan;Share in total final energy consumption (%);Solid biofuels;Energy Balances, UN Statistics Division (2024);94.4;94.4;93.8;94.2;92.7;91.9;90.1;88.2;87.9;88.2;88.1;86.3;85.4;85.4;86.2;84.2;86;84.9;79.7;78.4;73.6;75.4;72.9;71.7;71.5;70.9;70.4;68.8;69.4;69.8;73.7;70;69.4
64;Bhutan;Share in total final energy consumption (%);Biogases;Energy Balances, UN Statistics Division (2024);0;0;0;0;0;0;0;0;0;0;0;0;0;0;0;0;0;0;0;0;0;0;0;0;0;0;0;0;0;0;0;0;0
64;Bhutan;Share in total final energy consumption (%);Hydro;Energy Balances, UN Statistics Division (2024);1.5;1.5;1.5;1.7;2.6;2.5;3.1;3.2;3.7;3.4;3.3;3.9;4.3;4.3;4.7;4.5;5.6;7.1;8;9.4;11.2;9.5;9.9;10;10.6;10.7;10.4;10.8;10.6;11.2;10.2;11.8;11.6
64;Bhutan;Share in total final energy consumption (%);Geothermal;Energy Balances, UN Statistics Division (2024);0;0;0;0;0;0;0;0;0;0;0;0;0;0;0;0;0;0;0;0;0;0;0;0;0;0;0;0;0;0;0;0;0
64;Bhutan;Share in total final energy consumption (%);Tide, wave and ocean;Energy Balances, UN Statistics Division (2024);0;0;0;0;0;0;0;0;0;0;0;0;0;0;0;0;0;0;0;0;0;0;0;0;0;0;0;0;0;0;0;0;0
64;Bhutan;Share in total final energy consumption (%);Wind;Energy Balances, UN Statistics Division (2024);0;0;0;0;0;0;0;0;0;0;0;0;0;0;0;0;0;0;0;0;0;0;0;0;0;0;0;0;0;0;0;0;0
64;Bhutan;Share in total final energy consumption (%);Solar;Energy Balances, UN Statistics Division (2024);0;0;0;0;0;0;0;0;0;0;0;0;0;0;0;0;0;0;0;0;0;0;0;0;0;0;0;0;0;0;0;0;0
64;Bhutan;Final consumption of renewable energy (PJ) - Heat raising;Renewables;Energy Balances, UN Statistics Division (2024);35.1;35.2;35.3;35.2;35.5;35.7;36;36.5;37.3;38;38.7;39;39.7;40.2;40.8;41.3;42.1;42.4;43;45;45.8;46.8;47.1;47.6;48.7;49.2;48.8;49.9;51.3;51.2;51;52.4;52.9
64;Bhutan;Final consumption of renewable energy (PJ) - Transport;Renewables;Energy Balances, UN Statistics Division (2024);0;0;0;0;0;0;0;0;0;0;0;0;0;0;0;0;0;0;0;0;0;0;0;0;0;0;0;0;0;0;0;0;0
64;Bhutan;Final consumption of renewable energy (PJ) - Electricity consumption;Renewables;Energy Balances, UN Statistics Division (2024);0.5;0.6;0.6;0.6;1;1;1.2;1.3;1.6;1.4;1.4;1.8;2;2;2.2;2.2;2.8;3.6;4.3;5.4;6.9;5.9;6.4;6.6;7.2;7.4;7.2;7.9;7.9;8.2;7.1;8.8;8.9
68;Bolivia (Plurinational State of);Total final energy consumption (PJ);Total;IEA (2024), World Energy Balances;90.2;93.6;93.8;101.8;106.9;115;115.1;116.7;120.4;120.8;115.9;118.8;123.7;126.5;135.9;141.6;155;171.3;180.5;190.4;202.6;216;229.5;245.8;260.4;265.5;275.8;287.2;295.2;296;257.6;297.9;324.9
68;Bolivia (Plurinational State of);Share in total final energy consumption (%);Renewables;IEA (2024), World Energy Balances;37;38.1;36.9;36.9;35.2;33.2;32.4;32;30.6;30.8;29.2;29;28.1;27;25.8;24.6;23.7;22.1;21.3;20.6;19.9;18.1;17.4;16;15;14.2;13.6;14.3;14.3;13.5;16.9;12.7;13.3
68;Bolivia (Plurinational State of);Share in total final energy consumption (%);Modern renewables;IEA (2024), World Energy Balances;10.4;12;11.6;12.4;12.5;12.7;12.2;12.8;12.8;13.8;21;21.1;21;20.5;20;19.4;19.1;18.1;17.7;17.4;16.9;15.6;15.4;14;12.8;12.4;11.9;12.7;12.8;12.4;15.3;11.8;12.3
68;Bolivia (Plurinational State of);Share in total final energy consumption (%);Municipal waste (renew);IEA (2024), World Energy Balances;0;0;0;0;0;0;0;0;0;0;0;0;0;0;0;0;0;0;0;0;0;0;0;0;0;0;0;0;0;0;0;0;0
68;Bolivia (Plurinational State of);Share in total final energy consumption (%);Liquid biofuels;IEA (2024), World Energy Balances;0;0;0;0;0;0;0;0;0;0;0;0;0;0;0;0;0;0;0;0;0;0;0;0;0;0;0;0;0;0.3;0.6;0.7;0.9
68;Bolivia (Plurinational State of);Share in total final energy consumption (%);Solid biofuels;IEA (2024), World Energy Balances;33.5;33.8;32.8;32.4;31.3;29.7;28.5;27.7;26.5;26.1;23.8;23.4;22.6;22.2;20.9;20.4;19.2;17.7;17.1;16.7;16.4;14.7;14.1;12.7;12.2;11.3;11.6;11.8;11.4;9.6;12.4;8.3;9.1
68;Bolivia (Plurinational State of);Share in total final energy consumption (%);Biogases;IEA (2024), World Energy Balances;0;0;0;0;0;0;0;0;0;0;0;0;0;0;0;0;0;0;0;0;0;0;0;0;0;0;0;0;0;0;0;0;0
68;Bolivia (Plurinational State of);Share in total final energy consumption (%);Hydro;IEA (2024), World Energy Balances;3.5;4.3;4.1;4.5;3.8;3.5;3.9;4.2;4.1;4.7;5.4;5.6;5.5;4.8;4.9;4.3;4.5;4.3;4.2;3.9;3.5;3.4;3.3;3.3;2.8;2.9;2;2.4;2.7;3.3;3.4;3.2;2.6
68;Bolivia (Plurinational State of);Share in total final energy consumption (%);Geothermal;IEA (2024), World Energy Balances;0;0;0;0;0;0;0;0;0;0;0;0;0;0;0;0;0;0;0;0;0;0;0;0;0;0;0;0;0;0;0;0;0
68;Bolivia (Plurinational State of);Share in total final energy consumption (%);Tide, wave and ocean;IEA (2024), World Energy Balances;0;0;0;0;0;0;0;0;0;0;0;0;0;0;0;0;0;0;0;0;0;0;0;0;0;0;0;0;0;0;0;0;0
68;Bolivia (Plurinational State of);Share in total final energy consumption (%);Wind;IEA (2024), World Energy Balances;0;0;0;0;0;0;0;0;0;0;0;0;0;0;0;0;0;0;0;0;0;0;0;0;0;0;0;0.1;0.1;0.1;0.1;0.1;0.4
68;Bolivia (Plurinational State of);Share in total final energy consumption (%);Solar;IEA (2024), World Energy Balances;0;0;0;0;0;0;0;0;0;0;0;0;0;0;0;0;0;0;0;0;0;0;0;0;0;0;0;0;0.1;0.2;0.4;0.4;0.3
68;Bolivia (Plurinational State of);Final consumption of renewable energy (PJ) - Heat raising;Renewables;IEA (2024), World Energy Balances;30.2;31.6;30.6;32.8;33.3;34;32.6;32.2;31.8;31.3;27.4;27.6;27.8;27.9;28.3;28.7;29.6;30.2;30.7;31.5;33;31.4;32.1;30.9;31.5;29.3;31.4;33.4;33.1;27.7;31.1;23.4;27.9
68;Bolivia (Plurinational State of);Final consumption of renewable energy (PJ) - Transport;Renewables;IEA (2024), World Energy Balances;0;0;0;0;0;0;0;0;0;0;0;0;0;0;0;0;0;0;0;0;0;0;0;0;0;0;0;0;0;0.8;1.5;2.1;2.8
68;Bolivia (Plurinational State of);Final consumption of renewable energy (PJ) - Electricity consumption;Renewables;IEA (2024), World Energy Balances;3.3;4.1;4;4.7;4.2;4.1;4.6;5.1;5.1;5.8;6.4;6.9;7;6.2;6.8;6.2;7.1;7.6;7.7;7.7;7.3;7.7;7.8;8.5;7.6;8.4;6.1;7.6;9;11.4;10.8;12.4;12.5
535;Bonaire, Sint Eustatius and Saba;Total final energy consumption (PJ);Total;Energy Balances, UN Statistics Division (2024);NaN;NaN;NaN;NaN;NaN;NaN;NaN;NaN;NaN;NaN;NaN;NaN;NaN;NaN;NaN;NaN;NaN;NaN;NaN;NaN;NaN;NaN;1.1;1.2;1.2;1.3;1.3;1.3;1.3;1.4;1.2;1.3;1.3
535;Bonaire, Sint Eustatius and Saba;Share in total final energy consumption (%);Renewables;Energy Balances, UN Statistics Division (2024);NaN;NaN;NaN;NaN;NaN;NaN;NaN;NaN;NaN;NaN;NaN;NaN;NaN;NaN;NaN;NaN;NaN;NaN;NaN;NaN;NaN;NaN;7.9;8.7;9.5;8.8;8.3;7.5;9.7;8.6;7.9;8.7;8.4
535;Bonaire, Sint Eustatius and Saba;Share in total final energy consumption (%);Modern renewables;Energy Balances, UN Statistics Division (2024);NaN;NaN;NaN;NaN;NaN;NaN;NaN;NaN;NaN;NaN;NaN;NaN;NaN;NaN;NaN;NaN;NaN;NaN;NaN;NaN;NaN;NaN;7.5;8.4;9.2;8.5;8;7.2;9.4;8.3;7.6;8.4;8.1
535;Bonaire, Sint Eustatius and Saba;Share in total final energy consumption (%);Municipal waste (renew);Energy Balances, UN Statistics Division (2024);NaN;NaN;NaN;NaN;NaN;NaN;NaN;NaN;NaN;NaN;NaN;NaN;NaN;NaN;NaN;NaN;NaN;NaN;NaN;NaN;NaN;NaN;0;0;0;0;0;0;0;0;0;0;0
535;Bonaire, Sint Eustatius and Saba;Share in total final energy consumption (%);Liquid biofuels;Energy Balances, UN Statistics Division (2024);NaN;NaN;NaN;NaN;NaN;NaN;NaN;NaN;NaN;NaN;NaN;NaN;NaN;NaN;NaN;NaN;NaN;NaN;NaN;NaN;NaN;NaN;0;0;0;0;0;0;0;0;0;0;0
535;Bonaire, Sint Eustatius and Saba;Share in total final energy consumption (%);Solid biofuels;Energy Balances, UN Statistics Division (2024);NaN;NaN;NaN;NaN;NaN;NaN;NaN;NaN;NaN;NaN;NaN;NaN;NaN;NaN;NaN;NaN;NaN;NaN;NaN;NaN;NaN;NaN;0.3;0.3;0.3;0.3;0.3;0.3;0.3;0.3;0.3;0.3;0.3
535;Bonaire, Sint Eustatius and Saba;Share in total final energy consumption (%);Biogases;Energy Balances, UN Statistics Division (2024);NaN;NaN;NaN;NaN;NaN;NaN;NaN;NaN;NaN;NaN;NaN;NaN;NaN;NaN;NaN;NaN;NaN;NaN;NaN;NaN;NaN;NaN;0;0;0;0;0;0;0;0;0;0;0
535;Bonaire, Sint Eustatius and Saba;Share in total final energy consumption (%);Hydro;Energy Balances, UN Statistics Division (2024);NaN;NaN;NaN;NaN;NaN;NaN;NaN;NaN;NaN;NaN;NaN;NaN;NaN;NaN;NaN;NaN;NaN;NaN;NaN;NaN;NaN;NaN;0;0;0;0;0;0;0;0;0;0;0
535;Bonaire, Sint Eustatius and Saba;Share in total final energy consumption (%);Geothermal;Energy Balances, UN Statistics Division (2024);NaN;NaN;NaN;NaN;NaN;NaN;NaN;NaN;NaN;NaN;NaN;NaN;NaN;NaN;NaN;NaN;NaN;NaN;NaN;NaN;NaN;NaN;0;0;0;0;0;0;0;0;0;0;0
535;Bonaire, Sint Eustatius and Saba;Share in total final energy consumption (%);Tide, wave and ocean;Energy Balances, UN Statistics Division (2024);NaN;NaN;NaN;NaN;NaN;NaN;NaN;NaN;NaN;NaN;NaN;NaN;NaN;NaN;NaN;NaN;NaN;NaN;NaN;NaN;NaN;NaN;0;0;0;0;0;0;0;0;0;0;0
535;Bonaire, Sint Eustatius and Saba;Share in total final energy consumption (%);Wind;Energy Balances, UN Statistics Division (2024);NaN;NaN;NaN;NaN;NaN;NaN;NaN;NaN;NaN;NaN;NaN;NaN;NaN;NaN;NaN;NaN;NaN;NaN;NaN;NaN;NaN;NaN;7.5;8.4;9.2;8.4;7.5;6.5;7.8;6.6;5.9;6.1;5.9
535;Bonaire, Sint Eustatius and Saba;Share in total final energy consumption (%);Solar;Energy Balances, UN Statistics Division (2024);NaN;NaN;NaN;NaN;NaN;NaN;NaN;NaN;NaN;NaN;NaN;NaN;NaN;NaN;NaN;NaN;NaN;NaN;NaN;NaN;NaN;NaN;0;0;0;0.1;0.5;0.8;1.7;1.8;1.8;2.2;2.2
535;Bonaire, Sint Eustatius and Saba;Final consumption of renewable energy (PJ) - Heat raising;Renewables;Energy Balances, UN Statistics Division (2024);NaN;NaN;NaN;NaN;NaN;NaN;NaN;NaN;NaN;NaN;NaN;NaN;NaN;NaN;NaN;NaN;NaN;NaN;NaN;NaN;NaN;NaN;0;0;0;0;0;0;0;0;0;0;0
535;Bonaire, Sint Eustatius and Saba;Final consumption of renewable energy (PJ) - Transport;Renewables;Energy Balances, UN Statistics Division (2024);NaN;NaN;NaN;NaN;NaN;NaN;NaN;NaN;NaN;NaN;NaN;NaN;NaN;NaN;NaN;NaN;NaN;NaN;NaN;NaN;NaN;NaN;0;0;0;0;0;0;0;0;0;0;0
535;Bonaire, Sint Eustatius and Saba;Final consumption of renewable energy (PJ) - Electricity consumption;Renewables;Energy Balances, UN Statistics Division (2024);NaN;NaN;NaN;NaN;NaN;NaN;NaN;NaN;NaN;NaN;NaN;NaN;NaN;NaN;NaN;NaN;NaN;NaN;NaN;NaN;NaN;NaN;0.1;0.1;0.1;0.1;0.1;0.1;0.1;0.1;0.1;0.1;0.1
70;Bosnia and Herzegovina;Total final energy consumption (PJ);Total;IEA (2024), World Energy Balances;198.4;178.1;121.4;96.5;50.7;51.9;52.2;58.7;65.4;63.2;92.1;92.4;92.3;89.4;100.1;105.7;109.8;115;135.4;120.9;127.5;131.6;127.2;122;129.9;138.8;148.3;146.4;176.2;176.1;168.4;180.2;179.5
70;Bosnia and Herzegovina;Share in total final energy consumption (%);Renewables;IEA (2024), World Energy Balances;7.3;8.8;11.6;14.6;33.4;33.2;32.9;27.6;26.7;28.4;19.4;20.3;21.2;20.1;20.1;19.7;18.1;14.8;14.3;17.4;19.6;14.2;15.3;19.5;23.6;25.2;23;18.5;35.4;36.8;37.7;36.6;37.3
70;Bosnia and Herzegovina;Share in total final energy consumption (%);Modern renewables;IEA (2024), World Energy Balances;7.3;8.8;11.6;14.6;33.4;33.2;32.9;27.6;26.7;28.4;19.4;20.3;21.2;20.1;20.1;19.7;18.1;14.8;14.3;17.4;19.6;14.2;15.3;19.5;23.6;25.2;23;18.5;35.4;36.8;37.7;36.6;37.3
70;Bosnia and Herzegovina;Share in total final energy consumption (%);Municipal waste (renew);IEA (2024), World Energy Balances;0;0;0;0;0;0;0;0;0;0;0;0;0;0;0;0;0;0;0;0;0;0;0;0;0;0;0;0;0;0;0;0;0
70;Bosnia and Herzegovina;Share in total final energy consumption (%);Liquid biofuels;IEA (2024), World Energy Balances;0;0;0;0;0;0;0;0;0;0;0;0;0;0;0;0;0;0;0;0;0;0;0;0;0;0;0;0;0;0;0;0;0
70;Bosnia and Herzegovina;Share in total final energy consumption (%);Solid biofuels;IEA (2024), World Energy Balances;3.4;3.8;5.6;7.1;13.5;12.5;12.8;11.7;10.9;11.6;8.2;8.2;8.3;8.5;7.6;7.2;6.9;6.6;5.6;6.2;5.9;5.7;5.9;6.1;12.9;15.4;14.4;11.9;27.3;28.6;31.5;28.2;30.4
70;Bosnia and Herzegovina;Share in total final energy consumption (%);Biogases;IEA (2024), World Energy Balances;0;0;0;0;0;0;0;0;0;0;0;0;0;0;0;0;0;0;0;0;0;0;0;0;0;0;0;0;0;0;0;0;0
70;Bosnia and Herzegovina;Share in total final energy consumption (%);Hydro;IEA (2024), World Energy Balances;3.9;4.9;5.9;7.5;19.9;20.7;20;15.9;15.9;16.9;11.2;12;12.9;11.6;12.5;12.5;11.2;8.2;8.7;11.2;13.7;8.5;9.4;13.4;10.8;9.8;8.5;6.5;7.9;7.9;5.8;7.9;6.1
70;Bosnia and Herzegovina;Share in total final energy consumption (%);Geothermal;IEA (2024), World Energy Balances;0;0;0;0;0;0;0;0;0;0;0;0;0;0;0;0;0;0;0;0;0;0;0;0;0;0;0;0;0;0;0;0;0
70;Bosnia and Herzegovina;Share in total final energy consumption (%);Tide, wave and ocean;IEA (2024), World Energy Balances;0;0;0;0;0;0;0;0;0;0;0;0;0;0;0;0;0;0;0;0;0;0;0;0;0;0;0;0;0;0;0;0;0
70;Bosnia and Herzegovina;Share in total final energy consumption (%);Wind;IEA (2024), World Energy Balances;0;0;0;0;0;0;0;0;0;0;0;0;0;0;0;0;0;0;0;0;0;0;0;0;0;0;0;0;0.1;0.3;0.3;0.4;0.5
70;Bosnia and Herzegovina;Share in total final energy consumption (%);Solar;IEA (2024), World Energy Balances;0;0;0;0;0;0;0;0;0;0;0;0;0;0;0;0;0;0;0;0;0;0;0;0;0;0;0;0;0;0;0.1;0.1;0.1
70;Bosnia and Herzegovina;Final consumption of renewable energy (PJ) - Heat raising;Renewables;IEA (2024), World Energy Balances;6.8;6.8;6.8;6.8;6.8;6.5;6.7;6.9;7.1;7.3;7.5;7.6;7.6;7.6;7.6;7.6;7.6;7.6;7.5;7.5;7.5;7.5;7.5;7.5;16.7;21.4;21.4;17.4;48.1;50.3;53.1;50.8;54.6
70;Bosnia and Herzegovina;Final consumption of renewable energy (PJ) - Transport;Renewables;IEA (2024), World Energy Balances;0;0;0;0;0;0;0;0;0;0;0;0;0;0;0;0;0;0;0.1;0.1;0.2;0.1;0.1;0.1;0.1;0.1;0.1;0.1;0.1;0.1;0.1;0.1;0.1
70;Bosnia and Herzegovina;Final consumption of renewable energy (PJ) - Electricity consumption;Renewables;IEA (2024), World Energy Balances;7.6;8.8;7.2;7.3;10.1;10.7;10.4;9.3;10.4;10.7;10.3;11.1;11.9;10.4;12.5;13.3;12.3;9.5;11.7;13.4;17.2;11;11.8;16.2;13.9;13.5;12.6;9.6;14.1;14.4;10.4;15.1;12.2
72;Botswana;Total final energy consumption (PJ);Total;IEA (2024), World Energy Balances;38.1;40.5;46.5;47.1;45.8;46.4;48.7;50.4;58;58.8;60.6;65.6;66.9;65.7;61.4;64.1;67.4;73.4;76.4;73.3;70.7;72.7;75.9;78.9;81.7;81.2;79.9;80.3;83.8;82.3;78.5;80.4;82.8
72;Botswana;Share in total final energy consumption (%);Renewables;IEA (2024), World Energy Balances;49;49.5;46.1;47.3;49.8;48.9;46.4;45.8;39.2;41.6;38.5;37.5;36.1;36.2;34.3;33;32;29.9;29.3;31.2;33;32.7;31.9;31.3;30.7;31.5;32.6;33.1;32.3;33.5;35.7;35.4;34.9
72;Botswana;Share in total final energy consumption (%);Modern renewables;IEA (2024), World Energy Balances;0.6;1;1.3;1.6;1.1;1.4;0;0;0;0;0;0;0;0;0;0;0;0;0;0;0;0;0;0;0;0;0.1;0.1;0.1;0.1;0.1;0.1;0.1
72;Botswana;Share in total final energy consumption (%);Municipal waste (renew);IEA (2024), World Energy Balances;0;0;0;0;0;0;0;0;0;0;0;0;0;0;0;0;0;0;0;0;0;0;0;0;0;0;0;0;0;0;0;0;0
72;Botswana;Share in total final energy consumption (%);Liquid biofuels;IEA (2024), World Energy Balances;0;0;0;0;0;0;0;0;0;0;0;0;0;0;0;0;0;0;0;0;0;0;0;0;0;0;0;0;0;0;0;0;0
72;Botswana;Share in total final energy consumption (%);Solid biofuels;IEA (2024), World Energy Balances;49;49.5;46;47.3;49.8;48.8;46.4;45.7;39.2;41.6;38.4;37.5;36.1;36.2;34.3;33;32;29.9;29.3;31.2;33;32.7;31.9;31.2;30.7;31.5;32.5;33;32.2;33.4;35.6;35.3;34.8
72;Botswana;Share in total final energy consumption (%);Biogases;IEA (2024), World Energy Balances;0;0;0;0;0;0;0;0;0;0;0;0;0;0;0;0;0;0;0;0;0;0;0;0;0;0;0;0;0;0;0;0;0
72;Botswana;Share in total final energy consumption (%);Hydro;IEA (2024), World Energy Balances;0;0;0;0;0;0;0;0;0;0;0;0;0;0;0;0;0;0;0;0;0;0;0;0;0;0;0;0;0;0;0;0;0
72;Botswana;Share in total final energy consumption (%);Geothermal;IEA (2024), World Energy Balances;0;0;0;0;0;0;0;0;0;0;0;0;0;0;0;0;0;0;0;0;0;0;0;0;0;0;0;0;0;0;0;0;0
72;Botswana;Share in total final energy consumption (%);Tide, wave and ocean;IEA (2024), World Energy Balances;0;0;0;0;0;0;0;0;0;0;0;0;0;0;0;0;0;0;0;0;0;0;0;0;0;0;0;0;0;0;0;0;0
72;Botswana;Share in total final energy consumption (%);Wind;IEA (2024), World Energy Balances;0;0;0;0;0;0;0;0;0;0;0;0;0;0;0;0;0;0;0;0;0;0;0;0;0;0;0;0;0;0;0;0;0
72;Botswana;Share in total final energy consumption (%);Solar;IEA (2024), World Energy Balances;0.1;0.1;0.1;0.1;0.1;0;0;0;0;0;0;0;0;0;0;0;0;0;0;0;0;0;0;0;0;0;0.1;0.1;0.1;0.1;0.1;0.1;0.1
72;Botswana;Final consumption of renewable energy (PJ) - Heat raising;Renewables;IEA (2024), World Energy Balances;18.7;20.1;21.4;22.3;22.8;22.7;22.6;23.1;22.7;24.5;23.3;24.6;24.2;23.8;21.1;21.2;21.5;22;22.4;22.8;23.3;23.8;24.2;24.6;25.1;25.6;26;26.6;27.1;27.6;28;28.5;28.9
72;Botswana;Final consumption of renewable energy (PJ) - Transport;Renewables;IEA (2024), World Energy Balances;0;0;0;0;0;0;0;0;0;0;0;0;0;0;0;0;0;0;0;0;0;0;0;0;0;0;0;0;0;0;0;0;0
72;Botswana;Final consumption of renewable energy (PJ) - Electricity consumption;Renewables;IEA (2024), World Energy Balances;0;0;0;0;0;0;0;0;0;0;0;0;0;0;0;0;0;0;0;0;0;0;0;0;0;0;0;0;0;0;0;0;0
76;Brazil;Total final energy consumption (PJ);Total;IEA (2024), World Energy Balances;4270;4347.2;4411.4;4536.3;4752.3;4989;5255.3;5512.1;5692;5821.4;5870.7;5877.2;6124.9;6223.2;6579.2;6693.6;6892.7;7324.8;7610.6;7434.8;8157.5;8463.3;8743.6;8939.6;9104.6;8940.9;8813.7;8972.9;8865.5;8941.6;8853.4;9215.2;9563.4
76;Brazil;Share in total final energy consumption (%);Renewables;IEA (2024), World Energy Balances;49.8;48.9;48.7;48.2;48.3;46.1;44.5;43.7;43.8;44;42.7;41.3;42.9;45.1;45.2;46.2;46.7;47.2;47;48.9;46.8;45.2;43.5;42.3;41.7;43.7;45.4;45.3;46.9;47.5;50;46.5;48.4
76;Brazil;Share in total final energy consumption (%);Modern renewables;IEA (2024), World Energy Balances;41.4;40.7;40.6;41.3;41.9;40.6;39.4;38.8;39;39.1;37.7;36.2;37.3;39.4;39.7;40.7;41.4;42.5;42.5;44.3;42.8;41.8;40.1;39.4;38.7;40.5;42.3;42.1;43.3;44;46.4;43;45
76;Brazil;Share in total final energy consumption (%);Municipal waste (renew);IEA (2024), World Energy Balances;0;0;0;0;0;0;0;0;0;0;0;0;0;0;0;0;0;0;0;0;0;0;0;0;0;0;0;0;0;0;0;0;0
76;Brazil;Share in total final energy consumption (%);Liquid biofuels;IEA (2024), World Energy Balances;5.7;5.9;5.7;5.7;5.9;5.8;5.7;5.2;5;4.9;4.2;3.8;4.2;3.9;4.1;4.4;3.9;5.1;6.6;7.4;7.2;6.3;5.8;6.6;7.2;8.6;8;8;9.4;10.3;9.6;9.1;8.8
76;Brazil;Share in total final energy consumption (%);Solid biofuels;IEA (2024), World Energy Balances;27.6;26.3;26.2;25.1;25.3;23.3;22;21.5;21.7;22.5;21.3;22.5;23.4;25.1;25.3;25.4;26.3;25.7;24.8;24.7;24.2;23;22.7;21.8;21.5;21.8;22.8;22.9;22.1;21.7;24.6;22.6;22.6
76;Brazil;Share in total final energy consumption (%);Biogases;IEA (2024), World Energy Balances;0;0;0;0;0;0;0;0;0;0;0;0;0;0;0;0;0;0;0;0;0;0;0;0;0;0;0;0;0.1;0.1;0.1;0.1;0.1
76;Brazil;Share in total final energy consumption (%);Hydro;IEA (2024), World Energy Balances;16.5;16.7;16.8;17.3;17.1;17.1;16.8;16.9;17;16.5;17.2;14.9;15.2;16;15.7;16.3;16.3;16.3;15.5;16.5;15.1;15.7;14.6;13.4;12.4;12.2;13.1;12.5;13.2;13;13.1;11.5;13.1
76;Brazil;Share in total final energy consumption (%);Geothermal;IEA (2024), World Energy Balances;0;0;0;0;0;0;0;0;0;0;0;0;0;0;0;0;0;0;0;0;0;0;0;0;0;0;0;0;0;0;0;0;0
76;Brazil;Share in total final energy consumption (%);Tide, wave and ocean;IEA (2024), World Energy Balances;0;0;0;0;0;0;0;0;0;0;0;0;0;0;0;0;0;0;0;0;0;0;0;0;0;0;0;0;0;0;0;0;0
76;Brazil;Share in total final energy consumption (%);Wind;IEA (2024), World Energy Balances;0;0;0;0;0;0;0;0;0;0;0;0;0;0;0;0;0;0;0;0.1;0.1;0.1;0.2;0.2;0.4;0.7;1.2;1.4;1.6;1.8;1.9;2.3;2.5
76;Brazil;Share in total final energy consumption (%);Solar;IEA (2024), World Energy Balances;0;0;0;0;0;0;0;0;0;0;0;0.1;0.1;0.1;0.1;0.1;0.1;0.1;0.1;0.2;0.2;0.2;0.2;0.2;0.2;0.3;0.3;0.4;0.5;0.6;0.8;1;1.4
76;Brazil;Final consumption of renewable energy (PJ) - Heat raising;Renewables;IEA (2024), World Energy Balances;1165;1128.7;1139.8;1124;1186.3;1142.6;1133.8;1162.3;1214.7;1286.5;1226.8;1298.5;1405.7;1529.5;1630.2;1663.3;1776.5;1831.8;1834.5;1781.3;1893.6;1873.6;1905.4;1858.2;1854.1;1847.6;1906.6;1957.1;1861.9;1851.1;2085.6;2000.2;2084.6
76;Brazil;Final consumption of renewable energy (PJ) - Transport;Renewables;IEA (2024), World Energy Balances;249.3;259.3;254.1;264.9;282.2;291.7;303.3;293.1;287.9;288.5;247.7;228.8;257.7;245.7;273.1;295.3;274.8;378;507.4;555.9;594;527.8;497.5;583.5;641.4;757.7;691.9;702.5;811.8;898;822.4;812.3;814.7
76;Brazil;Final consumption of renewable energy (PJ) - Electricity consumption;Renewables;IEA (2024), World Energy Balances;713.2;737.6;752.6;795.7;827.3;865.4;901;952;991;985.8;1030.7;902.3;962.4;1033.1;1070.7;1130.6;1167.7;1249;1238.5;1299.7;1330.4;1427.8;1397.5;1339.8;1304.9;1298.6;1404.9;1401.2;1482.8;1499.7;1519.1;1475.9;1730.7
92;British Virgin Islands;Total final energy consumption (PJ);Total;Energy Balances, UN Statistics Division (2024);0.6;0.6;0.7;0.7;0.7;0.7;0.9;0.9;0.9;1;1;1;1.1;1.2;1.3;1.3;1.5;1.5;1.6;1.6;1.7;1.7;1.8;1.8;1.9;1.9;1.9;1.5;1.4;1.5;1.5;1.5;1.5
92;British Virgin Islands;Share in total final energy consumption (%);Renewables;Energy Balances, UN Statistics Division (2024);1.3;1.4;1.1;1.2;1.1;1.1;0.9;1;1;0.9;0.9;0.9;0.8;0.8;0.8;0.8;0.7;0.7;0.7;0.7;0.7;0.9;0.9;0.8;0.8;0.9;1;1.3;1.5;1.4;1.5;1.6;1.6
92;British Virgin Islands;Share in total final energy consumption (%);Modern renewables;Energy Balances, UN Statistics Division (2024);0;0;0;0;0;0;0;0;0;0;0;0;0;0;0;0;0;0;0;0;0;0.2;0.2;0.2;0.2;0.3;0.4;0.6;0.6;0.5;0.7;0.8;0.8
92;British Virgin Islands;Share in total final energy consumption (%);Municipal waste (renew);Energy Balances, UN Statistics Division (2024);0;0;0;0;0;0;0;0;0;0;0;0;0;0;0;0;0;0;0;0;0;0;0;0;0;0;0;0;0;0;0;0;0
92;British Virgin Islands;Share in total final energy consumption (%);Liquid biofuels;Energy Balances, UN Statistics Division (2024);0;0;0;0;0;0;0;0;0;0;0;0;0;0;0;0;0;0;0;0;0;0;0;0;0;0;0;0;0;0;0;0;0
92;British Virgin Islands;Share in total final energy consumption (%);Solid biofuels;Energy Balances, UN Statistics Division (2024);1.3;1.4;1.1;1.2;1.1;1.1;0.9;1;1;0.9;0.9;0.9;0.8;0.8;0.8;0.8;0.7;0.7;0.7;0.7;0.7;0.7;0.7;0.6;0.6;0.6;0.6;0.8;0.9;0.8;0.8;0.8;0.9
92;British Virgin Islands;Share in total final energy consumption (%);Biogases;Energy Balances, UN Statistics Division (2024);0;0;0;0;0;0;0;0;0;0;0;0;0;0;0;0;0;0;0;0;0;0;0;0;0;0;0;0;0;0;0;0;0
92;British Virgin Islands;Share in total final energy consumption (%);Hydro;Energy Balances, UN Statistics Division (2024);0;0;0;0;0;0;0;0;0;0;0;0;0;0;0;0;0;0;0;0;0;0;0;0;0;0;0;0;0;0;0;0;0
92;British Virgin Islands;Share in total final energy consumption (%);Geothermal;Energy Balances, UN Statistics Division (2024);0;0;0;0;0;0;0;0;0;0;0;0;0;0;0;0;0;0;0;0;0;0;0;0;0;0;0;0;0;0;0;0;0
92;British Virgin Islands;Share in total final energy consumption (%);Tide, wave and ocean;Energy Balances, UN Statistics Division (2024);0;0;0;0;0;0;0;0;0;0;0;0;0;0;0;0;0;0;0;0;0;0;0;0;0;0;0;0;0;0;0;0;0
92;British Virgin Islands;Share in total final energy consumption (%);Wind;Energy Balances, UN Statistics Division (2024);0;0;0;0;0;0;0;0;0;0;0;0;0;0;0;0;0;0;0;0;0;0.2;0.2;0.2;0.2;0.2;0.2;0.3;0.3;0.2;0.3;0.4;0.4
92;British Virgin Islands;Share in total final energy consumption (%);Solar;Energy Balances, UN Statistics Division (2024);0;0;0;0;0;0;0;0;0;0;0;0;0;0;0;0;0;0;0;0;0;0;0;0;0;0.1;0.2;0.3;0.3;0.3;0.3;0.4;0.4
92;British Virgin Islands;Final consumption of renewable energy (PJ) - Heat raising;Renewables;Energy Balances, UN Statistics Division (2024);0;0;0;0;0;0;0;0;0;0;0;0;0;0;0;0;0;0;0;0;0;0;0;0;0;0;0;0;0;0;0;0;0
92;British Virgin Islands;Final consumption of renewable energy (PJ) - Transport;Renewables;Energy Balances, UN Statistics Division (2024);0;0;0;0;0;0;0;0;0;0;0;0;0;0;0;0;0;0;0;0;0;0;0;0;0;0;0;0;0;0;0;0;0
92;British Virgin Islands;Final consumption of renewable energy (PJ) - Electricity consumption;Renewables;Energy Balances, UN Statistics Division (2024);0;0;0;0;0;0;0;0;0;0;0;0;0;0;0;0;0;0;0;0;0;0;0;0;0;0;0;0;0;0;0;0;0
96;Brunei Darussalam;Total final energy consumption (PJ);Total;IEA (2024), World Energy Balances;14;14.8;16.5;17.8;19.2;21;23.1;25.4;23.9;23.1;23.1;22.4;23.4;24.6;25.4;25.3;58.3;59.7;62.9;45.4;35;37.4;39.7;38.2;38.4;38.9;36.8;38.4;39.1;40.8;43.7;42.8;42.9
96;Brunei Darussalam;Share in total final energy consumption (%);Renewables;IEA (2024), World Energy Balances;0.7;0.4;0.2;0;0;0;0;0;0;0;0;0;0;0;0;0;0;0;0;0;0;0;0;0;0;0;0;0;0;0;0;0;0
96;Brunei Darussalam;Share in total final energy consumption (%);Modern renewables;IEA (2024), World Energy Balances;0.7;0.4;0.2;0;0;0;0;0;0;0;0;0;0;0;0;0;0;0;0;0;0;0;0;0;0;0;0;0;0;0;0;0;0
96;Brunei Darussalam;Share in total final energy consumption (%);Municipal waste (renew);IEA (2024), World Energy Balances;0;0;0;0;0;0;0;0;0;0;0;0;0;0;0;0;0;0;0;0;0;0;0;0;0;0;0;0;0;0;0;0;0
96;Brunei Darussalam;Share in total final energy consumption (%);Liquid biofuels;IEA (2024), World Energy Balances;0;0;0;0;0;0;0;0;0;0;0;0;0;0;0;0;0;0;0;0;0;0;0;0;0;0;0;0;0;0;0;0;0
96;Brunei Darussalam;Share in total final energy consumption (%);Solid biofuels;IEA (2024), World Energy Balances;0.7;0.4;0.2;0;0;0;0;0;0;0;0;0;0;0;0;0;0;0;0;0;0;0;0;0;0;0;0;0;0;0;0;0;0
96;Brunei Darussalam;Share in total final energy consumption (%);Biogases;IEA (2024), World Energy Balances;0;0;0;0;0;0;0;0;0;0;0;0;0;0;0;0;0;0;0;0;0;0;0;0;0;0;0;0;0;0;0;0;0
96;Brunei Darussalam;Share in total final energy consumption (%);Hydro;IEA (2024), World Energy Balances;0;0;0;0;0;0;0;0;0;0;0;0;0;0;0;0;0;0;0;0;0;0;0;0;0;0;0;0;0;0;0;0;0
96;Brunei Darussalam;Share in total final energy consumption (%);Geothermal;IEA (2024), World Energy Balances;0;0;0;0;0;0;0;0;0;0;0;0;0;0;0;0;0;0;0;0;0;0;0;0;0;0;0;0;0;0;0;0;0
96;Brunei Darussalam;Share in total final energy consumption (%);Tide, wave and ocean;IEA (2024), World Energy Balances;0;0;0;0;0;0;0;0;0;0;0;0;0;0;0;0;0;0;0;0;0;0;0;0;0;0;0;0;0;0;0;0;0
96;Brunei Darussalam;Share in total final energy consumption (%);Wind;IEA (2024), World Energy Balances;0;0;0;0;0;0;0;0;0;0;0;0;0;0;0;0;0;0;0;0;0;0;0;0;0;0;0;0;0;0;0;0;0
96;Brunei Darussalam;Share in total final energy consumption (%);Solar;IEA (2024), World Energy Balances;0;0;0;0;0;0;0;0;0;0;0;0;0;0;0;0;0;0;0;0;0;0;0;0;0;0;0;0;0;0;0;0;0
96;Brunei Darussalam;Final consumption of renewable energy (PJ) - Heat raising;Renewables;IEA (2024), World Energy Balances;0.1;0.1;0;0;0;0;0;0;0;0;0;0;0;0;0;0;0;0;0;0;0;0;0;0;0;0;0;0;0;0;0;0;0
96;Brunei Darussalam;Final consumption of renewable energy (PJ) - Transport;Renewables;IEA (2024), World Energy Balances;0;0;0;0;0;0;0;0;0;0;0;0;0;0;0;0;0;0;0;0;0;0;0;0;0;0;0;0;0;0;0;0;0
96;Brunei Darussalam;Final consumption of renewable energy (PJ) - Electricity consumption;Renewables;IEA (2024), World Energy Balances;0;0;0;0;0;0;0;0;0;0;0;0;0;0;0;0;0;0;0;0;0;0;0;0;0;0;0;0;0;0;0;0;0
100;Bulgaria;Total final energy consumption (PJ);Total;IEA (2024), World Energy Balances;670.7;497.8;438.1;424.2;426;448.2;460.4;425.7;412.9;361.5;358.5;358.5;357.9;381.5;382;400.5;415.8;410.3;401.7;353.4;362.6;380.2;379.2;360.7;369.1;389.9;395.1;404.4;404.7;402.6;393.1;420.2;406.1
100;Bulgaria;Share in total final energy consumption (%);Renewables;IEA (2024), World Energy Balances;1.8;2.2;2.6;2.4;2.3;3;3.5;3.8;5.8;6.6;8;7.2;8.7;9.2;9.6;9.8;10;8.9;9.9;11.6;14.3;13.2;15.6;18.3;17.1;17.9;17.7;17.1;19.6;19.3;21.1;20.4;19.8
100;Bulgaria;Share in total final energy consumption (%);Modern renewables;IEA (2024), World Energy Balances;1.8;2.2;2.6;2.4;2.3;3;3.5;3.8;5.8;6.6;8;7.2;8.7;9.2;9.6;9.8;10;8.9;9.9;11.6;14.3;13.2;15.6;18.3;17.1;17.9;17.7;17.1;19.6;19.3;21.1;20.4;19.8
100;Bulgaria;Share in total final energy consumption (%);Municipal waste (renew);IEA (2024), World Energy Balances;0;0;0;0;0;0;0;0;0;0;0;0;0;0;0;0;0;0;0;0;0;0;0;0.2;0.1;0.2;0.3;0.3;0.4;0.5;0.4;0.4;0.4
100;Bulgaria;Share in total final energy consumption (%);Liquid biofuels;IEA (2024), World Energy Balances;0;0;0;0;0;0;0;0;0;0;0;0;0;0;0;0;0.1;0;0;0;0.2;0.2;0.9;1.3;1.3;1.6;1.7;1.7;1.7;1.9;1.8;1.7;1.9
100;Bulgaria;Share in total final energy consumption (%);Solid biofuels;IEA (2024), World Energy Balances;1.1;1;1.4;1.3;1.5;1.8;1.9;2.3;4.1;4.9;6.4;6.3;7.5;7.5;7.8;7.2;7.4;6.9;7.9;8.8;10.2;10.4;11.2;11.8;11;10.9;10.8;10.9;12.2;12.5;14.2;13.1;12.5
100;Bulgaria;Share in total final energy consumption (%);Biogases;IEA (2024), World Energy Balances;0;0;0;0;0;0;0;0;0;0;0;0;0;0;0;0;0;0;0;0;0;0;0;0;0.1;0.1;0.4;0.2;0.2;0.3;0.2;0.2;0.2
100;Bulgaria;Share in total final energy consumption (%);Hydro;IEA (2024), World Energy Balances;0.7;1.2;1.2;1.1;0.8;1.2;1.6;1.5;1.7;1.7;1.6;0.9;1.2;1.7;1.8;2.3;2.2;1.6;1.6;2.2;2.9;1.5;1.8;2.6;2.6;3;2.3;1.7;2.9;1.8;1.8;2.7;2.1
100;Bulgaria;Share in total final energy consumption (%);Geothermal;IEA (2024), World Energy Balances;0;0;0;0;0;0;0;0;0;0;0;0;0;0;0;0.3;0.3;0.3;0.3;0.4;0.4;0.4;0.4;0.4;0.4;0.4;0.4;0.4;0.4;0.4;0.4;0.4;0.4
100;Bulgaria;Share in total final energy consumption (%);Tide, wave and ocean;IEA (2024), World Energy Balances;0;0;0;0;0;0;0;0;0;0;0;0;0;0;0;0;0;0;0;0;0;0;0;0;0;0;0;0;0;0;0;0;0
100;Bulgaria;Share in total final energy consumption (%);Wind;IEA (2024), World Energy Balances;0;0;0;0;0;0;0;0;0;0;0;0;0;0;0;0;0;0;0.1;0.2;0.4;0.5;0.7;0.9;0.8;0.8;0.8;0.9;0.8;0.8;1;0.8;0.8
100;Bulgaria;Share in total final energy consumption (%);Solar;IEA (2024), World Energy Balances;0;0;0;0;0;0;0;0;0;0;0;0;0;0;0;0;0;0;0;0;0.1;0.2;0.6;1.1;0.9;1;1.1;1.1;1;1.1;1.2;1.1;1.5
100;Bulgaria;Final consumption of renewable energy (PJ) - Heat raising;Renewables;IEA (2024), World Energy Balances;7.2;4.8;6.3;5.6;6.5;8.2;9;9.8;17.1;17.6;22.9;22.6;26.8;28.5;29.7;30.3;32.2;29.6;32.9;32.5;38.9;41.6;44.3;45.6;43;45.2;46.7;47.6;50.7;51.6;56.6;54.4;51.4
100;Bulgaria;Final consumption of renewable energy (PJ) - Transport;Renewables;IEA (2024), World Energy Balances;0.2;0.2;0.2;0.1;0.1;0.2;0.2;0.1;0.1;0.2;0.1;0.1;0.1;0.1;0.1;0.2;0.4;0.2;0.3;0.3;0.7;0.8;3.7;4.5;4.8;6.3;7;7.1;7.1;7.8;7.5;7.5;8.2
100;Bulgaria;Final consumption of renewable energy (PJ) - Electricity consumption;Renewables;IEA (2024), World Energy Balances;4.8;5.8;4.9;4.3;3.2;5.2;7.1;6.1;6.8;6;5.5;3.3;4.3;6.3;6.7;8.9;8.9;6.5;6.7;8.3;12;7.9;11.2;15.8;15.5;18.1;16.2;14.5;21.4;18.3;18.8;23.9;20.8
854;Burkina Faso;Total final energy consumption (PJ);Total;Energy Balances, UN Statistics Division (2024);54.5;55.4;56.1;57.4;58.5;59.4;60.8;62.2;64;69.3;70.2;72.2;74.2;77.4;78.3;98;103.4;110.7;118;119.9;122;129.2;139.8;148.8;155.7;164.3;177.2;192.4;206.2;215.6;218.7;230.4;234.1
854;Burkina Faso;Share in total final energy consumption (%);Renewables;Energy Balances, UN Statistics Division (2024);86.3;86.1;86.4;86.3;86.2;86.4;85.8;85.2;84.1;83.1;83.9;81.7;81.8;80.8;82;85.4;84.9;82.9;83.5;83.3;82.1;81.4;79.2;78.7;78.9;78.8;77.1;74.6;73.7;72.7;73;70.9;70.5
854;Burkina Faso;Share in total final energy consumption (%);Modern renewables;Energy Balances, UN Statistics Division (2024);6.2;6;6.1;6.4;6.5;6.5;6.4;6.3;6.1;6.2;6.1;5.9;6.2;6.1;6.2;6.1;5.9;5.7;5.8;5.8;5.7;4.3;5.3;5.4;5.2;5.3;5.3;5.1;5.8;13.9;14;13.6;13.5
854;Burkina Faso;Share in total final energy consumption (%);Municipal waste (renew);Energy Balances, UN Statistics Division (2024);0;0;0;0;0;0;0;0;0;0;0;0;0;0;0;0;0;0;0;0;0;0;0;0;0;0;0;0;0.4;0.4;0.4;0.4;0.4
854;Burkina Faso;Share in total final energy consumption (%);Liquid biofuels;Energy Balances, UN Statistics Division (2024);0;0;0;0;0;0;0;0;0;0;0;0;0;0;0;0;0;0;0;0;0;0;0;0;0;0;0;0;0;0;0;0;0
854;Burkina Faso;Share in total final energy consumption (%);Solid biofuels;Energy Balances, UN Statistics Division (2024);86.2;86;86.3;86.1;85.8;85.9;85.4;84.9;83.7;82.5;83.5;81.4;81.5;80.4;81.5;85.1;84.6;82.6;83.1;82.9;81.6;81;78.8;78.4;78.6;78.6;76.7;74.3;72.9;71.8;72;70.1;69.7
854;Burkina Faso;Share in total final energy consumption (%);Biogases;Energy Balances, UN Statistics Division (2024);0;0;0;0;0;0;0;0;0;0;0;0;0;0;0;0;0;0;0;0;0;0;0;0;0;0;0;0;0;0;0;0;0
854;Burkina Faso;Share in total final energy consumption (%);Hydro;Energy Balances, UN Statistics Division (2024);0.1;0.1;0.1;0.3;0.4;0.5;0.4;0.3;0.4;0.6;0.4;0.3;0.3;0.4;0.5;0.4;0.3;0.4;0.4;0.4;0.5;0.3;0.3;0.3;0.3;0.2;0.3;0.3;0.3;0.3;0.3;0.3;0.2
854;Burkina Faso;Share in total final energy consumption (%);Geothermal;Energy Balances, UN Statistics Division (2024);0;0;0;0;0;0;0;0;0;0;0;0;0;0;0;0;0;0;0;0;0;0;0;0;0;0;0;0;0;0;0;0;0
854;Burkina Faso;Share in total final energy consumption (%);Tide, wave and ocean;Energy Balances, UN Statistics Division (2024);0;0;0;0;0;0;0;0;0;0;0;0;0;0;0;0;0;0;0;0;0;0;0;0;0;0;0;0;0;0;0;0;0
854;Burkina Faso;Share in total final energy consumption (%);Wind;Energy Balances, UN Statistics Division (2024);0;0;0;0;0;0;0;0;0;0;0;0;0;0;0;0;0;0;0;0;0;0;0;0;0;0;0;0;0;0;0;0;0
854;Burkina Faso;Share in total final energy consumption (%);Solar;Energy Balances, UN Statistics Division (2024);0;0;0;0;0;0;0;0;0;0;0;0;0;0;0;0;0;0;0;0;0;0;0;0;0;0;0;0;0.1;0.2;0.2;0.1;0.2
854;Burkina Faso;Final consumption of renewable energy (PJ) - Heat raising;Renewables;Energy Balances, UN Statistics Division (2024);47;47.6;48.5;49.4;50.2;51;51.9;52.8;53.6;57.2;58.6;58.7;60.5;62.2;63.8;83.3;87.5;91.4;98;99.4;99.5;104.7;110.2;116.6;122.4;129.1;135.9;143;150.3;154.7;157.5;161.4;163.1
854;Burkina Faso;Final consumption of renewable energy (PJ) - Transport;Renewables;Energy Balances, UN Statistics Division (2024);0;0;0;0;0;0;0;0;0;0;0;0;0;0;0;0;0;0;0;0;0;0;0;0;0;0;0;0;0;0;0;0;0
854;Burkina Faso;Final consumption of renewable energy (PJ) - Electricity consumption;Renewables;Energy Balances, UN Statistics Division (2024);0;0;0.1;0.1;0.2;0.3;0.2;0.2;0.2;0.4;0.3;0.2;0.2;0.3;0.4;0.4;0.3;0.4;0.5;0.5;0.6;0.5;0.5;0.5;0.4;0.4;0.6;0.6;1.7;2;2;2;1.9
108;Burundi;Total final energy consumption (PJ);Total;Energy Balances, UN Statistics Division (2024);46.6;47.3;46.7;46.6;46.3;46.1;45.8;45.7;46.1;50.7;52.5;54.8;54.8;54.2;54;54.1;54.4;54.6;54.7;54.9;55.8;56.6;56.9;54.3;53.9;54;55.1;55.7;57.3;57.8;59;56.2;57.6
108;Burundi;Share in total final energy consumption (%);Renewables;Energy Balances, UN Statistics Division (2024);94.6;93.5;94.3;94;93.9;93.7;93.5;93.4;93.3;93.7;93.2;94.7;94.6;95.8;96;96;95.3;95.3;95;94.6;93.2;92.1;91.7;90.8;91.3;91.2;89.6;88.2;85.6;84.8;83.4;82.3;80.2
108;Burundi;Share in total final energy consumption (%);Modern renewables;Energy Balances, UN Statistics Division (2024);1;1.4;1.2;1.2;1.3;1.2;1.1;1.1;2.2;1.9;1.9;1.7;1.6;1.7;1.7;1.8;1.6;2;1.8;1.7;2;2.1;2.3;2.2;2;2.1;2.2;1.7;1.7;1.6;1.9;1.6;1.7
108;Burundi;Share in total final energy consumption (%);Municipal waste (renew);Energy Balances, UN Statistics Division (2024);0;0;0;0;0;0;0;0;0;0;0;0;0;0;0;0;0;0;0;0;0;0;0;0;0;0;0;0;0;0;0;0;0
108;Burundi;Share in total final energy consumption (%);Liquid biofuels;Energy Balances, UN Statistics Division (2024);0;0;0;0;0;0;0;0;0;0;0;0;0;0;0;0;0;0;0;0;0;0;0;0;0;0;0;0;0;0;0;0;0
108;Burundi;Share in total final energy consumption (%);Solid biofuels;Energy Balances, UN Statistics Division (2024);94.1;92.8;93.7;93.3;93.3;93.1;92.9;92.7;92.4;93;92.5;93.9;93.8;95;95.2;95.1;94.5;94.3;94;93.5;92.1;91;90.5;89.6;90.2;90;88.3;87.3;84.6;83.9;82.3;81.3;79
108;Burundi;Share in total final energy consumption (%);Biogases;Energy Balances, UN Statistics Division (2024);0;0;0;0;0;0;0;0;0;0;0;0;0;0;0;0;0;0;0;0;0;0;0;0;0;0;0;0;0;0;0;0;0
108;Burundi;Share in total final energy consumption (%);Hydro;Energy Balances, UN Statistics Division (2024);0.6;0.7;0.6;0.6;0.6;0.6;0.6;0.6;0.8;0.8;0.7;0.8;0.8;0.8;0.8;0.9;0.8;1;1;1.1;1.1;1.1;1.2;1.2;1.1;1.1;1.2;0.8;0.9;0.9;1.1;0.9;1.1
108;Burundi;Share in total final energy consumption (%);Geothermal;Energy Balances, UN Statistics Division (2024);0;0;0;0;0;0;0;0;0;0;0;0;0;0;0;0;0;0;0;0;0;0;0;0;0;0;0;0;0;0;0;0;0
108;Burundi;Share in total final energy consumption (%);Tide, wave and ocean;Energy Balances, UN Statistics Division (2024);0;0;0;0;0;0;0;0;0;0;0;0;0;0;0;0;0;0;0;0;0;0;0;0;0;0;0;0;0;0;0;0;0
108;Burundi;Share in total final energy consumption (%);Wind;Energy Balances, UN Statistics Division (2024);0;0;0;0;0;0;0;0;0;0;0;0;0;0;0;0;0;0;0;0;0;0;0;0;0;0;0;0;0;0;0;0;0
108;Burundi;Share in total final energy consumption (%);Solar;Energy Balances, UN Statistics Division (2024);0;0;0;0;0;0;0;0;0;0;0;0;0;0;0;0;0;0;0;0;0;0;0;0;0;0;0.1;0.1;0.1;0.1;0.1;0.1;0.1
108;Burundi;Final consumption of renewable energy (PJ) - Heat raising;Renewables;Energy Balances, UN Statistics Division (2024);43.8;43.9;43.7;43.5;43.2;42.9;42.5;42.4;42.6;47.1;48.6;51.4;51.4;51.5;51.5;51.4;51.4;51.5;51.4;51.3;51.4;51.5;51.5;48.6;48.5;48.6;48.6;48.6;48.5;48.5;48.5;45.6;45.4
108;Burundi;Final consumption of renewable energy (PJ) - Transport;Renewables;Energy Balances, UN Statistics Division (2024);0;0;0;0;0;0;0;0;0;0;0;0;0;0;0;0;0;0;0;0;0;0;0;0;0;0;0;0;0;0;0;0;0
108;Burundi;Final consumption of renewable energy (PJ) - Electricity consumption;Renewables;Energy Balances, UN Statistics Division (2024);0.3;0.3;0.3;0.3;0.3;0.3;0.3;0.3;0.4;0.4;0.4;0.4;0.4;0.4;0.4;0.5;0.4;0.6;0.5;0.6;0.6;0.6;0.7;0.7;0.6;0.7;0.7;0.5;0.6;0.6;0.7;0.6;0.8
132;Cabo Verde;Total final energy consumption (PJ);Total;Energy Balances, UN Statistics Division (2024);2.8;2.6;2.8;2.7;2.8;3.2;3.5;3.6;3.9;4.5;4.8;5.1;5.3;5.6;5.7;5.9;6.6;6.5;5.8;6.2;6.4;6.8;6.7;6.5;6.4;6.3;6.9;7.1;7.3;7.9;6.4;7.3;7.2
132;Cabo Verde;Share in total final energy consumption (%);Renewables;Energy Balances, UN Statistics Division (2024);21.1;26.3;26.3;30.4;32.4;30.8;30.2;30.5;30;26.9;27.9;26;26;24.8;24.4;23.9;21.2;21;23.8;22.1;21.2;20.8;24.3;25.9;26.1;26.3;23.9;22.6;22.9;20.6;24.4;21.9;22.2
132;Cabo Verde;Share in total final energy consumption (%);Modern renewables;Energy Balances, UN Statistics Division (2024);0;0;0;0.2;0.5;0.6;0.6;0.6;0.6;0.5;0.5;0.3;0.3;0.3;0.3;0.3;0.3;0.3;0.2;0.2;0.4;0.9;2.6;3.7;3.1;3.7;3.4;3.3;4.1;3.6;3.6;3.6;4
132;Cabo Verde;Share in total final energy consumption (%);Municipal waste (renew);Energy Balances, UN Statistics Division (2024);0;0;0;0;0;0;0;0;0;0;0;0;0;0;0;0;0;0;0;0;0;0;0;0;0;0;0;0;0;0;0;0;0
132;Cabo Verde;Share in total final energy consumption (%);Liquid biofuels;Energy Balances, UN Statistics Division (2024);0;0;0;0;0;0;0;0;0;0;0;0;0;0;0;0;0;0;0;0;0;0;0;0;0;0;0;0;0;0;0;0;0
132;Cabo Verde;Share in total final energy consumption (%);Solid biofuels;Energy Balances, UN Statistics Division (2024);21.1;26.3;26.3;30.2;31.9;30.3;29.6;29.9;29.5;26.4;27.4;25.6;25.7;24.6;24.1;23.6;20.9;20.8;23.6;21.9;21.1;19.8;21.6;22.6;23.2;22.9;20.8;19.5;19;17.2;21;18.5;18.4
132;Cabo Verde;Share in total final energy consumption (%);Biogases;Energy Balances, UN Statistics Division (2024);0;0;0;0;0;0;0;0;0;0;0;0;0;0;0;0;0;0;0;0;0;0;0;0;0;0;0;0;0;0;0;0;0
132;Cabo Verde;Share in total final energy consumption (%);Hydro;Energy Balances, UN Statistics Division (2024);0;0;0;0;0;0;0;0;0;0;0;0;0;0;0;0;0;0;0;0;0;0;0;0;0;0;0;0;0;0;0;0;0
132;Cabo Verde;Share in total final energy consumption (%);Geothermal;Energy Balances, UN Statistics Division (2024);0;0;0;0;0;0;0;0;0;0;0;0;0;0;0;0;0;0;0;0;0;0;0;0;0;0;0;0;0;0;0;0;0
132;Cabo Verde;Share in total final energy consumption (%);Tide, wave and ocean;Energy Balances, UN Statistics Division (2024);0;0;0;0;0;0;0;0;0;0;0;0;0;0;0;0;0;0;0;0;0;0;0;0;0;0;0;0;0;0;0;0;0
132;Cabo Verde;Share in total final energy consumption (%);Wind;Energy Balances, UN Statistics Division (2024);0;0;0;0.2;0.5;0.6;0.6;0.6;0.6;0.5;0.5;0.3;0.3;0.3;0.3;0.3;0.3;0.3;0.2;0.2;0.1;0.6;2.3;3;2.7;3.2;2.9;2.9;3.3;2.8;2.8;2.8;3
132;Cabo Verde;Share in total final energy consumption (%);Solar;Energy Balances, UN Statistics Division (2024);0;0;0;0;0;0;0;0;0;0;0;0;0;0;0;0;0;0;0;0;0.1;0.3;0.3;0.3;0.2;0.3;0.2;0.2;0.5;0.6;0.6;0.5;0.8
132;Cabo Verde;Final consumption of renewable energy (PJ) - Heat raising;Renewables;Energy Balances, UN Statistics Division (2024);0.6;0.7;0.7;0.8;0.9;1;1;1.1;1.1;1.2;1.3;1.3;1.4;1.4;1.4;1.4;1.4;1.4;1.4;1.4;1.4;1.4;1.4;1.5;1.5;1.4;1.4;1.4;1.4;1.4;1.4;1.4;1.3
132;Cabo Verde;Final consumption of renewable energy (PJ) - Transport;Renewables;Energy Balances, UN Statistics Division (2024);0;0;0;0;0;0;0;0;0;0;0;0;0;0;0;0;0;0;0;0;0;0;0;0;0;0;0;0;0;0;0;0;0
132;Cabo Verde;Final consumption of renewable energy (PJ) - Electricity consumption;Renewables;Energy Balances, UN Statistics Division (2024);0;0;0;0;0;0;0;0;0;0;0;0;0;0;0;0;0;0;0;0;0;0.1;0.2;0.2;0.2;0.2;0.2;0.2;0.3;0.3;0.2;0.2;0.3
116;Cambodia;Total final energy consumption (PJ);Total;IEA (2024), World Energy Balances;NaN;NaN;NaN;NaN;NaN;106.2;109.1;112.3;121.6;123.8;126.1;129.9;128.9;132.4;135;139.2;142.7;150.3;153.2;165;174.3;178.6;187.1;193.8;204.1;214.5;231;240.1;249.5;275.2;295.5;301;309.2
116;Cambodia;Share in total final energy consumption (%);Renewables;IEA (2024), World Energy Balances;NaN;NaN;NaN;NaN;NaN;82.5;82.5;82.2;81.3;81.5;81.6;80.5;81;79.9;80.7;79.2;78;74.8;74.1;68;64.8;64;64.4;65;63.8;60.1;57.2;55.4;57;51.8;46.6;46.3;46.5
116;Cambodia;Share in total final energy consumption (%);Modern renewables;IEA (2024), World Energy Balances;NaN;NaN;NaN;NaN;NaN;16.9;16.7;16.6;19.3;19.3;19.3;19.2;18.3;18.2;19.7;19.5;19.4;18.8;18.8;16.6;16;16.1;18.5;20.6;21.6;21.5;22.2;22.5;26.6;25.4;23.6;25.3;27.6
116;Cambodia;Share in total final energy consumption (%);Municipal waste (renew);IEA (2024), World Energy Balances;NaN;NaN;NaN;NaN;NaN;0;0;0;0;0;0;0;0;0;0;0;0;0;0;0;0;0;0;0;0;0;0;0;0;0;0;0;0
116;Cambodia;Share in total final energy consumption (%);Liquid biofuels;IEA (2024), World Energy Balances;NaN;NaN;NaN;NaN;NaN;0;0;0;0;0;0;0;0;0;0;0;0;0;0;0;0;0;0;0;0;0;0;0;0;0;0;0;0
116;Cambodia;Share in total final energy consumption (%);Solid biofuels;IEA (2024), World Energy Balances;NaN;NaN;NaN;NaN;NaN;82.5;82.5;82.2;81.3;81.5;81.6;80.5;80.9;79.8;80.6;79.1;77.9;74.7;74;67.9;64.7;63.7;62.1;61.2;59.5;56.2;52.8;51.3;49.7;45.3;40;38.1;36.4
116;Cambodia;Share in total final energy consumption (%);Biogases;IEA (2024), World Energy Balances;NaN;NaN;NaN;NaN;NaN;0;0;0;0;0;0;0;0;0;0;0;0;0;0;0;0;0;0;0;0;0;0;0;0;0;0;0;0
116;Cambodia;Share in total final energy consumption (%);Hydro;IEA (2024), World Energy Balances;NaN;NaN;NaN;NaN;NaN;0;0;0;0;0;0;0;0.1;0.1;0.1;0.1;0.1;0.1;0.1;0.1;0.2;0.3;2.3;3.8;4.3;3.9;4.5;4.1;7.3;6.4;6.1;7.3;9
116;Cambodia;Share in total final energy consumption (%);Geothermal;IEA (2024), World Energy Balances;NaN;NaN;NaN;NaN;NaN;0;0;0;0;0;0;0;0;0;0;0;0;0;0;0;0;0;0;0;0;0;0;0;0;0;0;0;0
116;Cambodia;Share in total final energy consumption (%);Tide, wave and ocean;IEA (2024), World Energy Balances;NaN;NaN;NaN;NaN;NaN;0;0;0;0;0;0;0;0;0;0;0;0;0;0;0;0;0;0;0;0;0;0;0;0;0;0;0;0
116;Cambodia;Share in total final energy consumption (%);Wind;IEA (2024), World Energy Balances;NaN;NaN;NaN;NaN;NaN;0;0;0;0;0;0;0;0;0;0;0;0;0;0;0;0;0;0;0;0;0;0;0;0;0;0;0;0
116;Cambodia;Share in total final energy consumption (%);Solar;IEA (2024), World Energy Balances;NaN;NaN;NaN;NaN;NaN;0;0;0;0;0;0;0;0;0;0;0;0;0;0;0;0;0;0;0;0;0;0;0;0;0.1;0.5;0.9;1.1
116;Cambodia;Final consumption of renewable energy (PJ) - Heat raising;Renewables;IEA (2024), World Energy Balances;NaN;NaN;NaN;NaN;NaN;87.6;90;92.3;98.9;101;102.9;104.6;104.3;105.6;108.8;110.1;111.1;112.2;113.3;111.9;112.6;113.6;116;118.6;121.4;120.4;121.7;122.9;123.7;124.2;118;114.6;112.6
116;Cambodia;Final consumption of renewable energy (PJ) - Transport;Renewables;IEA (2024), World Energy Balances;NaN;NaN;NaN;NaN;NaN;0;0;0;0;0;0;0;0;0;0;0;0;0;0;0;0;0;0;0;0;0;0;0;0;0;0;0;0
116;Cambodia;Final consumption of renewable energy (PJ) - Electricity consumption;Renewables;IEA (2024), World Energy Balances;NaN;NaN;NaN;NaN;NaN;0;0;0;0;0;0;0;0.1;0.1;0.1;0.2;0.2;0.2;0.2;0.3;0.4;0.7;4.4;7.4;8.8;8.5;10.5;10.1;18.5;18.4;19.8;24.7;31.3
120;Cameroon;Total final energy consumption (PJ);Total;IEA (2024), World Energy Balances;197.2;198.4;200.7;207.6;214.4;218;223.3;231;237.5;239.1;249;251.6;266.1;274;282.4;286.9;253.5;223.2;229.2;241.8;244.4;255;266.7;278.7;291.4;297.6;304.5;312.2;322.6;330.8;338.3;349.7;360.1
120;Cameroon;Share in total final energy consumption (%);Renewables;IEA (2024), World Energy Balances;81.6;83.2;84.4;83.9;83.6;84.5;84.9;84.7;84.5;86.2;84.6;85.3;85.3;85.3;85.5;86.3;85.5;80.8;80.8;79.2;78.7;78.6;78.6;77.7;76.9;78.1;78.8;79.2;78.6;78.9;78.9;79.4;79.6
120;Cameroon;Share in total final energy consumption (%);Modern renewables;IEA (2024), World Energy Balances;18;18;18.3;18.2;17.7;17.3;17.5;17.6;17.4;17.9;17.5;17.5;8.9;9.1;9.6;9.5;11.8;12.4;12.8;12.2;12.5;14;15.6;16.4;17.2;18.8;19.2;19.4;19.1;19.2;18.9;19.8;20.2
120;Cameroon;Share in total final energy consumption (%);Municipal waste (renew);IEA (2024), World Energy Balances;0;0;0;0;0;0;0;0;0;0;0;0;0;0;0;0;0;0;0;0;0;0;0;0;0;0;0;0;0;0;0;0;0
120;Cameroon;Share in total final energy consumption (%);Liquid biofuels;IEA (2024), World Energy Balances;0;0;0;0;0;0;0;0;0;0;0;0;0;0;0;0;0;0;0;0;0;0;0;0;0;0;0;0;0;0;0;0;0
120;Cameroon;Share in total final energy consumption (%);Solid biofuels;IEA (2024), World Energy Balances;77.4;79;80.3;79.7;79.9;80.9;81.3;80.8;80.7;82.2;80.7;81.6;81.9;81.8;81.5;82.4;80.9;75.8;75.4;74.4;73.6;73.6;73.4;73.1;72.6;74;74.5;74.7;74.3;74.5;74.9;74.4;74.1
120;Cameroon;Share in total final energy consumption (%);Biogases;IEA (2024), World Energy Balances;0;0;0;0;0;0;0;0;0;0;0;0;0;0;0;0;0;0;0;0;0;0;0;0;0;0;0;0;0;0;0;0;0
120;Cameroon;Share in total final energy consumption (%);Hydro;IEA (2024), World Energy Balances;4.2;4.2;4.2;4.2;3.7;3.6;3.7;3.9;3.8;4;3.9;3.7;3.3;3.5;4;3.9;4.6;5;5.5;4.8;5.2;5;5.2;4.6;4.3;4;4.3;4.5;4.3;4.4;4;5;5.4
120;Cameroon;Share in total final energy consumption (%);Geothermal;IEA (2024), World Energy Balances;0;0;0;0;0;0;0;0;0;0;0;0;0;0;0;0;0;0;0;0;0;0;0;0;0;0;0;0;0;0;0;0;0
120;Cameroon;Share in total final energy consumption (%);Tide, wave and ocean;IEA (2024), World Energy Balances;0;0;0;0;0;0;0;0;0;0;0;0;0;0;0;0;0;0;0;0;0;0;0;0;0;0;0;0;0;0;0;0;0
120;Cameroon;Share in total final energy consumption (%);Wind;IEA (2024), World Energy Balances;0;0;0;0;0;0;0;0;0;0;0;0;0;0;0;0;0;0;0;0;0;0;0;0;0;0;0;0;0;0;0;0;0
120;Cameroon;Share in total final energy consumption (%);Solar;IEA (2024), World Energy Balances;0;0;0;0;0;0;0;0;0;0;0;0;0;0;0;0;0;0;0;0;0;0;0;0;0;0;0;0;0;0;0;0;0
120;Cameroon;Final consumption of renewable energy (PJ) - Heat raising;Renewables;IEA (2024), World Energy Balances;152.6;156.8;161.1;165.5;171.4;176.4;181.5;186.7;191.7;196.6;200.9;205.3;218.1;224;230.2;236.4;203.2;169;172.5;179.7;179.6;187.6;195.4;203.4;211.4;220.2;226.8;233.2;239.7;246.5;253.2;260;266.8
120;Cameroon;Final consumption of renewable energy (PJ) - Transport;Renewables;IEA (2024), World Energy Balances;0;0;0;0;0;0;0;0;0;0;0;0;0;0;0;0;0;0;0;0;0;0;0;0;0;0;0;0;0;0;0;0;0
120;Cameroon;Final consumption of renewable energy (PJ) - Electricity consumption;Renewables;IEA (2024), World Energy Balances;8.3;8.3;8.4;8.8;7.9;7.8;8.2;9;9;9.5;9.7;9.3;8.8;9.7;11.4;11.2;13.5;11.4;12.7;11.9;12.8;12.9;14.1;13;12.6;12.1;13.2;14.2;14;14.6;13.9;17.6;19.6
124;Canada;Total final energy consumption (PJ);Total;IEA (2024), World Energy Balances;6005.1;5939.2;6033.7;6149.6;6386.9;6521.7;6717.7;6754.4;6635.6;6815;6761.6;6527.2;6911;7107.9;7097.9;7029.3;6830.1;7065.1;6978.9;6696.7;6764;6991.8;6900.9;7107.1;7216.1;7107.6;7113.6;7361.4;7597.3;7520.9;6849.6;7002.6;7261.2
124;Canada;Share in total final energy consumption (%);Renewables;IEA (2024), World Energy Balances;22.6;22.7;22.4;22.3;22.2;22.4;22.1;21.8;22;22.2;20.3;19.8;20.1;19.7;20.4;21.6;21.5;21.6;21.6;22.2;21.4;21.5;21.8;22.2;22.2;22.3;22.1;22.8;22.3;22.4;23.8;24.1;24.2
124;Canada;Share in total final energy consumption (%);Modern renewables;IEA (2024), World Energy Balances;22.6;22.7;22.4;22.3;22.2;22.4;22.1;21.8;22;22.2;20.3;19.8;20.1;19.7;20.4;21.6;21.5;21.6;21.6;22.2;21.4;21.5;21.8;22.2;22.2;22.3;22.1;22.8;22.3;22.4;23.8;24.1;24.2
124;Canada;Share in total final energy consumption (%);Municipal waste (renew);IEA (2024), World Energy Balances;0.1;0.1;0.1;0.1;0.1;0.1;0.1;0.1;0.1;0.1;0.1;0.1;0.1;0;0;0.1;0.1;0.1;0.1;0.1;0;0;0;0;0;0;0.1;0.1;0;0;0;0;0
124;Canada;Share in total final energy consumption (%);Liquid biofuels;IEA (2024), World Energy Balances;0;0;0;0;0;0;0;0;0.1;0.1;0.1;0.1;0.1;0.1;0.1;0.1;0.1;0.4;0.5;0.6;0.7;1;1.1;1.1;1.2;1.1;1.1;1.2;1.2;1.2;1.2;1.3;1.4
124;Canada;Share in total final energy consumption (%);Solid biofuels;IEA (2024), World Energy Balances;7.1;7.1;7;6.9;7.5;7.6;6.9;6.8;7.2;7.3;6.5;6.1;6.2;6.2;6.9;6.7;6.6;6.3;5.9;5.8;5.3;5.1;5;5.3;5.4;5.1;4.9;5.1;4.9;4.8;4.7;4.8;4.6
124;Canada;Share in total final energy consumption (%);Biogases;IEA (2024), World Energy Balances;0;0;0;0;0;0;0;0;0;0;0;0;0;0;0;0;0;0.1;0.1;0.1;0.1;0.1;0.1;0.1;0.1;0.1;0.1;0.1;0.1;0.1;0.1;0.1;0.1
124;Canada;Share in total final energy consumption (%);Hydro;IEA (2024), World Energy Balances;15.4;15.5;15.3;15.3;14.6;14.8;15;14.9;14.6;14.7;13.6;13.5;13.7;13.4;13.3;14.6;14.6;14.6;14.9;15.4;14.8;14.9;15.1;14.9;14.5;14.7;14.6;15;14.7;14.8;16.2;16.1;16.2
124;Canada;Share in total final energy consumption (%);Geothermal;IEA (2024), World Energy Balances;0;0;0;0;0;0;0;0;0;0;0;0;0;0;0;0;0;0;0;0;0;0;0;0;0;0;0;0;0;0;0;0;0
124;Canada;Share in total final energy consumption (%);Tide, wave and ocean;IEA (2024), World Energy Balances;0;0;0;0;0;0;0;0;0;0;0;0;0;0;0;0;0;0;0;0;0;0;0;0;0;0;0;0;0;0;0;0;0
124;Canada;Share in total final energy consumption (%);Wind;IEA (2024), World Energy Balances;0;0;0;0;0;0;0;0;0;0;0;0;0;0;0;0.1;0.1;0.1;0.1;0.3;0.4;0.4;0.4;0.7;0.9;1;1.2;1.2;1.3;1.3;1.5;1.5;1.5
124;Canada;Share in total final energy consumption (%);Solar;IEA (2024), World Energy Balances;0;0;0;0;0;0;0;0;0;0;0;0;0;0;0;0;0;0;0;0;0;0;0.1;0.1;0.1;0.1;0.1;0.2;0.2;0.2;0.2;0.2;0.3
124;Canada;Final consumption of renewable energy (PJ) - Heat raising;Renewables;IEA (2024), World Energy Balances;417.4;416.7;414.5;412;464.2;481.4;451.5;442.9;464;481.8;423.7;379;408.2;417.2;469.4;454.6;433;433;399.1;376.8;344.5;339.3;329.5;359.6;376.2;351.7;333.5;355.7;352.1;341.1;302.8;318.8;321.7
124;Canada;Final consumption of renewable energy (PJ) - Transport;Renewables;IEA (2024), World Energy Balances;7.3;6.9;7.6;8.1;8;8.5;8.7;9.6;15.8;16.2;15.4;14.6;14.5;14.8;15;16.7;17;39.3;42.3;46.4;57.8;76.7;82.4;92.5;97.1;92.6;95.2;108.5;109.1;105.3;99;108.7;124.5
124;Canada;Final consumption of renewable energy (PJ) - Electricity consumption;Renewables;IEA (2024), World Energy Balances;931.9;926.6;932;951.9;943.7;973.1;1021.5;1021;980.9;1015.7;930.6;900.1;967.2;971;961.6;1043.6;1015.1;1051.8;1062.8;1063.4;1045.2;1085.7;1092.8;1127.2;1127.5;1139.9;1141.7;1216.2;1234.1;1234.8;1231.3;1257.9;1311.5
136;Cayman Islands;Total final energy consumption (PJ);Total;Energy Balances, UN Statistics Division (2024);2;2.2;2.4;2.5;2.6;2.6;2.6;2.8;3;3.1;3.2;3.3;3.5;3.6;3.4;3.6;3.9;4.5;4.8;4.6;4.5;4.8;4.5;4.6;4.6;4.7;4.8;5;5.3;5.8;5.1;5.3;5.6
136;Cayman Islands;Share in total final energy consumption (%);Renewables;Energy Balances, UN Statistics Division (2024);0;0;0;0;0;0;0;0;0;0;0;0;0;0;0;0;0;0;0;0;0;0;0;0;0;0;0;0;0;0;0;0;0
136;Cayman Islands;Share in total final energy consumption (%);Modern renewables;Energy Balances, UN Statistics Division (2024);0;0;0;0;0;0;0;0;0;0;0;0;0;0;0;0;0;0;0;0;0;0;0;0;0;0;0;0;0;0;0;0;0
136;Cayman Islands;Share in total final energy consumption (%);Municipal waste (renew);Energy Balances, UN Statistics Division (2024);0;0;0;0;0;0;0;0;0;0;0;0;0;0;0;0;0;0;0;0;0;0;0;0;0;0;0;0;0;0;0;0;0
136;Cayman Islands;Share in total final energy consumption (%);Liquid biofuels;Energy Balances, UN Statistics Division (2024);0;0;0;0;0;0;0;0;0;0;0;0;0;0;0;0;0;0;0;0;0;0;0;0;0;0;0;0;0;0;0;0;0
136;Cayman Islands;Share in total final energy consumption (%);Solid biofuels;Energy Balances, UN Statistics Division (2024);0;0;0;0;0;0;0;0;0;0;0;0;0;0;0;0;0;0;0;0;0;0;0;0;0;0;0;0;0;0;0;0;0
136;Cayman Islands;Share in total final energy consumption (%);Biogases;Energy Balances, UN Statistics Division (2024);0;0;0;0;0;0;0;0;0;0;0;0;0;0;0;0;0;0;0;0;0;0;0;0;0;0;0;0;0;0;0;0;0
136;Cayman Islands;Share in total final energy consumption (%);Hydro;Energy Balances, UN Statistics Division (2024);0;0;0;0;0;0;0;0;0;0;0;0;0;0;0;0;0;0;0;0;0;0;0;0;0;0;0;0;0;0;0;0;0
136;Cayman Islands;Share in total final energy consumption (%);Geothermal;Energy Balances, UN Statistics Division (2024);0;0;0;0;0;0;0;0;0;0;0;0;0;0;0;0;0;0;0;0;0;0;0;0;0;0;0;0;0;0;0;0;0
136;Cayman Islands;Share in total final energy consumption (%);Tide, wave and ocean;Energy Balances, UN Statistics Division (2024);0;0;0;0;0;0;0;0;0;0;0;0;0;0;0;0;0;0;0;0;0;0;0;0;0;0;0;0;0;0;0;0;0
136;Cayman Islands;Share in total final energy consumption (%);Wind;Energy Balances, UN Statistics Division (2024);0;0;0;0;0;0;0;0;0;0;0;0;0;0;0;0;0;0;0;0;0;0;0;0;0;0;0;0;0;0;0;0;0
136;Cayman Islands;Share in total final energy consumption (%);Solar;Energy Balances, UN Statistics Division (2024);0;0;0;0;0;0;0;0;0;0;0;0;0;0;0;0;0;0;0;0;0;0;0;0;0;0;0;0;0;0;0;0;0
136;Cayman Islands;Final consumption of renewable energy (PJ) - Heat raising;Renewables;Energy Balances, UN Statistics Division (2024);0;0;0;0;0;0;0;0;0;0;0;0;0;0;0;0;0;0;0;0;0;0;0;0;0;0;0;0;0;0;0;0;0
136;Cayman Islands;Final consumption of renewable energy (PJ) - Transport;Renewables;Energy Balances, UN Statistics Division (2024);0;0;0;0;0;0;0;0;0;0;0;0;0;0;0;0;0;0;0;0;0;0;0;0;0;0;0;0;0;0;0;0;0
136;Cayman Islands;Final consumption of renewable energy (PJ) - Electricity consumption;Renewables;Energy Balances, UN Statistics Division (2024);0;0;0;0;0;0;0;0;0;0;0;0;0;0;0;0;0;0;0;0;0;0;0;0;0;0;0;0;0;0;0;0;0
140;Central African Republic;Total final energy consumption (PJ);Total;Energy Balances, UN Statistics Division (2024);30.4;30.4;32.3;32.4;30.2;30.3;25.9;26.5;26.8;27.9;27.6;28.5;28.8;28.7;30.2;31;31.8;32.8;33.4;34.3;35.2;34.2;34.4;34.1;35.3;36.9;38.4;39.2;39.9;42.2;43.5;47.8;48.3
140;Central African Republic;Share in total final energy consumption (%);Renewables;Energy Balances, UN Statistics Division (2024);92.5;92.8;92.8;92.5;91.6;91.4;89.8;89.9;89;89;93.7;92.9;94.3;94.4;94.1;94.2;93.9;93.3;93.7;93.6;93.2;93.6;92.4;95.7;94.7;92.5;91.4;89.7;90.4;89.5;89.1;89.2;89
140;Central African Republic;Share in total final energy consumption (%);Modern renewables;Energy Balances, UN Statistics Division (2024);0.9;0.9;0.8;0.8;0.9;0.9;4.8;5.3;5.2;3.3;4.5;4.5;4.4;4.5;4.5;4.5;4.4;4.4;4.4;4.4;4.4;4.5;4.5;5;4.7;4.7;4.5;4.5;11.6;4.4;4.5;4.4;4.6
140;Central African Republic;Share in total final energy consumption (%);Municipal waste (renew);Energy Balances, UN Statistics Division (2024);0;0;0;0;0;0;0;0;0;0;0;0;0;0;0;0;0;0;0;0;0;0;0;0;0;0;0;0;0;0;0;0;0
140;Central African Republic;Share in total final energy consumption (%);Liquid biofuels;Energy Balances, UN Statistics Division (2024);0;0;0;0;0;0;0;0;0;0;0;0;0;0;0;0;0;0;0;0;0;0;0;0;0;0;0;0;0;0;0;0;0
140;Central African Republic;Share in total final energy consumption (%);Solid biofuels;Energy Balances, UN Statistics Division (2024);91.7;91.9;92;91.7;90.7;90.5;88.7;88.8;88;87.9;92.9;92.1;93.5;93.6;93.3;93.3;93.1;92.6;93;92.9;92.4;92.9;91.6;94.6;93.9;91.7;90.6;88.9;89.6;88.7;88.3;88.4;88.2
140;Central African Republic;Share in total final energy consumption (%);Biogases;Energy Balances, UN Statistics Division (2024);0;0;0;0;0;0;0;0;0;0;0;0;0;0;0;0;0;0;0;0;0;0;0;0;0;0;0;0;0;0;0;0;0
140;Central African Republic;Share in total final energy consumption (%);Hydro;Energy Balances, UN Statistics Division (2024);0.9;0.9;0.8;0.8;0.9;0.9;1.1;1.1;1;1;0.8;0.8;0.7;0.9;0.8;0.9;0.7;0.7;0.7;0.8;0.8;0.8;0.8;1.1;0.8;0.8;0.8;0.8;0.8;0.8;0.8;0.7;0.7
140;Central African Republic;Share in total final energy consumption (%);Geothermal;Energy Balances, UN Statistics Division (2024);0;0;0;0;0;0;0;0;0;0;0;0;0;0;0;0;0;0;0;0;0;0;0;0;0;0;0;0;0;0;0;0;0
140;Central African Republic;Share in total final energy consumption (%);Tide, wave and ocean;Energy Balances, UN Statistics Division (2024);0;0;0;0;0;0;0;0;0;0;0;0;0;0;0;0;0;0;0;0;0;0;0;0;0;0;0;0;0;0;0;0;0
140;Central African Republic;Share in total final energy consumption (%);Wind;Energy Balances, UN Statistics Division (2024);0;0;0;0;0;0;0;0;0;0;0;0;0;0;0;0;0;0;0;0;0;0;0;0;0;0;0;0;0;0;0;0;0
140;Central African Republic;Share in total final energy consumption (%);Solar;Energy Balances, UN Statistics Division (2024);0;0;0;0;0;0;0;0;0;0;0;0;0;0;0;0;0;0;0;0;0;0;0;0;0;0;0;0;0;0;0;0;0
140;Central African Republic;Final consumption of renewable energy (PJ) - Heat raising;Renewables;Energy Balances, UN Statistics Division (2024);27.9;27.9;29.7;29.7;27.4;27.4;23;23.6;23.6;24.5;25.6;26.2;26.9;26.9;28.2;28.9;29.6;30.3;31;31.8;32.5;31.7;31.5;32.3;33.1;33.9;34.8;34.8;35.7;37.5;38.4;42.3;42.6
140;Central African Republic;Final consumption of renewable energy (PJ) - Transport;Renewables;Energy Balances, UN Statistics Division (2024);0;0;0;0;0;0;0;0;0;0;0;0;0;0;0;0;0;0;0;0;0;0;0;0;0;0;0;0;0;0;0;0;0
140;Central African Republic;Final consumption of renewable energy (PJ) - Electricity consumption;Renewables;Energy Balances, UN Statistics Division (2024);0.3;0.3;0.3;0.3;0.3;0.3;0.3;0.3;0.3;0.3;0.2;0.2;0.2;0.2;0.2;0.3;0.2;0.2;0.2;0.3;0.3;0.3;0.3;0.4;0.3;0.3;0.3;0.3;0.3;0.3;0.4;0.4;0.4
148;Chad;Total final energy consumption (PJ);Total;Energy Balances, UN Statistics Division (2024);41.3;42;43.2;44.7;45.7;46.5;47.6;48.9;50.1;51.4;52.6;53.6;54.7;58.8;59.7;61;62.1;64.1;67.1;68.6;69.8;69.3;74.6;79.2;80.6;81.6;82.5;83.4;84;85.5;87.4;91;91.9
148;Chad;Share in total final energy consumption (%);Renewables;Energy Balances, UN Statistics Division (2024);89.5;89.3;89.2;89.5;89.3;89.2;89;88.9;88.9;88.7;88.7;88.6;88.5;83.9;84;83.8;83.7;82.4;79.8;79.4;79.2;80.7;76.1;72.6;72.5;72.7;72.7;72.8;73.1;72.8;71.9;69.9;70
148;Chad;Share in total final energy consumption (%);Modern renewables;Energy Balances, UN Statistics Division (2024);1.5;1.8;1.8;1.8;1.8;1.6;1.6;1.7;1.5;1.5;1.5;1.5;1.4;1.4;1.3;1.4;1.4;1.4;1.4;1.4;1.2;1.1;1.1;1;1;1.1;1.1;1.1;1.2;1.2;1.1;1.1;1.1
148;Chad;Share in total final energy consumption (%);Municipal waste (renew);Energy Balances, UN Statistics Division (2024);0;0;0;0;0;0;0;0;0;0;0;0;0;0;0;0;0;0;0;0;0;0;0;0;0;0;0;0;0;0;0;0;0
148;Chad;Share in total final energy consumption (%);Liquid biofuels;Energy Balances, UN Statistics Division (2024);0;0;0;0;0;0;0;0;0;0;0;0;0;0;0;0;0;0;0;0;0;0;0;0;0;0;0;0;0;0;0;0;0
148;Chad;Share in total final energy consumption (%);Solid biofuels;Energy Balances, UN Statistics Division (2024);89.5;89.3;89.2;89.5;89.3;89.2;89;88.9;88.9;88.7;88.7;88.6;88.5;83.9;84;83.8;83.7;82.4;79.8;79.4;79.2;80.7;76.1;72.6;72.5;72.7;72.7;72.8;73.1;72.7;71.9;69.9;70
148;Chad;Share in total final energy consumption (%);Biogases;Energy Balances, UN Statistics Division (2024);0;0;0;0;0;0;0;0;0;0;0;0;0;0;0;0;0;0;0;0;0;0;0;0;0;0;0;0;0;0;0;0;0
148;Chad;Share in total final energy consumption (%);Hydro;Energy Balances, UN Statistics Division (2024);0;0;0;0;0;0;0;0;0;0;0;0;0;0;0;0;0;0;0;0;0;0;0;0;0;0;0;0;0;0;0;0;0
148;Chad;Share in total final energy consumption (%);Geothermal;Energy Balances, UN Statistics Division (2024);0;0;0;0;0;0;0;0;0;0;0;0;0;0;0;0;0;0;0;0;0;0;0;0;0;0;0;0;0;0;0;0;0
148;Chad;Share in total final energy consumption (%);Tide, wave and ocean;Energy Balances, UN Statistics Division (2024);0;0;0;0;0;0;0;0;0;0;0;0;0;0;0;0;0;0;0;0;0;0;0;0;0;0;0;0;0;0;0;0;0
148;Chad;Share in total final energy consumption (%);Wind;Energy Balances, UN Statistics Division (2024);0;0;0;0;0;0;0;0;0;0;0;0;0;0;0;0;0;0;0;0;0;0;0;0;0;0;0;0;0;0;0;0;0
148;Chad;Share in total final energy consumption (%);Solar;Energy Balances, UN Statistics Division (2024);0;0;0;0;0;0;0;0;0;0;0;0;0;0;0;0;0;0;0;0;0;0;0;0;0;0;0;0;0;0;0;0;0
148;Chad;Final consumption of renewable energy (PJ) - Heat raising;Renewables;Energy Balances, UN Statistics Division (2024);37;37.5;38.5;39.9;40.8;41.5;42.4;43.4;44.5;45.6;46.7;47.5;48.4;49.3;50.1;51.2;52;52.8;53.6;54.5;55.3;55.9;56.8;57.5;58.4;59.3;60;60.7;61.4;62.2;62.8;63.6;64.3
148;Chad;Final consumption of renewable energy (PJ) - Transport;Renewables;Energy Balances, UN Statistics Division (2024);0;0;0;0;0;0;0;0;0;0;0;0;0;0;0;0;0;0;0;0;0;0;0;0;0;0;0;0;0;0;0;0;0
148;Chad;Final consumption of renewable energy (PJ) - Electricity consumption;Renewables;Energy Balances, UN Statistics Division (2024);0;0;0;0;0;0;0;0;0;0;0;0;0;0;0;0;0;0;0;0;0;0;0;0;0;0;0;0;0;0;0;0;0
152;Chile;Total final energy consumption (PJ);Total;IEA (2024), World Energy Balances;426.3;459.4;507.6;525.2;550;597.7;641.6;710.1;698.7;720.8;753;754.1;762;761.4;796.6;812.7;843.6;887.5;904.3;901.8;956.1;1019.9;1014.3;1087.3;1014.5;1037.7;1085.5;1103.4;1145.8;1149.8;1087.4;1113.7;1209.1
152;Chile;Share in total final energy consumption (%);Renewables;IEA (2024), World Energy Balances;34;37.3;38.6;35.8;34.8;34.2;32.2;30;29.7;29.1;31.4;32.1;33.1;31.6;31.4;32.3;32.9;30.5;30.8;31.5;27;28.8;30.3;30.2;26.9;25.1;24.6;24.1;25.5;25.3;26.7;24.2;24.7
152;Chile;Share in total final energy consumption (%);Modern renewables;IEA (2024), World Energy Balances;34;37.3;38.6;35.8;34.8;34.2;32.2;30;29.7;29.1;31.4;32.1;33.1;31.6;31.4;32.3;32.9;30.5;30.8;31.5;27;28.8;30.3;30.2;26.9;25.1;24.6;24.1;25.5;25.3;26.7;24.2;24.7
152;Chile;Share in total final energy consumption (%);Municipal waste (renew);IEA (2024), World Energy Balances;0;0;0;0;0;0;0;0;0;0;0;0;0;0;0;0;0;0;0;0;0;0;0;0;0;0;0;0;0;0;0;0;0
152;Chile;Share in total final energy consumption (%);Liquid biofuels;IEA (2024), World Energy Balances;0;0;0;0;0;0;0;0;0;0;0;0;0;0;0;0;0;0;0;0;0;0;0;0;0;0;0;0;0;0;0;0;0
152;Chile;Share in total final energy consumption (%);Solid biofuels;IEA (2024), World Energy Balances;27.7;28.5;28.4;25.4;25.3;24.6;23.9;21.5;22.6;22.9;23.2;22.8;23.2;21.9;22.3;21.5;21.5;22;22.2;22.5;19.5;22.1;23.8;24.2;18.4;16.4;16;15.6;16.2;15.6;15.9;13.2;12.5
152;Chile;Share in total final energy consumption (%);Biogases;IEA (2024), World Energy Balances;0;0;0;0;0;0;0;0;0;0;0;0;0;0;0;0;0;0;0;0;0;0;0;0;0;0.1;0;0.1;0.1;0.1;0.1;0.1;0.1
152;Chile;Share in total final energy consumption (%);Hydro;IEA (2024), World Energy Balances;6.4;8.7;10.3;10.4;9.5;9.6;8.3;8.5;7.2;6.1;8.1;9.3;9.9;9.7;9.1;10.8;11.4;8.5;8.6;9;7.4;6.5;6.4;5.8;7.8;7.4;6.8;6.1;6.5;6.2;6.4;5.4;5.4
152;Chile;Share in total final energy consumption (%);Geothermal;IEA (2024), World Energy Balances;0;0;0;0;0;0;0;0;0;0;0;0;0;0;0;0;0;0;0;0;0;0;0;0;0;0;0;0;0.1;0.1;0.1;0.1;0.1
152;Chile;Share in total final energy consumption (%);Tide, wave and ocean;IEA (2024), World Energy Balances;0;0;0;0;0;0;0;0;0;0;0;0;0;0;0;0;0;0;0;0;0;0;0;0;0;0;0;0;0;0;0;0;0
152;Chile;Share in total final energy consumption (%);Wind;IEA (2024), World Energy Balances;0;0;0;0;0;0;0;0;0;0;0;0;0;0;0;0;0;0;0;0;0.1;0.1;0.1;0.2;0.5;0.7;0.7;1;1;1.3;1.6;2.1;2.3
152;Chile;Share in total final energy consumption (%);Solar;IEA (2024), World Energy Balances;0;0;0;0;0;0;0;0;0;0;0;0;0;0;0;0;0;0;0;0;0;0;0;0.1;0.3;0.5;0.9;1.3;1.7;2;2.6;3.2;4.3
152;Chile;Final consumption of renewable energy (PJ) - Heat raising;Renewables;IEA (2024), World Energy Balances;115.1;127.9;138.6;128;133.6;141.2;148.2;147.1;154.2;161.9;171.9;165.2;170.2;160.4;171;168.5;176.6;186.1;190.6;189.3;179.3;211.1;225.7;245;169.7;154.9;157.2;155.9;170.1;166.2;160;134.9;140.6
152;Chile;Final consumption of renewable energy (PJ) - Transport;Renewables;IEA (2024), World Energy Balances;0.4;0.6;0.7;0.7;0.6;0.5;0.4;0.5;0.4;0.3;0.4;0.5;0.4;0.4;0.4;0.5;0.6;0.6;0.7;0.7;0.6;0.7;0.7;0.7;1.5;1.7;1.5;1.5;1.9;2.2;2.3;2.2;3
152;Chile;Final consumption of renewable energy (PJ) - Electricity consumption;Renewables;IEA (2024), World Energy Balances;29.6;42.7;56.8;59.1;57.3;62.5;58.2;65.2;53.3;47.3;63.8;76.8;81.3;79.9;79.1;93.2;100.4;83.7;87.4;94.2;78.6;81.9;81;83;102.2;103.4;107.7;108.5;119.7;122.1;128.4;132;155
156;China;Total final energy consumption (PJ);Total;IEA (2024), World Energy Balances;25737.6;26674.8;27152.3;28534.9;29108.6;31038.3;29869.9;30501.1;30810;29928.6;30097;30843.7;32208.1;35454.4;41379.7;47490.3;51001.2;54126.7;56145.2;58616.7;63869.2;67433.5;70178.8;72561.3;74590.3;75403.8;75479.8;76349.9;79040.2;79842.2;81059.7;85434.9;85662.8
156;China;Share in total final energy consumption (%);Renewables;IEA (2024), World Energy Balances;33.9;33.1;32.8;31.5;31.1;29.3;30.5;30;29.5;30.3;29.8;28.5;27.2;24;20.3;17.6;16.5;15;14.2;13.5;12.3;11.4;11.6;11.5;11.9;12.2;12.6;13.2;13.5;14;14.3;14.4;15.2
156;China;Share in total final energy consumption (%);Modern renewables;IEA (2024), World Energy Balances;1.3;1.3;1.4;1.5;1.8;2;2.1;2.1;2.3;2.4;2.6;3.1;3.2;3;3.2;3.3;3.4;3.8;4.4;4.8;5;5;5.9;6.6;7.3;7.7;8.4;9.1;9.6;10.4;11.1;11.6;12.6
156;China;Share in total final energy consumption (%);Municipal waste (renew);IEA (2024), World Energy Balances;0;0;0;0;0;0;0;0;0;0;0;0;0;0;0;0;0;0;0;0;0;0;0;0;0;0;0;0;0;0;0;0;0
156;China;Share in total final energy consumption (%);Liquid biofuels;IEA (2024), World Energy Balances;0;0;0;0;0;0;0;0;0;0;0;0;0;0;0;0.1;0.1;0.1;0.1;0.1;0.1;0.1;0.1;0.1;0.1;0.1;0.1;0.1;0.1;0.2;0.1;0.1;0.1
156;China;Share in total final energy consumption (%);Solid biofuels;IEA (2024), World Energy Balances;32.6;31.8;31.4;30;29.4;27.4;28.5;27.9;27.3;28;27.3;25.5;24;21;17.2;14.3;13.1;11.3;9.9;8.8;7.5;6.5;5.8;5.1;4.9;4.7;4.4;4.4;4.2;4;3.7;3.4;3.2
156;China;Share in total final energy consumption (%);Biogases;IEA (2024), World Energy Balances;0;0;0;0;0.1;0.1;0.1;0.1;0.1;0.1;0.2;0.2;0.2;0.3;0.3;0.3;0.3;0.4;0.5;0.5;0.5;0.5;0.5;0.4;0.4;0.4;0.4;0.4;0.4;0.4;0.4;0.4;0.3
156;China;Share in total final energy consumption (%);Hydro;IEA (2024), World Energy Balances;1.3;1.3;1.4;1.5;1.6;1.7;1.8;1.8;1.9;1.9;2;2.5;2.4;2.2;2.4;2.4;2.5;2.6;3.1;3.1;3.3;3;3.7;3.7;4.3;4.4;4.6;4.6;4.6;4.8;5;4.6;4.7
156;China;Share in total final energy consumption (%);Geothermal;IEA (2024), World Energy Balances;0;0;0;0;0;0.1;0.1;0.2;0.2;0.2;0.2;0.2;0.2;0.2;0.2;0.2;0.2;0.2;0.2;0.2;0.2;0.3;0.3;0.4;0.4;0.5;0.6;0.7;0.9;1;1.1;1.2;1.3
156;China;Share in total final energy consumption (%);Tide, wave and ocean;IEA (2024), World Energy Balances;0;0;0;0;0;0;0;0;0;0;0;0;0;0;0;0;0;0;0;0;0;0;0;0;0;0;0;0;0;0;0;0;0
156;China;Share in total final energy consumption (%);Wind;IEA (2024), World Energy Balances;0;0;0;0;0;0;0;0;0;0;0;0;0;0;0;0;0;0;0.1;0.1;0.2;0.3;0.4;0.6;0.6;0.7;0.9;1.2;1.4;1.5;1.8;2.3;2.7
156;China;Share in total final energy consumption (%);Solar;IEA (2024), World Energy Balances;0;0;0;0;0;0;0;0.1;0.1;0.1;0.1;0.2;0.2;0.2;0.2;0.2;0.3;0.3;0.4;0.5;0.6;0.7;0.8;1.1;1.2;1.3;1.5;1.7;1.9;2.1;2.3;2.4;2.8
156;China;Final consumption of renewable energy (PJ) - Heat raising;Renewables;IEA (2024), World Energy Balances;8393.6;8476.1;8525.4;8571.8;8583.7;8578;8595.8;8602.4;8515.2;8493.3;8355.2;8036.5;7951.7;7703.1;7394.2;7146.3;7069.3;6594.9;6122;5894.8;5499.6;5285.4;5083.9;4991.9;4974.7;4940.2;4843.7;4936;5007.1;4940.9;4832.1;4765;4710.2
156;China;Final consumption of renewable energy (PJ) - Transport;Renewables;IEA (2024), World Energy Balances;4.4;4.4;4.8;5.3;6;6.7;8.6;8.6;7.5;7.5;8.9;11.2;10.2;11.7;13.9;39.5;49.3;55.2;64.1;71.6;81.8;87.5;102;109.8;122.9;131.3;151.8;170.1;194.5;226.7;223.8;248.9;280.8
156;China;Final consumption of renewable energy (PJ) - Electricity consumption;Renewables;IEA (2024), World Energy Balances;329.1;344.2;363.3;414.2;462.4;523.6;518.7;535.8;575.6;563.3;612;758;784.6;788.6;990.3;1149.7;1287.6;1457.6;1797.6;1950.4;2286.6;2302.6;2929.2;3244.9;3811.7;4120.7;4505.4;4947.5;5458.2;5988.7;6541.8;7309.3;8005.9
344;China, Hong Kong Special Administrative Region;Total final energy consumption (PJ);Total;IEA (2024), World Energy Balances;210.8;220.4;256.2;263.3;286.1;279.5;275.7;279.1;373.7;444.4;377.8;358.1;324.7;324.7;279.2;284.4;275.8;282.4;286.4;306.8;297.5;296.2;296.6;298.5;304.1;316.9;325.5;336.9;332.6;337.2;320;311.8;279.1
344;China, Hong Kong Special Administrative Region;Share in total final energy consumption (%);Renewables;IEA (2024), World Energy Balances;0.2;0.2;0.2;0.2;0.2;0.1;0.1;0.1;0.1;0.1;0;0.1;0.1;0.1;0.1;0.1;0.1;0.1;0.1;0.1;0.1;0.5;0.2;0.3;0.2;0.2;0.2;0.2;0.2;0.2;0.8;1;1.4
344;China, Hong Kong Special Administrative Region;Share in total final energy consumption (%);Modern renewables;IEA (2024), World Energy Balances;0.2;0.2;0.2;0.2;0.2;0.1;0.1;0.1;0.1;0.1;0;0.1;0.1;0.1;0.1;0.1;0.1;0.1;0.1;0.1;0.1;0.5;0.2;0.3;0.2;0.2;0.2;0.2;0.2;0.2;0.8;1;1.4
344;China, Hong Kong Special Administrative Region;Share in total final energy consumption (%);Municipal waste (renew);IEA (2024), World Energy Balances;0;0;0;0;0;0;0;0;0;0;0;0;0;0;0;0;0;0;0;0;0;0;0;0;0;0;0;0;0;0.1;0.1;0.1;0.1
344;China, Hong Kong Special Administrative Region;Share in total final energy consumption (%);Liquid biofuels;IEA (2024), World Energy Balances;0;0;0;0;0;0;0;0;0;0;0;0;0;0;0;0;0;0;0;0;0;0.4;0.1;0.2;0.1;0.1;0;0.1;0.1;0.1;0.1;0.1;0.1
344;China, Hong Kong Special Administrative Region;Share in total final energy consumption (%);Solid biofuels;IEA (2024), World Energy Balances;0.2;0.2;0.2;0.2;0.2;0.1;0.1;0.1;0.1;0.1;0;0.1;0.1;0.1;0.1;0.1;0.1;0;0.1;0.1;0;0.1;0.1;0;0.1;0;0;0;0;0;0;0;0
344;China, Hong Kong Special Administrative Region;Share in total final energy consumption (%);Biogases;IEA (2024), World Energy Balances;0;0;0;0;0;0;0;0;0;0;0;0;0;0;0;0;0;0.1;0.1;0;0.1;0.1;0.1;0;0.1;0.1;0.1;0.1;0.1;0;0.6;0.6;0.9
344;China, Hong Kong Special Administrative Region;Share in total final energy consumption (%);Hydro;IEA (2024), World Energy Balances;0;0;0;0;0;0;0;0;0;0;0;0;0;0;0;0;0;0;0;0;0;0;0;0;0;0;0;0;0;0;0;0;0
344;China, Hong Kong Special Administrative Region;Share in total final energy consumption (%);Geothermal;IEA (2024), World Energy Balances;0;0;0;0;0;0;0;0;0;0;0;0;0;0;0;0;0;0;0;0;0;0;0;0;0;0;0;0;0;0;0;0;0
344;China, Hong Kong Special Administrative Region;Share in total final energy consumption (%);Tide, wave and ocean;IEA (2024), World Energy Balances;0;0;0;0;0;0;0;0;0;0;0;0;0;0;0;0;0;0;0;0;0;0;0;0;0;0;0;0;0;0;0;0;0
344;China, Hong Kong Special Administrative Region;Share in total final energy consumption (%);Wind;IEA (2024), World Energy Balances;0;0;0;0;0;0;0;0;0;0;0;0;0;0;0;0;0;0;0;0;0;0;0;0;0;0;0;0;0;0;0;0;0
344;China, Hong Kong Special Administrative Region;Share in total final energy consumption (%);Solar;IEA (2024), World Energy Balances;0;0;0;0;0;0;0;0;0;0;0;0;0;0;0;0;0;0;0;0;0;0;0;0;0;0;0;0;0;0;0.1;0.2;0.3
344;China, Hong Kong Special Administrative Region;Final consumption of renewable energy (PJ) - Heat raising;Renewables;IEA (2024), World Energy Balances;0.5;0.5;0.5;0.5;0.4;0.4;0.4;0.3;0.3;0.3;0.2;0.2;0.2;0.2;0.2;0.2;0.2;0.1;0.2;0.2;0.1;0.2;0.2;0.1;0.2;0.2;0.1;0.1;0.1;0.1;1.8;1.8;2.2
344;China, Hong Kong Special Administrative Region;Final consumption of renewable energy (PJ) - Transport;Renewables;IEA (2024), World Energy Balances;0;0;0;0;0;0;0;0;0;0;0;0;0;0;0;0;0;0;0;0;0.1;1.1;0.2;0.6;0.3;0.2;0.1;0.3;0.3;0.3;0.2;0.2;0.2
344;China, Hong Kong Special Administrative Region;Final consumption of renewable energy (PJ) - Electricity consumption;Renewables;IEA (2024), World Energy Balances;0;0;0;0;0;0;0;0;0;0;0;0;0;0;0;0;0;0.1;0.2;0.2;0.2;0.2;0.2;0.2;0.2;0.3;0.3;0.3;0.3;0.4;0.7;1.2;1.5
446;China, Macao Special Administrative Region;Total final energy consumption (PJ);Total;Energy Balances, UN Statistics Division (2024);7.1;7.3;8.4;9.6;10;10.3;12.7;13.7;13.6;14.1;15.2;14.9;11.7;12.2;13;14.7;16.3;18.6;19.4;27.9;23.6;26.3;27.9;27.5;29.2;34.5;34.8;34.5;31.5;31.3;28.8;30.6;29.2
446;China, Macao Special Administrative Region;Share in total final energy consumption (%);Renewables;Energy Balances, UN Statistics Division (2024);0.8;0.8;0.7;0.6;0.6;0.6;0.5;0.2;0.2;0.2;0.2;0.9;1.4;2.4;2.5;2.3;2.8;3.4;4.7;3;5.5;6.4;11.1;16.6;11.5;5.4;5.4;3.9;8.4;8.4;11;13.6;11
446;China, Macao Special Administrative Region;Share in total final energy consumption (%);Modern renewables;Energy Balances, UN Statistics Division (2024);0;0;0;0;0;0;0;0;0;0.2;0.2;0.9;1.4;2.4;2.5;2.3;2.8;3.4;4.7;3;5.5;6.4;11.1;16.6;11.5;5.4;5.4;3.9;8.4;8.4;11;13.6;11
446;China, Macao Special Administrative Region;Share in total final energy consumption (%);Municipal waste (renew);Energy Balances, UN Statistics Division (2024);0;0;0;0;0;0;0;0;0;0;0;0.7;1.1;2.2;2;2.1;2.6;3.3;4.5;2.8;5.1;6.3;11;16.5;11.4;5.3;5.3;3.8;8.3;8.3;10.9;13.5;10.8
446;China, Macao Special Administrative Region;Share in total final energy consumption (%);Liquid biofuels;Energy Balances, UN Statistics Division (2024);0;0;0;0;0;0;0;0;0;0;0;0;0;0;0;0;0;0;0;0;0;0;0;0;0;0;0;0;0;0;0;0;0
446;China, Macao Special Administrative Region;Share in total final energy consumption (%);Solid biofuels;Energy Balances, UN Statistics Division (2024);0.8;0.8;0.7;0.6;0.6;0.6;0.5;0.2;0.2;0.2;0.2;0.2;0.3;0.3;0.5;0.2;0.2;0.2;0.2;0.2;0.4;0.1;0.1;0.1;0.1;0.1;0.1;0.1;0.1;0.1;0.1;0.1;0.1
446;China, Macao Special Administrative Region;Share in total final energy consumption (%);Biogases;Energy Balances, UN Statistics Division (2024);0;0;0;0;0;0;0;0;0;0;0;0;0;0;0;0;0;0;0;0;0;0;0;0;0;0;0;0;0;0;0;0;0
446;China, Macao Special Administrative Region;Share in total final energy consumption (%);Hydro;Energy Balances, UN Statistics Division (2024);0;0;0;0;0;0;0;0;0;0;0;0;0;0;0;0;0;0;0;0;0;0;0;0;0;0;0;0;0;0;0;0;0
446;China, Macao Special Administrative Region;Share in total final energy consumption (%);Geothermal;Energy Balances, UN Statistics Division (2024);0;0;0;0;0;0;0;0;0;0;0;0;0;0;0;0;0;0;0;0;0;0;0;0;0;0;0;0;0;0;0;0;0
446;China, Macao Special Administrative Region;Share in total final energy consumption (%);Tide, wave and ocean;Energy Balances, UN Statistics Division (2024);0;0;0;0;0;0;0;0;0;0;0;0;0;0;0;0;0;0;0;0;0;0;0;0;0;0;0;0;0;0;0;0;0
446;China, Macao Special Administrative Region;Share in total final energy consumption (%);Wind;Energy Balances, UN Statistics Division (2024);0;0;0;0;0;0;0;0;0;0;0;0;0;0;0;0;0;0;0;0;0;0;0;0;0;0;0;0;0;0;0;0;0
446;China, Macao Special Administrative Region;Share in total final energy consumption (%);Solar;Energy Balances, UN Statistics Division (2024);0;0;0;0;0;0;0;0;0;0;0;0;0;0;0;0;0;0;0;0;0;0;0;0;0;0;0;0;0;0;0;0;0
446;China, Macao Special Administrative Region;Final consumption of renewable energy (PJ) - Heat raising;Renewables;Energy Balances, UN Statistics Division (2024);0.1;0.1;0.1;0.1;0.1;0.1;0.1;0;0;0;0;0;0;0;0.1;0;0;0;0;0.1;0.1;0;0;0;0;0;0;0;0;0;0;0;0
446;China, Macao Special Administrative Region;Final consumption of renewable energy (PJ) - Transport;Renewables;Energy Balances, UN Statistics Division (2024);0;0;0;0;0;0;0;0;0;0;0;0;0;0;0;0;0;0;0;0;0;0;0;0;0;0;0;0;0;0;0;0;0
446;China, Macao Special Administrative Region;Final consumption of renewable energy (PJ) - Electricity consumption;Renewables;Energy Balances, UN Statistics Division (2024);0;0;0;0;0;0;0;0;0;0;0;0.1;0.1;0.3;0.3;0.3;0.4;0.6;0.9;0.8;1.2;1.6;3.1;4.5;3.3;1.8;1.8;1.3;2.6;2.6;3.1;4.1;3.2
170;Colombia;Total final energy consumption (PJ);Total;IEA (2024), World Energy Balances;787.6;802.5;798.3;830.2;869.4;891.9;920.1;878.1;858.8;810.1;816.2;822.7;809.9;817.9;827.4;839.3;837.5;867.6;905.8;877.5;883.1;996;988.7;1163.4;1193.9;1194.6;1212.7;1183.8;1190.7;1200.5;1132.7;1268.3;1250.8
170;Colombia;Share in total final energy consumption (%);Renewables;IEA (2024), World Energy Balances;37.9;36.6;32.9;32.8;33.6;33.4;33.4;25.5;25.7;28.9;27.8;27;28.5;30.4;28.9;28.8;30.5;30.9;30.7;31.3;30.5;29.5;29.5;31.9;32;31;30.4;32.2;30.4;31.5;31.9;29.4;30.6
170;Colombia;Share in total final energy consumption (%);Modern renewables;IEA (2024), World Energy Balances;37.9;36.6;32.9;32.8;33.6;33.4;33.4;25.5;25.7;28.9;27.8;27;28.5;30.4;28.9;28.8;30.5;30.9;30.7;31.3;30.5;29.5;29.5;31.9;32;31;30.4;32.2;30.4;31.5;31.9;29.4;30.6
170;Colombia;Share in total final energy consumption (%);Municipal waste (renew);IEA (2024), World Energy Balances;0;0;0;0;0;0;0;0;0;0;0;0;0;0;0;0;0;0;0;0;0;0;0;0;0;0;0;0;0;0;0.1;0.1;0.1
170;Colombia;Share in total final energy consumption (%);Liquid biofuels;IEA (2024), World Energy Balances;0;0;0;0;0;0;0;0;0;0;0;0;0;0;0;0.1;0.6;0.7;1;1.3;2.1;2.4;2.5;2.3;2.4;2.4;2.3;2.3;2.7;2.7;2.5;2.5;2.7
170;Colombia;Share in total final energy consumption (%);Solid biofuels;IEA (2024), World Energy Balances;28.6;27.3;24;22.9;22.9;22.8;21.9;15.3;15.8;17.7;16.8;15.7;16.7;17.9;15.4;15.5;16;16.1;15.4;16.3;15.6;13;13.1;17.8;17.7;17.5;16.6;15.4;13.7;14.9;16.1;12.7;13.2
170;Colombia;Share in total final energy consumption (%);Biogases;IEA (2024), World Energy Balances;0;0;0;0;0;0;0;0;0;0;0;0;0;0;0;0;0;0;0;0;0;0;0;0;0;0;0;0;0;0;0;0;0
170;Colombia;Share in total final energy consumption (%);Hydro;IEA (2024), World Energy Balances;9.3;9.3;8.8;9.9;10.7;10.6;11.6;10.3;9.9;11.2;10.9;11.3;11.9;12.6;13.5;13.2;13.9;14.1;14.2;13.7;12.8;14.2;13.9;11.8;11.9;11.1;11.4;14.5;14;13.7;13.2;14;14.4
170;Colombia;Share in total final energy consumption (%);Geothermal;IEA (2024), World Energy Balances;0;0;0;0;0;0;0;0;0;0;0;0;0;0;0;0;0;0;0;0;0;0;0;0;0;0;0;0;0;0;0;0;0
170;Colombia;Share in total final energy consumption (%);Tide, wave and ocean;IEA (2024), World Energy Balances;0;0;0;0;0;0;0;0;0;0;0;0;0;0;0;0;0;0;0;0;0;0;0;0;0;0;0;0;0;0;0;0;0
170;Colombia;Share in total final energy consumption (%);Wind;IEA (2024), World Energy Balances;0;0;0;0;0;0;0;0;0;0;0;0;0;0;0;0;0;0;0;0;0;0;0;0;0;0;0;0;0;0;0;0;0
170;Colombia;Share in total final energy consumption (%);Solar;IEA (2024), World Energy Balances;0;0;0;0;0;0;0;0;0;0;0;0;0;0;0;0;0;0;0;0;0;0;0;0;0;0;0;0;0;0;0.1;0.1;0.1
170;Colombia;Final consumption of renewable energy (PJ) - Heat raising;Renewables;IEA (2024), World Energy Balances;224.2;218.5;190.9;189;197.8;201.7;199.6;132.9;134.3;141.9;136;127.7;133.5;144.7;126.1;129;132.2;138.4;139;142.1;133.1;126.9;126.9;204.6;207.7;204.9;197.5;177.9;158.6;175;176.8;155.8;159.3
170;Colombia;Final consumption of renewable energy (PJ) - Transport;Renewables;IEA (2024), World Energy Balances;0;0;0;0;0;0;0;0.1;0.1;0.1;0.1;0.1;0.1;0.1;0.1;0.7;5.4;6;8.6;11;16;20.6;21.8;27.3;28.3;28.6;28.4;27.5;32.3;33.1;28.7;33.9;35.6
170;Colombia;Final consumption of renewable energy (PJ) - Electricity consumption;Renewables;IEA (2024), World Energy Balances;73.9;75.4;71.7;83.6;94.3;95.8;108.2;91.3;86.5;92;90.5;94.1;97.4;104.2;113.2;112.2;117.7;123.8;130;121.5;119.9;146.8;142.8;139.6;146.2;136.9;142.5;175.5;170.8;170.1;155.9;183.7;187.6
174;Comoros;Total final energy consumption (PJ);Total;Energy Balances, UN Statistics Division (2024);2.8;2.9;3;3.1;3.2;3.2;3.3;3.4;3.5;3.6;3.8;3.9;3.9;4.4;4.5;4.4;4.8;4.1;4.2;4.6;4.9;4.7;5;5.6;5.6;6;6.5;6.9;7.3;7.5;8;9.8;10.2
174;Comoros;Share in total final energy consumption (%);Renewables;Energy Balances, UN Statistics Division (2024);74;73.4;73.6;73.1;73.3;73;73.4;72.9;71.5;71.1;69.9;69.5;70.3;64.4;63.5;65.7;61.8;74.4;73.4;68.5;66;69;68.3;63.6;68;67;64;59.5;57.7;55.3;50.8;41.2;39.3
174;Comoros;Share in total final energy consumption (%);Modern renewables;Energy Balances, UN Statistics Division (2024);5;5;5;4.9;5;4.9;5;4.9;4.8;4.8;4.7;4.7;4.8;4.4;4.3;4.5;4.2;5;5;4.6;4.7;4.9;5.6;6.2;7.3;7.3;7.1;6.9;6.7;6.9;6.5;5.4;5.2
174;Comoros;Share in total final energy consumption (%);Municipal waste (renew);Energy Balances, UN Statistics Division (2024);0;0;0;0;0;0;0;0;0;0;0;0;0;0;0;0;0;0;0;0;0;0;0;0;0;0;0;0;0;0;0;0;0
174;Comoros;Share in total final energy consumption (%);Liquid biofuels;Energy Balances, UN Statistics Division (2024);0;0;0;0;0;0;0;0;0;0;0;0;0;0;0;0;0;0;0;0;0;0;0;0;0;0;0;0;0;0;0;0;0
174;Comoros;Share in total final energy consumption (%);Solid biofuels;Energy Balances, UN Statistics Division (2024);74;73.4;73.6;73.1;73.3;73;73.4;72.9;71.5;71.1;69.9;69.5;70.3;64.4;63.5;65.7;61.8;74.4;73.4;68.5;65.8;68.7;68;63.3;67.7;67;64;59.5;57.7;55.3;50.8;41.1;39.2
174;Comoros;Share in total final energy consumption (%);Biogases;Energy Balances, UN Statistics Division (2024);0;0;0;0;0;0;0;0;0;0;0;0;0;0;0;0;0;0;0;0;0;0;0;0;0;0;0;0;0;0;0;0;0
174;Comoros;Share in total final energy consumption (%);Hydro;Energy Balances, UN Statistics Division (2024);0;0;0;0;0;0;0;0;0;0;0;0;0;0;0;0;0;0;0;0;0.3;0.3;0.2;0.2;0.2;0;0;0;0;0;0;0;0
174;Comoros;Share in total final energy consumption (%);Geothermal;Energy Balances, UN Statistics Division (2024);0;0;0;0;0;0;0;0;0;0;0;0;0;0;0;0;0;0;0;0;0;0;0;0;0;0;0;0;0;0;0;0;0
174;Comoros;Share in total final energy consumption (%);Tide, wave and ocean;Energy Balances, UN Statistics Division (2024);0;0;0;0;0;0;0;0;0;0;0;0;0;0;0;0;0;0;0;0;0;0;0;0;0;0;0;0;0;0;0;0;0
174;Comoros;Share in total final energy consumption (%);Wind;Energy Balances, UN Statistics Division (2024);0;0;0;0;0;0;0;0;0;0;0;0;0;0;0;0;0;0;0;0;0;0;0;0;0;0;0;0;0;0;0;0;0
174;Comoros;Share in total final energy consumption (%);Solar;Energy Balances, UN Statistics Division (2024);0;0;0;0;0;0;0;0;0;0;0;0;0;0;0;0;0;0;0;0;0;0;0;0;0;0;0;0;0;0;0;0.1;0.1
174;Comoros;Final consumption of renewable energy (PJ) - Heat raising;Renewables;Energy Balances, UN Statistics Division (2024);2.1;2.1;2.2;2.3;2.3;2.4;2.4;2.5;2.5;2.6;2.6;2.7;2.7;2.8;2.9;2.9;3;3;3.1;3.1;3.2;3.2;3.4;3.6;3.8;4;4.1;4.1;4.2;4.1;4.1;4;4
174;Comoros;Final consumption of renewable energy (PJ) - Transport;Renewables;Energy Balances, UN Statistics Division (2024);0;0;0;0;0;0;0;0;0;0;0;0;0;0;0;0;0;0;0;0;0;0;0;0;0;0;0;0;0;0;0;0;0
174;Comoros;Final consumption of renewable energy (PJ) - Electricity consumption;Renewables;Energy Balances, UN Statistics Division (2024);0;0;0;0;0;0;0;0;0;0;0;0;0;0;0;0;0;0;0;0;0;0;0;0;0;0;0;0;0;0;0;0;0
178;Congo;Total final energy consumption (PJ);Total;IEA (2024), World Energy Balances;25.3;26.5;25.8;25.8;22.7;24.4;23.5;22.1;22.1;21.5;19.6;22.6;22.2;26.5;28.2;30.5;44.7;37.4;42.8;46.4;51;71.7;74.8;80;82.3;81.5;79.9;80.3;80.7;81.8;81;82.2;84.6
178;Congo;Share in total final energy consumption (%);Renewables;IEA (2024), World Energy Balances;65.4;64.6;67.6;68.4;76.5;69.8;75.4;80.2;79.7;77;64.9;61.2;68.6;62.1;63.1;63.1;69.4;60.3;56.8;55.9;54.5;64.3;65.1;62.3;62.1;64.2;67.7;69.8;70.1;69.3;70.9;71;70.1
178;Congo;Share in total final energy consumption (%);Modern renewables;IEA (2024), World Energy Balances;4.9;5.3;5.3;4.6;5.1;4.9;5.3;4.7;3.7;2.1;4.6;4.2;5;3.5;3.3;3.3;2.6;3.3;3;2.3;1.9;2.8;3.1;2.9;2.9;13.3;14.2;15;14.7;13.9;14.2;14.2;14.2
178;Congo;Share in total final energy consumption (%);Municipal waste (renew);IEA (2024), World Energy Balances;0;0;0;0;0;0;0;0;0;0;0;0;0;0;0;0;0;0;0;0;0;0;0;0;0;0;0;0;0;0;0;0;0
178;Congo;Share in total final energy consumption (%);Liquid biofuels;IEA (2024), World Energy Balances;0;0;0;0;0;0;0;0;0;0;0;0;0;0;0;0;0;0;0;0;0;0;0;0;0;0;0;0;0;0;0;0;0
178;Congo;Share in total final energy consumption (%);Solid biofuels;IEA (2024), World Energy Balances;60.5;59.3;62.3;63.8;71.3;64.9;70.1;75.4;76;74.8;60.2;56.9;63.7;58.6;59.7;59.7;66.8;56.9;53.8;53.6;52.6;62.5;62.9;60.3;60;61.9;65.2;67;67.7;67.7;69.3;69.3;68.3
178;Congo;Share in total final energy consumption (%);Biogases;IEA (2024), World Energy Balances;0;0;0;0;0;0;0;0;0;0;0;0;0;0;0;0;0;0;0;0;0;0;0;0;0;0;0;0;0;0;0;0;0
178;Congo;Share in total final energy consumption (%);Hydro;IEA (2024), World Energy Balances;4.9;5.3;5.3;4.6;5.1;4.9;5.3;4.7;3.7;2.1;4.6;4.2;5;3.5;3.3;3.3;2.6;3.3;3;2.3;1.9;1.9;2.2;2;2.1;2.3;2.5;2.8;2.4;1.6;1.6;1.7;1.8
178;Congo;Share in total final energy consumption (%);Geothermal;IEA (2024), World Energy Balances;0;0;0;0;0;0;0;0;0;0;0;0;0;0;0;0;0;0;0;0;0;0;0;0;0;0;0;0;0;0;0;0;0
178;Congo;Share in total final energy consumption (%);Tide, wave and ocean;IEA (2024), World Energy Balances;0;0;0;0;0;0;0;0;0;0;0;0;0;0;0;0;0;0;0;0;0;0;0;0;0;0;0;0;0;0;0;0;0
178;Congo;Share in total final energy consumption (%);Wind;IEA (2024), World Energy Balances;0;0;0;0;0;0;0;0;0;0;0;0;0;0;0;0;0;0;0;0;0;0;0;0;0;0;0;0;0;0;0;0;0
178;Congo;Share in total final energy consumption (%);Solar;IEA (2024), World Energy Balances;0;0;0;0;0;0;0;0;0;0;0;0;0;0;0;0;0;0;0;0;0;0;0;0;0;0;0;0;0;0;0;0;0
178;Congo;Final consumption of renewable energy (PJ) - Heat raising;Renewables;IEA (2024), World Energy Balances;15.3;15.7;16.1;16.4;16.2;15.8;16.5;16.6;16.8;16.1;11.8;12.9;14.2;15.5;16.8;18.2;29.8;21.3;23.1;24.9;26.8;44.8;47;48.2;49.4;50.5;52.1;53.8;54.6;55.4;56.2;57;57.8
178;Congo;Final consumption of renewable energy (PJ) - Transport;Renewables;IEA (2024), World Energy Balances;0;0;0;0;0;0;0;0;0;0;0;0;0;0;0;0;0;0;0;0;0;0;0;0;0;0;0;0;0;0;0;0;0
178;Congo;Final consumption of renewable energy (PJ) - Electricity consumption;Renewables;IEA (2024), World Energy Balances;1.2;1.4;1.4;1.2;1.2;1.2;1.2;1;0.8;0.5;0.9;1;1.1;0.9;0.9;1;1.2;1.2;1.3;1.1;1;1.3;1.7;1.6;1.7;1.9;2;2.3;2;1.3;1.3;1.4;1.6
184;Cook Islands;Total final energy consumption (PJ);Total;Energy Balances, UN Statistics Division (2024);0.5;0.5;0.5;0.6;0.6;0.6;0.6;0.6;0.6;0.6;0.6;0.6;0.5;0.5;0.6;0.7;0.8;0.7;0.8;0.7;0.8;0.9;0.9;0.9;1;1;0.9;1;1;1;0.9;0.9;1
184;Cook Islands;Share in total final energy consumption (%);Renewables;Energy Balances, UN Statistics Division (2024);11.2;11.3;11.4;10.6;10.7;10.7;9.8;9.7;9.6;9.4;9.3;9.9;12.2;11.1;10.4;9.4;8.4;8.7;8.4;9;7.3;6.5;6.2;6.3;6.3;7.2;7.7;8;9.4;9;9.9;8.8;8.5
184;Cook Islands;Share in total final energy consumption (%);Modern renewables;Energy Balances, UN Statistics Division (2024);0;0;0;0;0;0;0;0;0;0;0;0;0;0;0;0;0;0;0;0;0;0;0;0.2;0.5;1.2;1.7;2.1;3.6;3.4;3.3;2.6;2.6
184;Cook Islands;Share in total final energy consumption (%);Municipal waste (renew);Energy Balances, UN Statistics Division (2024);0;0;0;0;0;0;0;0;0;0;0;0;0;0;0;0;0;0;0;0;0;0;0;0;0;0;0;0;0;0;0;0;0
184;Cook Islands;Share in total final energy consumption (%);Liquid biofuels;Energy Balances, UN Statistics Division (2024);0;0;0;0;0;0;0;0;0;0;0;0;0;0;0;0;0;0;0;0;0;0;0;0;0;0;0;0;0;0;0;0;0
184;Cook Islands;Share in total final energy consumption (%);Solid biofuels;Energy Balances, UN Statistics Division (2024);11.2;11.3;11.4;10.6;10.7;10.7;9.8;9.7;9.6;9.4;9.2;9.9;12.2;11;10.4;9.4;8.4;8.7;8.4;9;7.2;6.5;6.2;6.1;5.8;6;6.1;5.9;5.8;5.7;6.7;6.1;5.9
184;Cook Islands;Share in total final energy consumption (%);Biogases;Energy Balances, UN Statistics Division (2024);0;0;0;0;0;0;0;0;0;0;0;0;0;0;0;0;0;0;0;0;0;0;0;0;0;0;0;0;0;0;0;0;0
184;Cook Islands;Share in total final energy consumption (%);Hydro;Energy Balances, UN Statistics Division (2024);0;0;0;0;0;0;0;0;0;0;0;0;0;0;0;0;0;0;0;0;0;0;0;0;0;0;0;0;0;0;0;0;0
184;Cook Islands;Share in total final energy consumption (%);Geothermal;Energy Balances, UN Statistics Division (2024);0;0;0;0;0;0;0;0;0;0;0;0;0;0;0;0;0;0;0;0;0;0;0;0;0;0;0;0;0;0;0;0;0
184;Cook Islands;Share in total final energy consumption (%);Tide, wave and ocean;Energy Balances, UN Statistics Division (2024);0;0;0;0;0;0;0;0;0;0;0;0;0;0;0;0;0;0;0;0;0;0;0;0;0;0;0;0;0;0;0;0;0
184;Cook Islands;Share in total final energy consumption (%);Wind;Energy Balances, UN Statistics Division (2024);0;0;0;0;0;0;0;0;0;0;0;0;0;0;0;0;0;0;0;0;0;0;0;0;0;0;0;0;0;0;0;0;0
184;Cook Islands;Share in total final energy consumption (%);Solar;Energy Balances, UN Statistics Division (2024);0;0;0;0;0;0;0;0;0;0;0;0;0;0;0;0;0;0;0;0;0;0;0;0.2;0.5;1.2;1.7;2.1;3.6;3.4;3.3;2.6;2.6
184;Cook Islands;Final consumption of renewable energy (PJ) - Heat raising;Renewables;Energy Balances, UN Statistics Division (2024);0.1;0.1;0.1;0.1;0.1;0.1;0.1;0.1;0.1;0.1;0.1;0.1;0.1;0.1;0.1;0.1;0.1;0.1;0.1;0.1;0.1;0.1;0.1;0.1;0.1;0.1;0.1;0.1;0.1;0.1;0.1;0.1;0.1
184;Cook Islands;Final consumption of renewable energy (PJ) - Transport;Renewables;Energy Balances, UN Statistics Division (2024);0;0;0;0;0;0;0;0;0;0;0;0;0;0;0;0;0;0;0;0;0;0;0;0;0;0;0;0;0;0;0;0;0
184;Cook Islands;Final consumption of renewable energy (PJ) - Electricity consumption;Renewables;Energy Balances, UN Statistics Division (2024);0;0;0;0;0;0;0;0;0;0;0;0;0;0;0;0;0;0;0;0;0;0;0;0;0;0;0;0;0;0;0;0;0
188;Costa Rica;Total final energy consumption (PJ);Total;IEA (2024), World Energy Balances;61.1;63.3;71.4;74.1;78.7;80.2;82;80.1;83.6;88.3;92.3;96.6;100.1;105.7;118.2;123.7;132.9;142.6;142.4;140.1;142.1;141.9;144.5;146.9;148.6;153.3;156.2;157.8;156.7;155.9;143;156.4;158.8
188;Costa Rica;Share in total final energy consumption (%);Renewables;IEA (2024), World Energy Balances;45.4;44.7;35.1;36.3;35.8;35;36.6;33.6;28.9;29.9;32.9;32.1;32.5;33.3;39.2;41.7;42.4;41.2;40.7;40.7;40.4;38;38.1;37.8;37.6;38.3;34.1;33.3;33.1;33.4;36.4;34.2;34.1
188;Costa Rica;Share in total final energy consumption (%);Modern renewables;IEA (2024), World Energy Balances;45.4;44.7;35.1;36.3;35.8;35;36.6;33.6;28.9;29.9;32.9;32.1;32.5;33.3;39.2;41.7;42.4;41.2;40.7;40.7;40.4;38;38.1;37.8;37.6;38.3;34.1;33.3;33.1;33.4;36.4;34.2;34.1
188;Costa Rica;Share in total final energy consumption (%);Municipal waste (renew);IEA (2024), World Energy Balances;0;0;0;0;0;0;0;0;0;0;0;0;0;0;0;0;0;0;0;0;0;0;0;0;0;0;0;0;0;0;0;0;0
188;Costa Rica;Share in total final energy consumption (%);Liquid biofuels;IEA (2024), World Energy Balances;0;0;0;0;0;0;0;0;0;0;0;0;0;0;0;0;0;0;0;0;0;0;0;0;0;0;0;0;0;0;0;0;0
188;Costa Rica;Share in total final energy consumption (%);Solid biofuels;IEA (2024), World Energy Balances;26.4;26.3;19.9;19.4;18.6;19;18.9;13.1;8.7;8.2;10.7;10;10.2;11.1;18.1;21.1;22.7;22.2;21.1;20.7;20.5;18.3;17.8;18.5;18;16.8;12.3;11.2;10.8;10.5;11.9;10.7;10.6
188;Costa Rica;Share in total final energy consumption (%);Biogases;IEA (2024), World Energy Balances;0;0;0;0;0;0;0;0;0;0;0;0;0;0;0;0.1;0;0;0;0;0;0;0;0;0;0;0;0;0;0;0;0;0
188;Costa Rica;Share in total final energy consumption (%);Hydro;IEA (2024), World Energy Balances;19;18.4;13.4;15.1;15.4;14.2;15.5;18.1;17.4;18.4;18.4;18.2;18.1;18.5;17.3;17;16.1;15.5;16.6;16.6;16.4;16;16;14.9;14.7;16.5;16.6;17.3;16.7;16;17.6;17.4;17.8
188;Costa Rica;Share in total final energy consumption (%);Geothermal;IEA (2024), World Energy Balances;0;0;1.8;1.8;1.8;1.9;2.1;2;2.4;2.9;3.2;3.3;3.4;2.8;3.1;3;3;2.8;2.5;2.7;2.7;2.9;3.1;3.3;3.4;2.8;2.8;2.2;1.9;3.1;3.6;3;3
188;Costa Rica;Share in total final energy consumption (%);Tide, wave and ocean;IEA (2024), World Energy Balances;0;0;0;0;0;0;0;0;0;0;0;0;0;0;0;0;0;0;0;0;0;0;0;0;0;0;0;0;0;0;0;0;0
188;Costa Rica;Share in total final energy consumption (%);Wind;IEA (2024), World Energy Balances;0;0;0;0;0;0;0.1;0.3;0.4;0.4;0.6;0.6;0.8;0.9;0.7;0.5;0.7;0.6;0.4;0.7;0.8;0.9;1.2;1.1;1.6;2.2;2.4;2.6;3.6;3.7;3.1;2.9;2.6
188;Costa Rica;Share in total final energy consumption (%);Solar;IEA (2024), World Energy Balances;0;0;0;0;0;0;0;0;0;0;0;0;0;0;0;0;0;0;0;0;0;0;0;0;0;0;0.1;0.1;0.1;0.1;0.1;0.2;0.2
188;Costa Rica;Final consumption of renewable energy (PJ) - Heat raising;Renewables;IEA (2024), World Energy Balances;16.1;16.6;14.2;14.3;14.5;15.2;15.5;10.5;7.2;7.3;9.9;9.6;10.1;11.6;21.3;26;29.9;31.5;29.9;28.6;28.6;25.5;25.2;26.6;26.1;25.2;18.6;17;16.3;15.7;16.5;16.1;16.6
188;Costa Rica;Final consumption of renewable energy (PJ) - Transport;Renewables;IEA (2024), World Energy Balances;0.1;0;0;0;0;0;0;0;0;0;0;0;0;0;0;0;0;0;0;0;0;0;0;0;0;0;0;0;0;0;0;0;0
188;Costa Rica;Final consumption of renewable energy (PJ) - Electricity consumption;Renewables;IEA (2024), World Energy Balances;11.5;11.6;10.9;12.6;13.6;12.9;14.5;16.4;16.9;19.1;20.5;21.4;22.5;23.6;25;25.6;26.4;27.3;28.1;28.5;28.8;28.5;29.8;28.9;29.8;33.6;34.7;35.6;35.6;36.4;35.6;37.3;37.5
384;Côte d'Ivoire;Total final energy consumption (PJ);Total;IEA (2024), World Energy Balances;119.2;122.4;124.6;126.8;129.7;136.7;141.7;149;148.1;180.2;179.9;178.6;179.9;170.9;213.2;210.9;225.9;228.1;232.4;220.3;238.1;265.6;289.2;307;317.3;282.6;284.4;301.7;282.2;304.1;312.4;395.4;413.1
384;Côte d'Ivoire;Share in total final energy consumption (%);Renewables;IEA (2024), World Energy Balances;73.6;74;74.6;75.1;75.6;74.9;74;72.1;73.5;61.9;63.7;64.7;65.3;70.3;75.4;77.9;74.8;76.3;74.2;73.7;75.4;79.1;74.9;72.2;71.9;64.5;64;62.5;60.5;61.1;61.1;56;54.3
384;Côte d'Ivoire;Share in total final energy consumption (%);Modern renewables;IEA (2024), World Energy Balances;12.8;12.7;12.4;12.1;12.2;13.1;12.5;12;11.7;9.9;10.1;10.4;10.3;11.2;9.4;9.5;9.3;9.9;9.8;9.8;9;9.6;9.3;8.7;8.8;7.6;8.6;8.3;9;9.5;9.4;7.9;7.8
384;Côte d'Ivoire;Share in total final energy consumption (%);Municipal waste (renew);IEA (2024), World Energy Balances;0;0;0;0;0;0;0;0;0;0;0;0;0;0;0;0;0;0;0;0;0;0;0;0;0;0;0;0;0;0;0;0;0
384;Côte d'Ivoire;Share in total final energy consumption (%);Liquid biofuels;IEA (2024), World Energy Balances;0;0;0;0;0;0;0;0;0;0;0;0;0;0;0;0;0;0;0;0;0;0;0;0;0;0;0;0;0;0;0;0;0
384;Côte d'Ivoire;Share in total final energy consumption (%);Solid biofuels;IEA (2024), World Energy Balances;69.9;70.5;71.5;72.6;73;71.1;70.8;69.3;71.1;60;61.7;62.5;63.4;68.1;73.8;76.6;73.4;74.6;72.3;71.4;73.7;77.5;73.3;70.9;70.5;63.3;62.7;61.1;57.9;58.1;58.3;54.1;52.3
384;Côte d'Ivoire;Share in total final energy consumption (%);Biogases;IEA (2024), World Energy Balances;0;0;0;0;0;0;0;0;0;0;0;0;0;0;0;0;0;0;0;0;0;0;0;0;0;0;0;0;0;0;0;0;0
384;Côte d'Ivoire;Share in total final energy consumption (%);Hydro;IEA (2024), World Energy Balances;3.6;3.5;3;2.6;2.6;3.8;3.2;2.8;2.3;2;2;2.2;1.9;2.2;1.6;1.3;1.4;1.8;1.9;2.3;1.8;1.6;1.6;1.2;1.5;1.2;1.3;1.5;2.6;3;2.8;1.9;1.9
384;Côte d'Ivoire;Share in total final energy consumption (%);Geothermal;IEA (2024), World Energy Balances;0;0;0;0;0;0;0;0;0;0;0;0;0;0;0;0;0;0;0;0;0;0;0;0;0;0;0;0;0;0;0;0;0
384;Côte d'Ivoire;Share in total final energy consumption (%);Tide, wave and ocean;IEA (2024), World Energy Balances;0;0;0;0;0;0;0;0;0;0;0;0;0;0;0;0;0;0;0;0;0;0;0;0;0;0;0;0;0;0;0;0;0
384;Côte d'Ivoire;Share in total final energy consumption (%);Wind;IEA (2024), World Energy Balances;0;0;0;0;0;0;0;0;0;0;0;0;0;0;0;0;0;0;0;0;0;0;0;0;0;0;0;0;0;0;0;0;0
384;Côte d'Ivoire;Share in total final energy consumption (%);Solar;IEA (2024), World Energy Balances;0;0;0;0;0;0;0;0;0;0;0;0;0;0;0;0;0;0;0;0;0;0;0;0;0;0;0;0;0;0;0;0;0
384;Côte d'Ivoire;Final consumption of renewable energy (PJ) - Heat raising;Renewables;IEA (2024), World Energy Balances;83.4;86.3;89.2;92;94.7;97.3;100.4;103.3;105.3;108.1;111;111.7;114;116.3;157.1;161.3;165.5;169.8;167.8;157.1;175.2;205.7;212;217.6;223.4;178.7;178.1;183.9;163.2;176.6;181.9;213.5;215.8
384;Côte d'Ivoire;Final consumption of renewable energy (PJ) - Transport;Renewables;IEA (2024), World Energy Balances;0;0;0;0;0;0;0;0;0;0;0;0;0;0;0;0;0;0;0;0;0;0;0;0;0;0;0;0;0;0;0;0;0
384;Côte d'Ivoire;Final consumption of renewable energy (PJ) - Electricity consumption;Renewables;IEA (2024), World Energy Balances;4.3;4.3;3.8;3.3;3.4;5.2;4.5;4.2;3.5;3.6;3.6;3.9;3.5;3.8;3.6;3;3.4;4.3;4.7;5.3;4.4;4.4;4.7;4;4.8;3.6;4;4.8;7.5;9.1;9.1;7.7;8.3
191;Croatia;Total final energy consumption (PJ);Total;IEA (2024), World Energy Balances;264.6;234.8;203.2;208.5;210.1;217.5;238.3;244.3;247.6;254.6;247.4;260.5;263.8;282.4;289.3;299.2;299.7;300.7;305.2;296.3;297.5;286.9;273.6;269.8;255.8;270.6;272.5;283.4;278.9;280.8;268.5;287.4;280.4
191;Croatia;Share in total final energy consumption (%);Renewables;IEA (2024), World Energy Balances;21.7;32.7;29.8;29.9;30.1;30.3;32.6;29.1;28.1;27.8;26.8;26.9;24.6;24.8;26.6;26.8;25.5;22.7;24.1;27.2;29.8;27.2;29.4;32.8;33.6;33.1;31.8;29.8;32.8;31.6;32.4;34.1;30.6
191;Croatia;Share in total final energy consumption (%);Modern renewables;IEA (2024), World Energy Balances;21.7;32.7;29.8;29.9;30.1;30.3;32.6;29.1;28.1;27.8;26.8;26.9;24.6;24.8;26.6;26.8;25.5;22.7;24.1;27.2;29.8;27.2;29.4;32.8;33.6;33.1;31.8;29.8;32.8;31.6;32.4;34.1;30.6
191;Croatia;Share in total final energy consumption (%);Municipal waste (renew);IEA (2024), World Energy Balances;0;0;0;0;0;0;0;0;0;0;0;0;0;0;0;0;0;0;0;0;0;0;0;0;0;0;0;0;0;0;0;0;0
191;Croatia;Share in total final energy consumption (%);Liquid biofuels;IEA (2024), World Energy Balances;0;0;0;0;0;0;0;0;0;0;0;0;0;0;0;0;0;0;0;0.1;0;0.1;0.6;0.5;0.5;0.4;0;0;0.4;0.9;1;1.3;0.3
191;Croatia;Share in total final energy consumption (%);Solid biofuels;IEA (2024), World Energy Balances;13.7;21.3;21.5;22.2;19.9;20.3;21.7;19.8;19.6;18.4;16.9;17.6;16.6;18;17.2;17.4;16.2;15.6;15.3;16.4;17.5;17.6;18.6;18.7;17.4;18.9;18.3;17.5;17.4;17.3;18.5;18.7;17.7
191;Croatia;Share in total final energy consumption (%);Biogases;IEA (2024), World Energy Balances;0;0;0;0;0;0;0;0;0;0;0;0;0;0;0;0;0;0;0;0;0.1;0.1;0.1;0.2;0.2;0.4;0.5;0.6;0.7;0.8;0.8;0.8;0.8
191;Croatia;Share in total final energy consumption (%);Hydro;IEA (2024), World Energy Balances;8;11.4;8.2;7.7;10.2;10.1;10.9;9.3;8.5;9.3;9.9;9.3;8;6.8;9.4;9.3;9.3;6.9;8.6;10.4;11.8;8.8;9.2;12.4;14;11.6;11;9.1;11.9;9.5;8.7;9.7;8.1
191;Croatia;Share in total final energy consumption (%);Geothermal;IEA (2024), World Energy Balances;0;0;0;0;0;0;0;0;0;0;0;0;0;0;0;0;0;0;0;0;0.1;0.1;0.1;0.1;0.1;0.1;0.1;0.1;0.1;0.3;0.3;0.2;0.2
191;Croatia;Share in total final energy consumption (%);Tide, wave and ocean;IEA (2024), World Energy Balances;0;0;0;0;0;0;0;0;0;0;0;0;0;0;0;0;0;0;0;0;0;0;0;0;0;0;0;0;0;0;0;0;0
191;Croatia;Share in total final energy consumption (%);Wind;IEA (2024), World Energy Balances;0;0;0;0;0;0;0;0;0;0;0;0;0;0;0;0;0;0.1;0.1;0.1;0.2;0.4;0.6;0.7;1.1;1.4;1.6;2.1;2.1;2.4;2.7;2.8;3.2
191;Croatia;Share in total final energy consumption (%);Solar;IEA (2024), World Energy Balances;0;0;0;0;0;0;0;0;0;0;0;0;0;0;0;0;0;0;0.1;0.1;0.1;0.1;0.1;0.1;0.2;0.3;0.3;0.3;0.3;0.4;0.4;0.5;0.5
191;Croatia;Final consumption of renewable energy (PJ) - Heat raising;Renewables;IEA (2024), World Energy Balances;36.1;50.1;43.7;46.1;41.8;44.1;51.7;48.5;48.5;46.9;42;45.8;43.9;50.8;49.8;52.1;48.5;47.1;47;48.9;52.5;51.1;51.5;51.1;45.2;51.6;50.2;49.7;48.4;47.8;48.8;52.7;47.9
191;Croatia;Final consumption of renewable energy (PJ) - Transport;Renewables;IEA (2024), World Energy Balances;0.6;0.8;0.4;0.3;0.3;0.3;0.4;0.3;0.4;0.4;0.5;0.5;0.4;0.4;0.5;0.5;0.5;0.5;0.6;0.9;0.7;0.6;2;1.9;1.9;1.6;0.6;0.6;1.9;3.3;3.4;4.5;1.5
191;Croatia;Final consumption of renewable energy (PJ) - Electricity consumption;Renewables;IEA (2024), World Energy Balances;20.6;26;16.4;15.8;21.1;21.6;25.7;22.4;20.6;23.4;23.9;23.8;20.7;19;26.6;27.6;27.4;20.6;26.1;30.7;35.3;26.2;27;35.5;38.9;36.3;35.9;34.2;41.3;37.7;34.8;40.7;36.4
192;Cuba;Total final energy consumption (PJ);Total;IEA (2024), World Energy Balances;568.4;458.3;395.3;315;319.8;314.4;351.7;385.3;370.7;394.6;399.2;406.4;322.8;292.5;290.1;280;276.9;275.3;257;257.6;263.8;257.3;267.3;269.4;242.4;273.3;238.5;258.2;266;246.2;241.3;237;200
192;Cuba;Share in total final energy consumption (%);Renewables;IEA (2024), World Energy Balances;42.9;47.2;51.3;46.9;45.8;41.3;41.4;36.8;34.8;33.7;34.4;34;34.8;33.6;33.8;26.3;22;18.6;18.7;19;15.6;19.2;19.4;18.2;23.2;21.1;19.2;22;24;23.2;24.9;19.9;18.3
192;Cuba;Share in total final energy consumption (%);Modern renewables;IEA (2024), World Energy Balances;42.5;46.7;50.7;46.2;45.3;40.7;40.9;36.3;34.2;33.2;33.9;33.6;34.2;33.3;33.5;26.1;21.7;18.2;18.5;18.8;15.4;19;19.3;18;22.9;21;19;21.8;23.9;23.1;24.8;19.8;18.2
192;Cuba;Share in total final energy consumption (%);Municipal waste (renew);IEA (2024), World Energy Balances;0;0;0;0;0;0;0;0;0;0;0;0;0;0;0;0;0;0;0;0;0;0;0;0;0;0;0;0;0;0;0;0;0
192;Cuba;Share in total final energy consumption (%);Liquid biofuels;IEA (2024), World Energy Balances;9.4;11.8;10.8;10.9;10.7;11.6;10.1;9.7;10.1;9.1;9.1;8.5;10.2;11.4;11.2;10.9;7.7;4.2;4.3;3.9;3.8;4.2;3.8;3.5;3.9;3.4;4;3.6;3.5;3.6;3.7;3.4;3.7
192;Cuba;Share in total final energy consumption (%);Solid biofuels;IEA (2024), World Energy Balances;33.4;35.4;40.4;35.9;35.1;29.6;31.2;27.1;24.6;24.5;25.3;25.5;24.5;22;22.5;15.3;14.2;14.3;14.3;14.9;11.7;14.8;15.5;14.5;19.1;17.6;15;18.2;20.2;19.2;20.8;16.1;14.1
192;Cuba;Share in total final energy consumption (%);Biogases;IEA (2024), World Energy Balances;0;0;0;0;0;0;0;0;0;0;0;0;0;0;0;0;0;0;0;0;0;0;0;0;0;0;0;0;0;0;0;0;0
192;Cuba;Share in total final energy consumption (%);Hydro;IEA (2024), World Energy Balances;0;0.1;0.1;0.1;0;0.1;0.1;0.1;0.1;0.1;0.1;0.1;0.1;0.1;0.1;0.1;0.1;0.1;0.2;0.2;0.1;0.1;0.1;0.1;0.1;0.1;0.1;0.1;0.1;0.1;0.1;0.1;0.2
192;Cuba;Share in total final energy consumption (%);Geothermal;IEA (2024), World Energy Balances;0;0;0;0;0;0;0;0;0;0;0;0;0;0;0;0;0;0;0;0;0;0;0;0;0;0;0;0;0;0;0;0;0
192;Cuba;Share in total final energy consumption (%);Tide, wave and ocean;IEA (2024), World Energy Balances;0;0;0;0;0;0;0;0;0;0;0;0;0;0;0;0;0;0;0;0;0;0;0;0;0;0;0;0;0;0;0;0;0
192;Cuba;Share in total final energy consumption (%);Wind;IEA (2024), World Energy Balances;0;0;0;0;0;0;0;0;0;0;0;0;0;0;0;0;0;0;0;0;0;0;0;0;0;0;0;0;0;0;0.1;0.1;0.1
192;Cuba;Share in total final energy consumption (%);Solar;IEA (2024), World Energy Balances;0;0;0;0;0;0;0;0;0;0;0;0;0;0;0;0;0;0;0;0;0;0;0;0;0;0;0;0.1;0.1;0.2;0.3;0.3;0.3
192;Cuba;Final consumption of renewable energy (PJ) - Heat raising;Renewables;IEA (2024), World Energy Balances;239.4;212.4;198.8;145;143.9;127.7;143;139.1;126.7;130.3;134.5;135.5;109.4;95.8;95.5;72.3;59.4;49.7;46.1;46.9;39.6;47.8;49.9;46.8;53.9;55.4;43.4;54.6;61.8;54.7;57.4;45;34.7
192;Cuba;Final consumption of renewable energy (PJ) - Transport;Renewables;IEA (2024), World Energy Balances;0;0;0;0;0;0;0;0;0;0;0;0;0;0;0;0;0;0;0;0;0;0;0;0;0;0;0;0;0;0;0;0;0
192;Cuba;Final consumption of renewable energy (PJ) - Electricity consumption;Renewables;IEA (2024), World Energy Balances;4.4;3.8;4;2.6;2.5;2;2.7;2.7;2.3;2.7;2.9;2.8;2.9;2.4;2.5;1.4;1.4;1.5;2;1.9;1.6;1.6;1.9;2.3;2.2;2.3;2.3;2.1;2;2.4;2.6;2.2;1.9
531;Curaçao;Total final energy consumption (PJ);Total;IEA (2024), World Energy Balances;24.7;26.1;27.6;23.5;27.7;28;28.5;27.8;29;30;31.1;30.8;30.9;31.3;31.4;31.8;32.1;32.9;33.5;33.5;33.6;33.8;31.2;30.6;30.5;30.7;30.6;30.3;29.7;29;24.8;25.5;26.6
531;Curaçao;Share in total final energy consumption (%);Renewables;IEA (2024), World Energy Balances;0;0;0;0.1;0.1;0.1;0.1;0.1;0.1;0.1;0.1;0.6;0.6;0.6;0.6;0.6;0.6;0.6;0.5;0.5;0.5;0.5;0.6;1.1;1.4;1.3;1.4;1.9;2.5;2.5;2.8;2.8;2.6
531;Curaçao;Share in total final energy consumption (%);Modern renewables;IEA (2024), World Energy Balances;0;0;0;0.1;0.1;0.1;0.1;0.1;0.1;0.1;0.1;0.6;0.6;0.6;0.6;0.6;0.6;0.6;0.5;0.5;0.5;0.5;0.6;1.1;1.4;1.3;1.4;1.9;2.5;2.5;2.8;2.8;2.6
531;Curaçao;Share in total final energy consumption (%);Municipal waste (renew);IEA (2024), World Energy Balances;0;0;0;0;0;0;0;0;0;0;0;0;0;0;0;0;0;0;0;0;0;0;0;0;0;0;0;0;0;0;0;0;0
531;Curaçao;Share in total final energy consumption (%);Liquid biofuels;IEA (2024), World Energy Balances;0;0;0;0;0;0;0;0;0;0;0;0;0;0;0;0;0;0;0;0;0;0;0;0;0;0;0;0;0;0;0;0;0
531;Curaçao;Share in total final energy consumption (%);Solid biofuels;IEA (2024), World Energy Balances;0;0;0;0;0;0;0;0;0;0;0;0;0;0;0;0;0;0;0;0;0;0;0;0;0;0;0;0;0;0;0;0;0
531;Curaçao;Share in total final energy consumption (%);Biogases;IEA (2024), World Energy Balances;0;0;0;0;0;0;0;0;0;0;0;0;0;0;0;0;0;0;0;0;0;0;0;0;0;0;0;0;0;0;0;0;0
531;Curaçao;Share in total final energy consumption (%);Hydro;IEA (2024), World Energy Balances;0;0;0;0;0;0;0;0;0;0;0;0;0;0;0;0;0;0;0;0;0;0;0;0;0;0;0;0;0;0;0;0;0
531;Curaçao;Share in total final energy consumption (%);Geothermal;IEA (2024), World Energy Balances;0;0;0;0;0;0;0;0;0;0;0;0;0;0;0;0;0;0;0;0;0;0;0;0;0;0;0;0;0;0;0;0;0
531;Curaçao;Share in total final energy consumption (%);Tide, wave and ocean;IEA (2024), World Energy Balances;0;0;0;0;0;0;0;0;0;0;0;0;0;0;0;0;0;0;0;0;0;0;0;0;0;0;0;0;0;0;0;0;0
531;Curaçao;Share in total final energy consumption (%);Wind;IEA (2024), World Energy Balances;0;0;0;0.1;0.1;0.1;0.1;0.1;0.1;0.1;0.1;0.6;0.6;0.6;0.6;0.6;0.6;0.6;0.5;0.5;0.5;0.5;0.6;1.1;1.2;1.1;1.2;1.7;2.3;2.3;2.4;2.4;2.2
531;Curaçao;Share in total final energy consumption (%);Solar;IEA (2024), World Energy Balances;0;0;0;0;0;0;0;0;0;0;0;0;0;0;0;0;0;0;0;0;0;0;0;0;0.1;0.2;0.2;0.2;0.2;0.3;0.3;0.3;0.3
531;Curaçao;Final consumption of renewable energy (PJ) - Heat raising;Renewables;IEA (2024), World Energy Balances;0;0;0;0;0;0;0;0;0;0;0;0;0;0;0;0;0;0;0;0;0;0;0;0;0;0;0;0;0;0;0;0;0
531;Curaçao;Final consumption of renewable energy (PJ) - Transport;Renewables;IEA (2024), World Energy Balances;0;0;0;0;0;0;0;0;0;0;0;0;0;0;0;0;0;0;0;0;0;0;0;0;0;0;0;0;0;0;0;0;0
531;Curaçao;Final consumption of renewable energy (PJ) - Electricity consumption;Renewables;IEA (2024), World Energy Balances;0;0;0;0;0;0;0;0;0;0;0;0.2;0.2;0.2;0.2;0.2;0.2;0.2;0.2;0.2;0.2;0.2;0.2;0.3;0.4;0.4;0.4;0.6;0.8;0.7;0.7;0.7;0.7
196;Cyprus;Total final energy consumption (PJ);Total;IEA (2024), World Energy Balances;35.7;41.5;43.2;44.5;46.2;48.2;50.9;51.1;53.5;55;57.2;57.6;58.7;62;63.7;63.9;64.8;68;70;69.4;68.8;67.4;62.3;57.3;57.5;59.4;62.2;64.8;64.1;65.9;61.8;64.2;65.2
196;Cyprus;Share in total final energy consumption (%);Renewables;IEA (2024), World Energy Balances;0.5;0.4;0.3;0.3;0.7;3.3;3.3;3.3;3.2;3.2;3.1;3;3.2;3.2;3.3;3.3;3.5;4.3;5.7;6.3;6.5;7.6;8.6;9.7;9.5;10.4;10.3;10.9;12;12;15;15.6;15.8
196;Cyprus;Share in total final energy consumption (%);Modern renewables;IEA (2024), World Energy Balances;0.5;0.4;0.3;0.3;0.7;3.3;3.3;3.3;3.2;3.2;3.1;3;3.2;3.2;3.3;3.3;3.5;4.3;5.7;6.3;6.5;7.6;8.6;9.7;9.5;10.4;10.3;10.9;12;12;15;15.6;15.8
196;Cyprus;Share in total final energy consumption (%);Municipal waste (renew);IEA (2024), World Energy Balances;0;0;0;0;0;0;0;0;0;0;0;0;0;0;0;0;0;0;0;0;0;0;0.1;0.3;0.3;0.5;0.7;1.2;1.8;1.4;2.2;2.3;1.7
196;Cyprus;Share in total final energy consumption (%);Liquid biofuels;IEA (2024), World Energy Balances;0;0;0;0;0;0;0;0;0;0;0;0;0;0;0;0;0;0.1;0.8;0.9;0.9;1;1.1;1.1;0.7;0.7;0.6;0.6;0.6;0.7;1.7;1.6;1.5
196;Cyprus;Share in total final energy consumption (%);Solid biofuels;IEA (2024), World Energy Balances;0.5;0.4;0.3;0.3;0.7;0.6;0.7;0.6;0.6;0.6;0.5;0.5;0.6;0.8;0.7;0.6;0.7;0.9;1.4;1.6;1.4;1.5;1.3;1.3;1.4;1.9;1.8;2.1;2.1;2.2;2.5;2.3;2.8
196;Cyprus;Share in total final energy consumption (%);Biogases;IEA (2024), World Energy Balances;0;0;0;0;0;0;0;0;0;0;0;0;0;0;0;0;0;0;0.1;0.2;0.3;0.6;0.6;0.7;0.7;0.6;0.6;0.6;0.7;0.7;0.7;0.7;0.7
196;Cyprus;Share in total final energy consumption (%);Hydro;IEA (2024), World Energy Balances;0;0;0;0;0;0;0;0;0;0;0;0;0;0;0;0;0;0;0;0;0;0;0;0;0;0;0;0;0;0;0;0;0
196;Cyprus;Share in total final energy consumption (%);Geothermal;IEA (2024), World Energy Balances;0;0;0;0;0;0;0;0;0;0;0;0;0;0;0;0;0;0;0;0;0;0;0;0;0;0;0;0;0;0;0;0;0
196;Cyprus;Share in total final energy consumption (%);Tide, wave and ocean;IEA (2024), World Energy Balances;0;0;0;0;0;0;0;0;0;0;0;0;0;0;0;0;0;0;0;0;0;0;0;0;0;0;0;0;0;0;0;0;0
196;Cyprus;Share in total final energy consumption (%);Wind;IEA (2024), World Energy Balances;0;0;0;0;0;0;0;0;0;0;0;0;0;0;0;0;0;0;0;0;0.2;0.6;1;1.3;1;1.2;1.2;1.1;1.1;1.2;1.3;1.3;1.1
196;Cyprus;Share in total final energy consumption (%);Solar;IEA (2024), World Energy Balances;0;0;0;0;0;2.7;2.6;2.7;2.7;2.7;2.6;2.5;2.5;2.4;2.6;2.7;2.8;3.3;3.4;3.5;3.7;4;4.4;5.1;5.3;5.5;5.4;5.4;5.7;5.7;6.6;7.3;8
196;Cyprus;Final consumption of renewable energy (PJ) - Heat raising;Renewables;IEA (2024), World Energy Balances;0.2;0.2;0.1;0.1;0.3;1.6;1.7;1.7;1.7;1.8;1.8;1.7;1.9;2;2.1;2.1;2.3;2.9;3.3;3.6;3.6;3.8;3.8;3.9;4;4.5;4.6;5.3;5.7;5.7;6.3;6.4;6.4
196;Cyprus;Final consumption of renewable energy (PJ) - Transport;Renewables;IEA (2024), World Energy Balances;0;0;0;0;0;0;0;0;0;0;0;0;0;0;0;0;0;0;0.6;0.6;0.6;0.7;0.7;0.6;0.4;0.4;0.4;0.4;0.4;0.4;1;1;1
196;Cyprus;Final consumption of renewable energy (PJ) - Electricity consumption;Renewables;IEA (2024), World Energy Balances;0;0;0;0;0;0;0;0;0;0;0;0;0;0;0;0;0;0;0;0.1;0.2;0.6;0.9;1.1;1;1.3;1.4;1.4;1.6;1.7;1.9;2.5;2.9
203;Czechia;Total final energy consumption (PJ);Total;IEA (2024), World Energy Balances;1305.3;1175.5;1161.4;1133;1061.4;1049.6;1067;1053;1013.5;977;1005.2;1029;1003.3;1047.7;1054.8;1046.2;1052.2;1029.3;1028.2;996.2;1006.2;973;972.2;963.5;934.1;961;985.4;1015.6;1004;1003.7;983.1;1045.8;995.5
203;Czechia;Share in total final energy consumption (%);Renewables;IEA (2024), World Energy Balances;3.6;4;5.9;5.8;5.9;5.3;5.2;5.6;6;6.5;5.9;6.3;7.3;6.7;7.1;7.5;7.9;8.3;9;10.3;11;12.2;12.8;13.9;14.9;14.8;14.8;14.5;14.7;15.9;17;17.2;17.2
203;Czechia;Share in total final energy consumption (%);Modern renewables;IEA (2024), World Energy Balances;3.6;4;5.9;5.8;5.9;5.3;5.2;5.6;6;6.5;5.9;6.3;7.3;6.7;7.1;7.5;7.9;8.3;9;10.3;11;12.2;12.8;13.9;14.9;14.8;14.8;14.5;14.7;15.9;17;17.2;17.2
203;Czechia;Share in total final energy consumption (%);Municipal waste (renew);IEA (2024), World Energy Balances;0;0;0;0;0.1;0.1;0.1;0.1;0.1;0.1;0.1;0.2;0.2;0.2;0.2;0.2;0.1;0.2;0.2;0.1;0.2;0.2;0.2;0.2;0.2;0.2;0.2;0.2;0.2;0.2;0.3;0.2;0.2
203;Czechia;Share in total final energy consumption (%);Liquid biofuels;IEA (2024), World Energy Balances;0;0;0;0;0;0.1;0.1;0.1;0.1;0.2;0.3;0.2;0.3;0.2;0.1;0;0.1;0.1;0.4;0.8;1;1.3;1.2;1.2;1.4;1.3;1.3;1.3;1.3;1.4;1.6;1.4;1.4
203;Czechia;Share in total final energy consumption (%);Solid biofuels;IEA (2024), World Energy Balances;3.3;3.7;5.5;5.4;5.4;4.6;4.5;4.9;5.3;5.6;5;5.4;6.2;5.9;6.3;6.7;6.9;7.4;7.6;8.3;8.5;9;9.5;10.1;10.8;10.8;10.7;10.4;10.7;11.6;12.3;12.7;12.6
203;Czechia;Share in total final energy consumption (%);Biogases;IEA (2024), World Energy Balances;0;0;0;0.1;0.1;0.1;0;0.1;0.1;0.1;0.1;0.1;0.1;0.1;0.1;0.1;0.1;0.2;0.2;0.3;0.4;0.5;0.8;1.1;1.3;1.3;1.4;1.3;1.3;1.3;1.4;1.4;1.5
203;Czechia;Share in total final energy consumption (%);Hydro;IEA (2024), World Energy Balances;0.2;0.2;0.3;0.3;0.4;0.5;0.5;0.4;0.4;0.5;0.4;0.5;0.6;0.3;0.4;0.5;0.6;0.5;0.5;0.6;0.6;0.4;0.5;0.6;0.5;0.4;0.5;0.4;0.4;0.5;0.6;0.6;0.5
203;Czechia;Share in total final energy consumption (%);Geothermal;IEA (2024), World Energy Balances;0;0;0;0;0;0;0;0;0;0;0;0;0;0;0;0;0;0;0;0;0;0;0;0;0;0;0;0;0;0;0;0;0
203;Czechia;Share in total final energy consumption (%);Tide, wave and ocean;IEA (2024), World Energy Balances;0;0;0;0;0;0;0;0;0;0;0;0;0;0;0;0;0;0;0;0;0;0;0;0;0;0;0;0;0;0;0;0;0
203;Czechia;Share in total final energy consumption (%);Wind;IEA (2024), World Energy Balances;0;0;0;0;0;0;0;0;0;0;0;0;0;0;0;0;0;0;0.1;0.1;0.1;0.1;0.1;0.1;0.1;0.1;0.1;0.1;0.1;0.2;0.2;0.1;0.2
203;Czechia;Share in total final energy consumption (%);Solar;IEA (2024), World Energy Balances;0;0;0;0;0;0;0;0;0;0;0;0;0;0;0;0;0;0;0;0;0.2;0.5;0.5;0.5;0.6;0.6;0.6;0.6;0.6;0.6;0.7;0.6;0.7
203;Czechia;Final consumption of renewable energy (PJ) - Heat raising;Renewables;IEA (2024), World Energy Balances;43.4;43.8;64.7;61.7;57.4;48.1;48.6;52;53.6;55;51.6;56.4;63.1;63.6;67.7;71.3;73.8;76.7;78.8;83.1;87;89.6;94.9;102.1;104.8;107.8;110;110.5;112.1;120.5;124.6;136.9;129.1
203;Czechia;Final consumption of renewable energy (PJ) - Transport;Renewables;IEA (2024), World Energy Balances;0.2;0.2;0.3;0.5;0.7;1;1.2;1.7;1.8;2.2;2.9;2.2;3;2.8;1.5;0.4;1;1.5;4.9;8.5;10.1;13;12.1;12.2;13.9;13.1;13.3;13.8;13.6;15;16.4;15.9;16
203;Czechia;Final consumption of renewable energy (PJ) - Electricity consumption;Renewables;IEA (2024), World Energy Balances;3;2.7;3.5;3.8;4.7;6.5;6.1;5.8;5.1;6.1;5.3;6.1;6.9;4.1;6;7.1;8.1;7.5;8.8;10.6;13.1;15.6;17.5;20.1;20;21.7;22.3;22.5;22;23.9;25.8;26.6;26.3
408;Democratic People's Republic of Korea;Total final energy consumption (PJ);Total;IEA (2024), World Energy Balances;1138.9;1064.6;966.3;905.3;820.6;779;684.6;650.8;618.6;659;704.9;726.4;697.4;714.6;731.3;763.4;773.6;653.2;720.9;670.2;653;483.5;470.2;353.5;385.8;280.7;296.7;675.3;601.2;665.8;644.2;548;569.5
408;Democratic People's Republic of Korea;Share in total final energy consumption (%);Renewables;IEA (2024), World Energy Balances;7.2;7.5;7.7;8;9;9.6;10.2;9.6;9.9;9.4;8.7;8.6;9;9.3;9.4;9.2;9;10.9;10.2;10.4;11;14.8;15.4;20.8;18.5;22.6;24;10.2;11.8;10;11.2;14.6;14.3
408;Democratic People's Republic of Korea;Share in total final energy consumption (%);Modern renewables;IEA (2024), World Energy Balances;6.9;7.2;7.4;7.6;8.5;9.1;9.6;9;9.2;8.7;8.1;8;8.4;8.6;8.7;8.6;8.4;10.2;9.5;9.6;10.3;13.8;14.4;19.4;17.2;20.9;22.3;9.5;11;9.3;10.3;13.7;13.4
408;Democratic People's Republic of Korea;Share in total final energy consumption (%);Municipal waste (renew);IEA (2024), World Energy Balances;0;0;0;0;0;0;0;0;0;0;0;0;0;0;0;0;0;0;0;0;0;0;0;0;0;0;0;0;0;0;0;0;0
408;Democratic People's Republic of Korea;Share in total final energy consumption (%);Liquid biofuels;IEA (2024), World Energy Balances;0;0;0;0;0;0;0;0;0;0;0;0;0;0;0;0;0;0;0;0;0;0;0;0;0;0;0;0;0;0;0;0;0
408;Democratic People's Republic of Korea;Share in total final energy consumption (%);Solid biofuels;IEA (2024), World Energy Balances;3;3.2;3.6;3.8;4.2;4.5;5.1;5.1;5.4;5.1;4.8;4.7;4.9;4.9;4.8;4.6;4.6;5.4;4.9;5.3;5.5;7.4;7.7;10.2;9.4;13;12.4;5.5;6.2;5.6;5.8;6.8;6.6
408;Democratic People's Republic of Korea;Share in total final energy consumption (%);Biogases;IEA (2024), World Energy Balances;0;0;0;0;0;0;0;0;0;0;0;0;0;0;0;0;0;0;0;0;0;0;0;0;0;0;0;0;0;0;0;0;0
408;Democratic People's Republic of Korea;Share in total final energy consumption (%);Hydro;IEA (2024), World Energy Balances;4.2;4.3;4.2;4.2;4.7;5.1;5.1;4.5;4.5;4.2;3.9;3.9;4.1;4.4;4.6;4.6;4.4;5.5;5.2;5;5.5;7.3;7.7;10.6;9.1;9.6;11.6;4.7;5.7;4.4;5.3;7.8;7.7
408;Democratic People's Republic of Korea;Share in total final energy consumption (%);Geothermal;IEA (2024), World Energy Balances;0;0;0;0;0;0;0;0;0;0;0;0;0;0;0;0;0;0;0;0;0;0;0;0;0;0;0;0;0;0;0;0;0
408;Democratic People's Republic of Korea;Share in total final energy consumption (%);Tide, wave and ocean;IEA (2024), World Energy Balances;0;0;0;0;0;0;0;0;0;0;0;0;0;0;0;0;0;0;0;0;0;0;0;0;0;0;0;0;0;0;0;0;0
408;Democratic People's Republic of Korea;Share in total final energy consumption (%);Wind;IEA (2024), World Energy Balances;0;0;0;0;0;0;0;0;0;0;0;0;0;0;0;0;0;0;0;0;0;0;0;0;0;0;0;0;0;0;0;0;0
408;Democratic People's Republic of Korea;Share in total final energy consumption (%);Solar;IEA (2024), World Energy Balances;0;0;0;0;0;0;0;0;0;0;0;0;0;0;0;0;0;0;0;0;0;0;0;0;0;0;0;0;0;0;0;0;0
408;Democratic People's Republic of Korea;Final consumption of renewable energy (PJ) - Heat raising;Renewables;IEA (2024), World Energy Balances;34.1;34.3;34.4;34.6;34.8;35;35.1;33.3;33.5;33.8;34;34.1;34.4;34.7;34.9;35.1;35.4;35.5;35.6;35.8;35.9;36;36.1;36.2;36.4;36.6;36.7;36.9;37;37.2;37.3;37.4;37.6
408;Democratic People's Republic of Korea;Final consumption of renewable energy (PJ) - Transport;Renewables;IEA (2024), World Energy Balances;0;0;0;0;0;0;0;0;0;0;0;0;0;0;0;0;0;0;0;0;0;0;0;0;0;0;0;1;1;0.9;1;1.3;1.3
408;Democratic People's Republic of Korea;Final consumption of renewable energy (PJ) - Electricity consumption;Renewables;IEA (2024), World Energy Balances;47.8;45.9;40.4;37.8;38.9;39.8;34.7;29.5;27.6;28;27.4;28.5;28.6;31.5;33.6;35.3;33.9;35.7;37.8;33.6;36;35.5;36.3;37.4;35;27;34.5;31.2;33.1;28.8;33.5;41.4;42.5
180;Democratic Republic of the Congo;Total final energy consumption (PJ);Total;IEA (2024), World Energy Balances;442.1;442.3;453.5;467.9;477.6;491.2;506.2;521.6;539.4;557;572.2;591.5;611.5;634.8;657.2;683.6;710.7;736.6;762.4;789.2;793.4;840.2;691;776.4;877.7;901.7;927.6;926.5;832.4;847;956.9;1044.2;1079.4
180;Democratic Republic of the Congo;Share in total final energy consumption (%);Renewables;IEA (2024), World Energy Balances;92;95.1;95.9;96.1;96.6;96.9;97;97.1;96.9;97;97.9;98.3;98.3;98;97.9;97.4;97.3;97.2;97;97;96.8;96.2;95.5;95.4;95.3;95.7;96.6;96.5;94.7;94.6;94.9;95.5;93.9
180;Democratic Republic of the Congo;Share in total final energy consumption (%);Modern renewables;IEA (2024), World Energy Balances;20.8;21.5;21.8;22;21.6;21.7;21.6;21.6;21.5;21.4;23.2;23.2;23;22.9;22.9;23.1;23.3;23.4;23.2;23.4;23.3;23.3;21.5;19.8;18.2;17.9;18.5;5.7;6.8;7;7.1;7;6.8
180;Democratic Republic of the Congo;Share in total final energy consumption (%);Municipal waste (renew);IEA (2024), World Energy Balances;0;0;0;0;0;0;0;0;0;0;0;0;0;0;0;0;0;0;0;0;0;0;0;0;0;0;0;0;0;0;0;0;0
180;Democratic Republic of the Congo;Share in total final energy consumption (%);Liquid biofuels;IEA (2024), World Energy Balances;0;0;0;0;0;0;0;0;0;0;0;0;0;0;0;0;0;0;0;0;0;0;0;0;0;0;0;0;0;0;0;0;0
180;Democratic Republic of the Congo;Share in total final energy consumption (%);Solid biofuels;IEA (2024), World Energy Balances;90.4;93.3;94;94;95.1;95.4;95.5;95.7;95.5;95.6;95.1;95.5;95.7;95.4;95.3;94.9;94.4;94.2;94.1;94;94;93.4;91.6;92;92.1;92.8;93.3;93.2;90.7;90.4;90.7;91.4;89.8
180;Democratic Republic of the Congo;Share in total final energy consumption (%);Biogases;IEA (2024), World Energy Balances;0;0;0;0;0;0;0;0;0;0;0;0;0;0;0;0;0;0;0;0;0;0;0;0;0;0;0;0;0;0;0;0;0
180;Democratic Republic of the Congo;Share in total final energy consumption (%);Hydro;IEA (2024), World Energy Balances;1.7;1.8;1.9;2.1;1.5;1.5;1.4;1.4;1.4;1.4;2.9;2.8;2.6;2.6;2.5;2.6;2.9;3;2.8;3;2.8;2.8;3.8;3.4;3.2;2.9;3.3;3.3;4.1;4.2;4.3;4.1;4
180;Democratic Republic of the Congo;Share in total final energy consumption (%);Geothermal;IEA (2024), World Energy Balances;0;0;0;0;0;0;0;0;0;0;0;0;0;0;0;0;0;0;0;0;0;0;0;0;0;0;0;0;0;0;0;0;0
180;Democratic Republic of the Congo;Share in total final energy consumption (%);Tide, wave and ocean;IEA (2024), World Energy Balances;0;0;0;0;0;0;0;0;0;0;0;0;0;0;0;0;0;0;0;0;0;0;0;0;0;0;0;0;0;0;0;0;0
180;Democratic Republic of the Congo;Share in total final energy consumption (%);Wind;IEA (2024), World Energy Balances;0;0;0;0;0;0;0;0;0;0;0;0;0;0;0;0;0;0;0;0;0;0;0;0;0;0;0;0;0;0;0;0;0
180;Democratic Republic of the Congo;Share in total final energy consumption (%);Solar;IEA (2024), World Energy Balances;0;0;0;0;0;0;0;0;0;0;0;0;0;0;0;0;0;0;0;0;0;0;0;0;0;0;0;0;0;0;0;0;0
180;Democratic Republic of the Congo;Final consumption of renewable energy (PJ) - Heat raising;Renewables;IEA (2024), World Energy Balances;399.5;412.7;426.2;440;454.2;468.5;483.5;499;515.1;532.6;544.1;565.1;584.9;605.3;626.5;648.4;671.2;693.9;717.6;742;745.8;784.4;633.2;713.9;808.1;836.5;865.7;863.9;754.7;765.6;867.6;954.4;969.4
180;Democratic Republic of the Congo;Final consumption of renewable energy (PJ) - Transport;Renewables;IEA (2024), World Energy Balances;0;0;0;0;0;0;0;0;0;0;0;0;0;0;0;0;0;0;0;0;0;0;0.1;0;0;0;0;0;0;0;0;0.1;0.1
180;Democratic Republic of the Congo;Final consumption of renewable energy (PJ) - Electricity consumption;Renewables;IEA (2024), World Energy Balances;7.4;8;8.6;9.8;7.2;7.4;7.3;7.3;7.3;7.7;16.3;16.6;16;16.6;16.7;17.6;20.5;21.8;21.7;23.7;22.3;23.9;26.5;26.4;28.4;26.1;30.5;30.5;33.9;35.8;40.9;43.2;43.6
208;Denmark;Total final energy consumption (PJ);Total;IEA (2024), World Energy Balances;538.6;572.2;563.5;583.6;582.5;594.5;618.3;603.3;599.9;596.4;583.5;600;590.6;603.5;608.9;612.8;619.5;621;612.9;587;616;584.9;563.4;556.1;533.6;555.1;566.9;568.9;567.3;554.8;533.4;562.6;527.7
208;Denmark;Share in total final energy consumption (%);Renewables;IEA (2024), World Energy Balances;7;7.1;7.7;7.7;7.3;7.5;7.3;8.1;8.5;9.1;10.7;11.1;11.9;12.7;14.4;16.1;15.3;17.7;18.5;19.3;21.2;23.8;26.9;27.1;30.2;32.5;32;35;34.6;37.3;39.4;39.2;38.8
208;Denmark;Share in total final energy consumption (%);Modern renewables;IEA (2024), World Energy Balances;7;7.1;7.7;7.7;7.3;7.5;7.3;8.1;8.5;9.1;10.7;11.1;11.9;12.7;14.4;16.1;15.3;17.7;18.5;19.3;21.2;23.8;26.9;27.1;30.2;32.5;32;35;34.6;37.3;39.4;39.2;38.8
208;Denmark;Share in total final energy consumption (%);Municipal waste (renew);IEA (2024), World Energy Balances;1.1;1.2;1.2;1.3;1.3;1.4;1.4;1.5;1.6;1.8;2;2;2.2;2.2;2.3;2.5;2.3;2.4;2.6;2.5;2.3;2.5;2.6;2.6;2.9;3;2.9;3;3.1;3.4;3.5;3.2;3.2
208;Denmark;Share in total final energy consumption (%);Liquid biofuels;IEA (2024), World Energy Balances;0;0;0;0;0;0;0;0;0;0;0;0;0;0;0.1;0.1;0.1;0.2;0.2;0.3;0.4;1;1.7;1.6;1.7;1.6;1.5;1.5;1.5;1.6;1.9;1.8;1.8
208;Denmark;Share in total final energy consumption (%);Solid biofuels;IEA (2024), World Energy Balances;5.3;5.4;5.8;5.7;5.4;5.3;5.2;5.4;5.3;5.4;6;6.4;6.8;7.7;8.4;9.5;9.7;11;11.5;12.4;14.2;14.3;15.1;15.4;15.9;16.8;17.7;19.5;19.1;19.3;20;22.1;19.8
208;Denmark;Share in total final energy consumption (%);Biogases;IEA (2024), World Energy Balances;0.1;0.1;0.1;0.1;0.1;0.2;0.2;0.2;0.2;0.3;0.3;0.3;0.3;0.3;0.4;0.4;0.4;0.4;0.4;0.5;0.4;0.5;0.6;0.6;0.7;0.7;0.8;0.7;0.8;0.9;0.9;0.8;0.8
208;Denmark;Share in total final energy consumption (%);Hydro;IEA (2024), World Energy Balances;0;0;0;0;0;0;0;0;0;0;0;0;0;0;0;0;0;0;0;0;0;0;0;0;0;0;0;0;0;0;0;0;0
208;Denmark;Share in total final energy consumption (%);Geothermal;IEA (2024), World Energy Balances;0;0;0;0;0;0;0;0;0;0;0;0;0;0;0;0;0;0;0;0;0;0;0;0;0;0;0;0;0;0;0;0;0
208;Denmark;Share in total final energy consumption (%);Tide, wave and ocean;IEA (2024), World Energy Balances;0;0;0;0;0;0;0;0;0;0;0;0;0;0;0;0;0;0;0;0;0;0;0;0;0;0;0;0;0;0;0;0;0
208;Denmark;Share in total final energy consumption (%);Wind;IEA (2024), World Energy Balances;0.4;0.4;0.6;0.6;0.5;0.6;0.4;0.8;1.3;1.5;2.4;2.2;2.5;2.3;3.2;3.6;2.6;3.5;3.7;3.6;3.8;5.4;6.7;6.4;8.4;9.8;8.3;9.4;9;10.9;11.6;10;11.3
208;Denmark;Share in total final energy consumption (%);Solar;IEA (2024), World Energy Balances;0;0;0;0;0;0;0;0;0;0.1;0.1;0.1;0.1;0.1;0.1;0.1;0.1;0.1;0.1;0.1;0.1;0.1;0.2;0.5;0.6;0.7;0.8;0.8;1;1.1;1.4;1.2;1.8
208;Denmark;Final consumption of renewable energy (PJ) - Heat raising;Renewables;IEA (2024), World Energy Balances;34.7;37.4;38.9;39.8;37.9;39;40.4;41.3;40.1;41;44.6;48.5;49.8;56.4;60;66.2;69.9;78;80.5;81.8;92.5;88;88.9;90.8;90.8;99.6;105.2;112.1;111.5;111.2;111.1;119.2;106
208;Denmark;Final consumption of renewable energy (PJ) - Transport;Renewables;IEA (2024), World Energy Balances;0;0;0;0;0;0;0;0.1;0.1;0.1;0.2;0.2;0.2;0.2;0.3;0.4;0.4;0.6;0.6;0.8;1.6;6;9.3;8.8;9.1;9.4;9.5;9.6;9.5;10.2;11.5;12.1;11.9
208;Denmark;Final consumption of renewable energy (PJ) - Electricity consumption;Renewables;IEA (2024), World Energy Balances;3.2;3;4.7;5.1;4.7;5.6;4.4;7.5;10.9;12.9;17.9;18;20;20.2;27.6;32.2;24.3;31.3;32.5;30.9;36.4;45.3;53.6;50.8;61.1;71.6;66.4;77.5;75;85.2;87.3;89.3;86.9
262;Djibouti;Total final energy consumption (PJ);Total;Energy Balances, UN Statistics Division (2024);4;4.1;4.2;4.3;4.3;4.5;4.4;4.9;5.4;5.5;5.5;5.4;5.4;5.5;5.4;5.6;5.8;5.9;5.9;5.8;6.3;6.5;6.5;7.2;7.4;7.9;7.6;7.9;8.6;9;8.2;8.9;8.4
262;Djibouti;Share in total final energy consumption (%);Renewables;Energy Balances, UN Statistics Division (2024);29.6;30.1;30.3;31.2;32.4;32.2;34;32;29.6;29.6;31.4;31.7;32.4;32.9;33.6;33.1;33;32.5;33.1;34.4;32.5;32;32.3;29.9;29.4;24.8;23.6;23.3;24.9;24.1;26.8;33.5;36.6
262;Djibouti;Share in total final energy consumption (%);Modern renewables;Energy Balances, UN Statistics Division (2024);0;0;0;0;0;0;0;0;0;0;0;0;0;0;0;0;0;0;0;0;0;0;0.1;0.1;0.1;0.1;0.1;0.2;0.2;0.1;0.1;8.7;9.9
262;Djibouti;Share in total final energy consumption (%);Municipal waste (renew);Energy Balances, UN Statistics Division (2024);0;0;0;0;0;0;0;0;0;0;0;0;0;0;0;0;0;0;0;0;0;0;0;0;0;0;0;0;0;0;0;0;0
262;Djibouti;Share in total final energy consumption (%);Liquid biofuels;Energy Balances, UN Statistics Division (2024);0;0;0;0;0;0;0;0;0;0;0;0;0;0;0;0;0;0;0;0;0;0;0;0;0;0;0;0;0;0;0;0;0
262;Djibouti;Share in total final energy consumption (%);Solid biofuels;Energy Balances, UN Statistics Division (2024);29.6;30.1;30.3;31.2;32.4;32.2;34;32;29.6;29.6;31.4;31.7;32.4;32.9;33.6;33.1;33;32.5;33.1;34.4;32.5;32;32.1;29.8;29.3;24.7;23.5;23.1;24.8;24;26.6;24.8;26.6
262;Djibouti;Share in total final energy consumption (%);Biogases;Energy Balances, UN Statistics Division (2024);0;0;0;0;0;0;0;0;0;0;0;0;0;0;0;0;0;0;0;0;0;0;0;0;0;0;0;0;0;0;0;0;0
262;Djibouti;Share in total final energy consumption (%);Hydro;Energy Balances, UN Statistics Division (2024);0;0;0;0;0;0;0;0;0;0;0;0;0;0;0;0;0;0;0;0;0;0;0;0;0;0;0;0;0;0;0;0;0
262;Djibouti;Share in total final energy consumption (%);Geothermal;Energy Balances, UN Statistics Division (2024);0;0;0;0;0;0;0;0;0;0;0;0;0;0;0;0;0;0;0;0;0;0;0;0;0;0;0;0;0;0;0;0;0
262;Djibouti;Share in total final energy consumption (%);Tide, wave and ocean;Energy Balances, UN Statistics Division (2024);0;0;0;0;0;0;0;0;0;0;0;0;0;0;0;0;0;0;0;0;0;0;0;0;0;0;0;0;0;0;0;0;0
262;Djibouti;Share in total final energy consumption (%);Wind;Energy Balances, UN Statistics Division (2024);0;0;0;0;0;0;0;0;0;0;0;0;0;0;0;0;0;0;0;0;0;0;0;0;0;0;0;0;0;0;0;8.6;9.8
262;Djibouti;Share in total final energy consumption (%);Solar;Energy Balances, UN Statistics Division (2024);0;0;0;0;0;0;0;0;0;0;0;0;0;0;0;0;0;0;0;0;0;0;0.1;0.1;0.1;0.1;0.1;0.2;0.2;0.1;0.1;0.1;0.1
262;Djibouti;Final consumption of renewable energy (PJ) - Heat raising;Renewables;Energy Balances, UN Statistics Division (2024);1.2;1.2;1.3;1.3;1.4;1.4;1.5;1.6;1.6;1.6;1.7;1.7;1.8;1.8;1.8;1.9;1.9;1.9;2;2;2;2.1;2.1;2.1;2.2;1.9;1.8;1.8;2.1;2.2;2.2;2.2;2.2
262;Djibouti;Final consumption of renewable energy (PJ) - Transport;Renewables;Energy Balances, UN Statistics Division (2024);0;0;0;0;0;0;0;0;0;0;0;0;0;0;0;0;0;0;0;0;0;0;0;0;0;0;0;0;0;0;0;0;0
262;Djibouti;Final consumption of renewable energy (PJ) - Electricity consumption;Renewables;Energy Balances, UN Statistics Division (2024);0;0;0;0;0;0;0;0;0;0;0;0;0;0;0;0;0;0;0;0;0;0;0;0;0;0;0;0;0;0;0;0.8;0.8
212;Dominica;Total final energy consumption (PJ);Total;Energy Balances, UN Statistics Division (2024);0.8;0.8;0.8;0.9;0.9;1.1;0.9;1.2;1.2;1.2;1.5;1.6;1.3;1.5;1.6;1.6;1.6;1.7;1.6;1.9;1.6;1.6;1.6;1.6;1.7;1.7;1.7;1.6;1.8;1.7;1.5;1.5;1.6
212;Dominica;Share in total final energy consumption (%);Renewables;Energy Balances, UN Statistics Division (2024);14.6;14.5;14.5;13.4;13.1;15.6;20.8;15.5;15;14.1;11.1;9.4;13.6;10.6;11.4;10;9.8;7.7;8;7.5;10.3;13.8;11.3;11.4;9.9;8.7;10.7;9.7;7.9;7.6;8.6;8.8;8.9
212;Dominica;Share in total final energy consumption (%);Modern renewables;Energy Balances, UN Statistics Division (2024);5.8;5.9;5.9;5.5;5.6;8.6;12.6;9.6;9.3;8.6;6.1;4.7;7.9;5.5;6.7;5.4;5.7;4.1;4.2;4.2;6.3;9.8;7.3;7.7;6.2;5;7.2;5.8;4.5;4;4.4;4.7;5
212;Dominica;Share in total final energy consumption (%);Municipal waste (renew);Energy Balances, UN Statistics Division (2024);0;0;0;0;0;0;0;0;0;0;0;0;0;0;0;0;0;0;0;0;0;0;0;0;0;0;0;0;0;0;0;0;0
212;Dominica;Share in total final energy consumption (%);Liquid biofuels;Energy Balances, UN Statistics Division (2024);0;0;0;0;0;0;0;0;0;0;0;0;0;0;0;0;0;0;0;0;0;0;0;0;0;0;0;0;0;0;0;0;0
212;Dominica;Share in total final energy consumption (%);Solid biofuels;Energy Balances, UN Statistics Division (2024);8.8;8.7;8.6;7.9;7.5;7;8.2;5.9;5.8;5.4;5;4.7;5.7;5;4.6;4.6;4.2;3.7;3.8;3.3;4;4;4;3.8;3.6;3.7;3.6;3.8;3.4;3.6;4.2;4.1;3.9
212;Dominica;Share in total final energy consumption (%);Biogases;Energy Balances, UN Statistics Division (2024);0;0;0;0;0;0;0;0;0;0;0;0;0;0;0;0;0;0;0;0;0;0;0;0;0;0;0;0;0;0;0;0;0
212;Dominica;Share in total final energy consumption (%);Hydro;Energy Balances, UN Statistics Division (2024);5.8;5.9;5.9;5.5;5.6;8.6;12.6;9.6;9.3;8.6;6;4.7;7.9;5.5;6.7;5.4;5.6;4;4;4;6.1;9.6;7.1;7.5;6.1;4.8;7;5.6;4.4;3.9;4.2;4.4;4.7
212;Dominica;Share in total final energy consumption (%);Geothermal;Energy Balances, UN Statistics Division (2024);0;0;0;0;0;0;0;0;0;0;0;0;0;0;0;0;0;0;0;0;0;0;0;0;0;0;0;0;0;0;0;0;0
212;Dominica;Share in total final energy consumption (%);Tide, wave and ocean;Energy Balances, UN Statistics Division (2024);0;0;0;0;0;0;0;0;0;0;0;0;0;0;0;0;0;0;0;0;0;0;0;0;0;0;0;0;0;0;0;0;0
212;Dominica;Share in total final energy consumption (%);Wind;Energy Balances, UN Statistics Division (2024);0;0;0;0;0;0;0;0;0;0;0;0;0;0;0;0;0;0;0.1;0.1;0.1;0.1;0.1;0.1;0.1;0.1;0.1;0.1;0.1;0.1;0.1;0.3;0.3
212;Dominica;Share in total final energy consumption (%);Solar;Energy Balances, UN Statistics Division (2024);0;0;0;0;0;0;0;0;0;0;0;0;0;0;0;0;0;0.1;0.1;0.1;0.1;0.1;0.1;0.1;0.1;0.1;0.1;0.1;0;0;0;0.1;0.1
212;Dominica;Final consumption of renewable energy (PJ) - Heat raising;Renewables;Energy Balances, UN Statistics Division (2024);0.1;0.1;0.1;0.1;0.1;0.1;0.1;0.1;0.1;0.1;0.1;0.1;0.1;0.1;0.1;0.1;0.1;0.1;0.1;0.1;0.1;0.1;0.1;0.1;0.1;0.1;0.1;0.1;0.1;0.1;0.1;0.1;0.1
212;Dominica;Final consumption of renewable energy (PJ) - Transport;Renewables;Energy Balances, UN Statistics Division (2024);0;0;0;0;0;0;0;0;0;0;0;0;0;0;0;0;0;0;0;0;0;0;0;0;0;0;0;0;0;0;0;0;0
212;Dominica;Final consumption of renewable energy (PJ) - Electricity consumption;Renewables;Energy Balances, UN Statistics Division (2024);0;0;0;0;0.1;0.1;0.1;0.1;0.1;0.1;0.1;0.1;0.1;0.1;0.1;0.1;0.1;0.1;0.1;0.1;0.1;0.2;0.1;0.1;0.1;0.1;0.1;0.1;0.1;0.1;0.1;0.1;0.1
214;Dominican Republic;Total final energy consumption (PJ);Total;IEA (2024), World Energy Balances;94.4;94.1;104.2;109.9;122.2;128.7;141.5;155.6;163.4;174.9;186.4;183.5;202.6;193.4;185;196.9;210.1;212.7;207;208.1;216.3;216;230.3;229.8;214.6;233.4;250;250.7;260;279.4;266.7;298.2;312.7
214;Dominican Republic;Share in total final energy consumption (%);Renewables;IEA (2024), World Energy Balances;28;28.2;25.4;26.9;24.4;22.3;20.3;18.3;20.4;19.9;19.1;18.9;17.9;18.9;20.7;19.4;18;17.9;17.7;17.3;16.9;16.7;16.5;16.5;17.3;14.9;15.3;16.9;16;14.4;15.9;14.9;13.1
214;Dominican Republic;Share in total final energy consumption (%);Modern renewables;IEA (2024), World Energy Balances;6.7;7.3;7.1;10;9.6;8.6;8.1;7.4;8.2;8.1;7.6;7.5;7.6;8.4;9.8;9;8;7.9;7.5;7.6;7.4;7.3;7.8;7.8;7.7;6;6.9;8.4;7.6;6.6;7.6;7.3;5.8
214;Dominican Republic;Share in total final energy consumption (%);Municipal waste (renew);IEA (2024), World Energy Balances;0;0;0;0;0;0;0;0;0;0;0;0;0;0;0;0;0;0;0;0;0;0;0;0;0;0;0;0;0;0;0;0;0
214;Dominican Republic;Share in total final energy consumption (%);Liquid biofuels;IEA (2024), World Energy Balances;0;0;0;0;0;0;0;0;0;0;0;0;0;0;0;0;0;0;0;0;0.1;0.1;0;0;0;0;0;0;0;0;0;0;0
214;Dominican Republic;Share in total final energy consumption (%);Solid biofuels;IEA (2024), World Energy Balances;26.9;26.5;24.1;24.3;23.4;21.2;18.7;17.2;18.7;17.4;17.5;17.6;16.4;16.7;18;16.4;15.4;15.4;15.6;15.2;14.7;14.4;13.9;13.6;15;13.1;12.9;13.5;12.9;11.9;12.4;11;9.8
214;Dominican Republic;Share in total final energy consumption (%);Biogases;IEA (2024), World Energy Balances;0;0;0;0;0;0;0;0;0;0;0;0;0;0;0;0;0;0;0;0;0;0;0;0;0;0;0;0;0;0;0;0;0
214;Dominican Republic;Share in total final energy consumption (%);Hydro;IEA (2024), World Energy Balances;1.1;1.7;1.3;2.5;1.1;1.1;1.6;1;1.7;2.4;1.5;1.2;1.5;2.1;2.6;2.9;2.5;2.4;2;2.1;2;2.1;2.3;2.5;1.8;1.2;1.8;2.6;2.1;1.3;1.8;2;1.3
214;Dominican Republic;Share in total final energy consumption (%);Geothermal;IEA (2024), World Energy Balances;0;0;0;0;0;0;0;0;0;0;0;0;0;0;0;0;0;0;0;0;0;0;0;0;0;0;0;0;0;0;0;0;0
214;Dominican Republic;Share in total final energy consumption (%);Tide, wave and ocean;IEA (2024), World Energy Balances;0;0;0;0;0;0;0;0;0;0;0;0;0;0;0;0;0;0;0;0;0;0;0;0;0;0;0;0;0;0;0;0;0
214;Dominican Republic;Share in total final energy consumption (%);Wind;IEA (2024), World Energy Balances;0;0;0;0;0;0;0;0;0;0;0;0;0;0;0;0;0;0;0;0;0;0;0.1;0.3;0.3;0.4;0.4;0.5;0.6;0.8;1.2;1.3;1.2
214;Dominican Republic;Share in total final energy consumption (%);Solar;IEA (2024), World Energy Balances;0;0;0;0;0;0;0;0;0.1;0.1;0.1;0.1;0.1;0.1;0.1;0.1;0.1;0.1;0.1;0.1;0.1;0.1;0.1;0.1;0.1;0.2;0.2;0.3;0.4;0.4;0.5;0.6;0.7
214;Dominican Republic;Final consumption of renewable energy (PJ) - Heat raising;Renewables;IEA (2024), World Energy Balances;25.3;24.8;25.1;26.7;28.5;27.2;26.4;26.7;30.5;30.5;32.6;32.1;33.1;32.2;33.2;32.3;32.2;32.8;32.2;31.5;31.9;31.1;32;31.3;32.2;30.7;32.3;33.6;33.3;32.9;32.7;32.5;30.1
214;Dominican Republic;Final consumption of renewable energy (PJ) - Transport;Renewables;IEA (2024), World Energy Balances;0;0;0;0;0;0;0;0;0;0;0;0;0;0;0;0;0;0;0;0;0.2;0.2;0.1;0.1;0.1;0;0;0;0;0;0;0;0
214;Dominican Republic;Final consumption of renewable energy (PJ) - Electricity consumption;Renewables;IEA (2024), World Energy Balances;1.1;1.7;1.4;2.9;1.4;1.6;2.4;1.7;2.8;4.3;3;2.5;3.2;4.4;5;5.9;5.6;5.3;4.4;4.6;4.5;4.8;5.9;6.7;4.8;4;6;8.6;8.1;7.4;9.7;11.9;10.8
218;Ecuador;Total final energy consumption (PJ);Total;IEA (2024), World Energy Balances;220.5;227.7;226.1;222.6;235.8;235.1;269.6;275.2;274.2;253;254.6;272.3;274.8;285.9;307;328.1;334.4;341.3;354.6;369.8;391.7;417.9;435.7;459.6;485.2;487.2;482.9;506.8;524.1;532.3;466.2;523.9;552.3
218;Ecuador;Share in total final energy consumption (%);Renewables;IEA (2024), World Energy Balances;24.2;24.2;20.8;21.6;20.9;20.4;19.3;16.5;18.2;19.6;19.4;17.1;17.1;16.5;16.4;15.9;13.9;15.5;15;12.6;11.5;13;13;11.7;12;12.8;14.5;16.7;16.1;17.4;19.8;18.4;16.6
218;Ecuador;Share in total final energy consumption (%);Modern renewables;IEA (2024), World Energy Balances;11.7;11.6;11.7;12.6;12.3;11.4;11.5;9.4;11.5;13;13.4;11.5;11.7;11.4;11.9;11.7;9.9;11.7;11.4;9.4;8.6;10.3;10.6;9.5;9.9;11;12.7;15;14.5;15.9;18.2;17.1;15.4
218;Ecuador;Share in total final energy consumption (%);Municipal waste (renew);IEA (2024), World Energy Balances;0;0;0;0;0;0;0;0;0;0;0;0;0;0;0;0;0;0;0;0;0;0;0;0;0;0;0;0;0;0;0;0;0
218;Ecuador;Share in total final energy consumption (%);Liquid biofuels;IEA (2024), World Energy Balances;0;0;0;0;0;0;0;0;0;0;0;0;0;0;0;0;0;0;0;0;0;0;0;0;0;0.1;0.1;0.2;0.1;0.2;0.1;0.1;0.2
218;Ecuador;Share in total final energy consumption (%);Solid biofuels;IEA (2024), World Energy Balances;18.1;18.1;14.8;14.6;13.4;14.3;12.9;10.1;11.7;11.9;11.4;10.2;9.7;9.1;9;9.4;7.3;8.4;6.6;5.2;4.8;4.7;4.5;4.1;4.4;4.2;4.3;4.2;3.7;3.8;4.3;3.4;2.8
218;Ecuador;Share in total final energy consumption (%);Biogases;IEA (2024), World Energy Balances;0;0;0;0;0;0;0;0;0;0;0;0;0;0;0;0;0;0;0;0;0;0;0;0;0;0;0;0;0;0;0;0;0
218;Ecuador;Share in total final energy consumption (%);Hydro;IEA (2024), World Energy Balances;6.1;6.1;6;7;7.5;6;6.4;6.4;6.4;7.6;8;6.8;7.3;7.4;7.4;6.5;6.5;7.1;8.4;7.4;6.6;8.2;8.5;7.5;7.5;8.4;10;12.2;12.1;13.3;15.3;14.7;13.5
218;Ecuador;Share in total final energy consumption (%);Geothermal;IEA (2024), World Energy Balances;0;0;0;0;0;0;0;0;0;0;0;0;0;0;0;0;0;0;0;0;0;0;0;0;0;0;0;0;0;0;0;0;0
218;Ecuador;Share in total final energy consumption (%);Tide, wave and ocean;IEA (2024), World Energy Balances;0;0;0;0;0;0;0;0;0;0;0;0;0;0;0;0;0;0;0;0;0;0;0;0;0;0;0;0;0;0;0;0;0
218;Ecuador;Share in total final energy consumption (%);Wind;IEA (2024), World Energy Balances;0;0;0;0;0;0;0;0;0;0;0;0;0;0;0;0;0;0;0;0;0;0;0;0;0.1;0.1;0.1;0;0;0;0;0;0
218;Ecuador;Share in total final energy consumption (%);Solar;IEA (2024), World Energy Balances;0;0;0;0;0;0;0;0;0;0;0;0;0;0;0;0;0;0;0;0;0;0;0;0;0;0;0;0;0;0;0;0;0
218;Ecuador;Final consumption of renewable energy (PJ) - Heat raising;Renewables;IEA (2024), World Energy Balances;39.8;41.2;33.4;32.5;31.6;33.8;34.8;27.8;32.3;30.2;29.1;27.9;26.8;26.1;27.7;30.5;24.1;28;22.8;18.6;18.4;19;18.7;18;20;19.5;19.4;20.1;18.5;18.9;18.7;16.9;14.3
218;Ecuador;Final consumption of renewable energy (PJ) - Transport;Renewables;IEA (2024), World Energy Balances;0;0;0;0;0;0;0;0;0;0;0;0;0;0;0;0;0;0;0;0;0.1;0.1;0.1;0.1;0.2;0.3;0.5;0.8;0.7;1;0.5;0.8;0.9
218;Ecuador;Final consumption of renewable energy (PJ) - Electricity consumption;Renewables;IEA (2024), World Energy Balances;13.5;13.8;13.6;15.6;17.6;14.1;17.3;17.7;17.6;19.3;20.4;18.5;20.1;21.1;22.8;21.5;22.2;24.8;30.3;28;26.7;35.1;37.8;35.4;37.9;42.6;49.9;63.6;65.1;72.6;72.9;78.6;76.1
818;Egypt;Total final energy consumption (PJ);Total;IEA (2024), World Energy Balances;885.4;858.9;891.9;922.5;876.3;948.2;1016.1;1089.3;1120.2;1177.2;1188.1;1322.3;1323.8;1332;1311.4;1546.2;1646.8;1842.2;1859.3;1863.4;1940.8;2027.6;2048.1;2053.5;2048.4;2116.9;2166.3;2248.8;2269.9;2083.6;2162.7;2212.3;2203.1
818;Egypt;Share in total final energy consumption (%);Renewables;IEA (2024), World Energy Balances;9;9.4;9.1;9.2;10;9.5;9.1;8.6;8.5;8.8;8.3;7.8;7.4;7.4;7.6;6.5;6.2;6.1;5.9;5.7;5.4;5.4;5.3;5.3;5.4;5.3;5.1;4.9;5;6.2;6.2;6.1;6.3
818;Egypt;Share in total final energy consumption (%);Modern renewables;IEA (2024), World Energy Balances;3.5;3.6;3.4;3.5;3.9;3.8;3.7;3.6;3.5;4;3.5;3.5;3;3;3;2.6;2.5;2.7;2.6;2.3;2.1;2.3;2.2;2.2;2.3;2.2;2.1;2;2.1;3.1;3.2;3.2;3.4
818;Egypt;Share in total final energy consumption (%);Municipal waste (renew);IEA (2024), World Energy Balances;0;0;0;0;0;0;0;0;0;0;0;0;0;0;0;0;0;0;0;0;0;0;0;0;0;0;0;0;0;0;0;0;0
818;Egypt;Share in total final energy consumption (%);Liquid biofuels;IEA (2024), World Energy Balances;0;0;0;0;0;0;0;0;0;0;0;0;0;0;0;0;0;0;0;0;0;0;0;0;0;0;0;0;0;0;0;0;0
818;Egypt;Share in total final energy consumption (%);Solid biofuels;IEA (2024), World Energy Balances;5.5;5.8;5.7;5.7;6.1;5.7;5.4;5.1;5;4.8;4.8;4.4;4.4;4.4;4.5;3.9;3.7;3.3;3.3;3.3;3.2;3.1;3.1;3.1;3.1;3;3;2.9;2.9;3.2;3;2.9;2.9
818;Egypt;Share in total final energy consumption (%);Biogases;IEA (2024), World Energy Balances;0;0;0;0;0;0;0;0;0;0;0;0;0;0;0;0;0;0;0;0;0;0;0;0;0;0;0;0;0;0;0;0;0
818;Egypt;Share in total final energy consumption (%);Hydro;IEA (2024), World Energy Balances;3.5;3.6;3.4;3.5;3.9;3.8;3.7;3.6;3.5;4;3.4;3.4;2.9;2.9;2.9;2.5;2.4;2.6;2.4;2.1;1.9;2;2;2;2;1.9;1.7;1.6;1.6;1.9;1.9;1.9;1.9
818;Egypt;Share in total final energy consumption (%);Geothermal;IEA (2024), World Energy Balances;0;0;0;0;0;0;0;0;0;0;0;0;0;0;0;0;0;0;0;0;0;0;0;0;0;0;0;0;0;0;0;0;0
818;Egypt;Share in total final energy consumption (%);Tide, wave and ocean;IEA (2024), World Energy Balances;0;0;0;0;0;0;0;0;0;0;0;0;0;0;0;0;0;0;0;0;0;0;0;0;0;0;0;0;0;0;0;0;0
818;Egypt;Share in total final energy consumption (%);Wind;IEA (2024), World Energy Balances;0;0;0;0;0;0;0;0;0;0;0;0;0;0.1;0.1;0.1;0.1;0.1;0.2;0.2;0.2;0.2;0.2;0.2;0.2;0.3;0.3;0.3;0.4;0.5;0.7;0.7;0.8
818;Egypt;Share in total final energy consumption (%);Solar;IEA (2024), World Energy Balances;0;0;0;0;0;0;0;0;0;0;0;0;0;0;0;0;0;0;0;0;0;0;0;0;0;0;0.1;0.1;0.2;0.6;0.6;0.6;0.6
818;Egypt;Final consumption of renewable energy (PJ) - Heat raising;Renewables;IEA (2024), World Energy Balances;48.7;49.8;51.1;52.4;53.4;54;54.6;55.2;55.8;56.4;56.9;57.6;58.2;58.9;59.5;60;60.9;61.4;61.4;62.2;62.8;63.7;63.9;63;63.5;64.1;64.6;65.9;65.9;66.1;64.9;63.7;64
818;Egypt;Final consumption of renewable energy (PJ) - Transport;Renewables;IEA (2024), World Energy Balances;0;0;0;0;0;0;0;0;0;0;0;0;0;0;0;0;0;0;0;0;0;0;0.2;0.1;0.2;0.2;0.2;0.1;0.2;0.3;0.2;0.2;0.2
818;Egypt;Final consumption of renewable energy (PJ) - Electricity consumption;Renewables;IEA (2024), World Energy Balances;31.1;31;30.3;32.7;34.6;35.7;37.5;38.9;39.5;46.9;41.2;45.9;39.1;40.3;39.8;40.2;41.6;50.1;48;43.2;41.5;46.3;44.4;45.4;46.6;47.4;45;44.8;48.1;63.7;69.3;70.3;73.7
222;El Salvador;Total final energy consumption (PJ);Total;IEA (2024), World Energy Balances;82.8;87.8;95.9;99;102.3;108;106.7;114.1;119.5;124.4;92.1;94;94.6;101.2;106.3;111.6;114.3;111.1;105.1;102.9;104.2;102.7;103.8;94.3;93.9;99;100.9;101;108;118.1;101.5;117.1;127
222;El Salvador;Share in total final energy consumption (%);Renewables;IEA (2024), World Energy Balances;67.1;64.7;61.7;59.3;57.2;54.7;56.9;53;51.7;51;33.5;33.1;34;33.8;33.3;34.1;34.8;28.2;31.5;32.2;32.6;29.5;30.3;27.5;23.9;21;20.7;25;23.2;19.4;23.7;21.9;18.6
222;El Salvador;Share in total final energy consumption (%);Modern renewables;IEA (2024), World Energy Balances;22.3;21.8;19.5;18.2;17.1;16.4;17.9;16.2;16.2;16.7;22.7;21.6;21.5;21.1;20.1;20.3;20.1;16.9;18.2;17.2;17.8;17;17.1;14.5;13.7;12.7;12.7;16.4;16.1;13.7;18;17.1;14.9
222;El Salvador;Share in total final energy consumption (%);Municipal waste (renew);IEA (2024), World Energy Balances;0;0;0;0;0;0;0;0;0;0;0;0;0;0;0;0;0;0;0;0;0;0;0;0;0;0;0;0;0;0;0;0;0
222;El Salvador;Share in total final energy consumption (%);Liquid biofuels;IEA (2024), World Energy Balances;0;0;0;0;0;0;0;0;0;0;0;0;0;0;0;0;0;0;0;0;0;0;0;0;0;0;0;0;0;0;0;0;0
222;El Salvador;Share in total final energy consumption (%);Solid biofuels;IEA (2024), World Energy Balances;59.7;58.9;55.9;53.5;51.9;49.3;50.2;47.7;46.5;44.8;25.4;25.8;26.6;25.9;26.2;26.2;26.6;19.4;21.3;23.2;22.1;19;20.1;15.9;11.7;10.2;10.1;11.2;9.8;8.2;8.4;7.7;5.8
222;El Salvador;Share in total final energy consumption (%);Biogases;IEA (2024), World Energy Balances;0;0;0;0;0;0;0;0;0;0;0;0;0;0;0;0;0;0;0;0;0;0;0;0.2;0.1;0.2;0.1;0.1;0.1;0.1;0.1;0.1;0.1
222;El Salvador;Share in total final energy consumption (%);Hydro;IEA (2024), World Energy Balances;5.9;4.4;4.6;4.7;4.2;4.1;5.5;4;4.1;4.7;4.8;4;4;4.7;4.1;4.8;5.1;4.9;5.8;4.5;6;6;5.5;6.2;6.5;5.1;4.8;6.7;6.3;4.9;7;5.8;5.8
222;El Salvador;Share in total final energy consumption (%);Geothermal;IEA (2024), World Energy Balances;1.5;1.5;1.3;1.2;1.2;1.2;1.3;1.3;1.2;1.6;3.2;3.3;3.5;3.3;3;3;3;3.9;4.4;4.5;4.4;4.6;4.6;5.4;5.6;5.5;5.6;6.2;5.9;4.7;5.2;5;4.1
222;El Salvador;Share in total final energy consumption (%);Tide, wave and ocean;IEA (2024), World Energy Balances;0;0;0;0;0;0;0;0;0;0;0;0;0;0;0;0;0;0;0;0;0;0;0;0;0;0;0;0;0;0;0;0;0
222;El Salvador;Share in total final energy consumption (%);Wind;IEA (2024), World Energy Balances;0;0;0;0;0;0;0;0;0;0;0;0;0;0;0;0;0;0;0;0;0;0;0;0;0;0;0;0;0;0;0;0;0
222;El Salvador;Share in total final energy consumption (%);Solar;IEA (2024), World Energy Balances;0;0;0;0;0;0;0;0;0;0;0;0;0;0;0;0;0;0;0;0;0;0;0;0;0;0;0.1;0.6;1.1;1.6;3;3.4;2.9
222;El Salvador;Final consumption of renewable energy (PJ) - Heat raising;Renewables;IEA (2024), World Energy Balances;49.5;51.7;53.5;53;53.1;53.3;53.6;54.4;55.6;55.7;23.4;24.2;25.1;26.1;27.6;28.9;30;21.1;21.9;23.1;22.2;18.6;19.7;13.7;9.6;8.2;8;8.7;7.6;6.7;5.8;5.7;4.8
222;El Salvador;Final consumption of renewable energy (PJ) - Transport;Renewables;IEA (2024), World Energy Balances;0;0;0;0;0;0;0;0;0;0;0;0;0;0;0;0;0;0;0;0;0;0;0;0;0;0;0;0;0;0;0;0;0
222;El Salvador;Final consumption of renewable energy (PJ) - Electricity consumption;Renewables;IEA (2024), World Energy Balances;6.1;5.1;5.6;5.8;5.4;5.8;7.2;6.1;6.2;7.8;7.4;7;7.1;8.2;7.8;9.1;9.7;10.3;11.2;10;11.8;11.7;11.7;12.3;12.9;12.6;12.9;16.6;17.4;16.2;18.2;20;18.9
226;Equatorial Guinea;Total final energy consumption (PJ);Total;Energy Balances, UN Statistics Division (2024);4.6;4.7;4.7;4.8;4.9;5;5.4;6.2;6.8;7.2;8.6;8.7;12.8;13.6;55.7;56.3;56.9;46.5;54.1;41.9;67.4;69.4;91.2;114.4;103.6;94.4;108.6;103.3;106.5;78.2;88.7;109.4;119.7
226;Equatorial Guinea;Share in total final energy consumption (%);Renewables;Energy Balances, UN Statistics Division (2024);84.7;83.9;83.9;81.3;80.5;78.7;73.5;63.6;58.2;54.6;45.8;46.1;31.3;29.5;7.2;7.1;7;8.5;7.2;9.3;5.8;5.6;4.4;3.7;4.9;5.6;4.8;5;4.9;7.4;6.5;5.3;4.7
226;Equatorial Guinea;Share in total final energy consumption (%);Modern renewables;Energy Balances, UN Statistics Division (2024);0.1;0.2;0.3;0.3;0.4;0.5;0.4;0.3;0.3;0.3;0.2;1.3;0.9;0.8;0.2;0.2;0.2;0.2;0.1;0.1;0.1;0.1;0.2;0.3;1.2;1.5;1.3;1.3;1.3;2.6;2.3;1.8;1.6
226;Equatorial Guinea;Share in total final energy consumption (%);Municipal waste (renew);Energy Balances, UN Statistics Division (2024);0;0;0;0;0;0;0;0;0;0;0;0;0;0;0;0;0;0;0;0;0;0;0;0;0;0;0;0;0;0;0;0;0
226;Equatorial Guinea;Share in total final energy consumption (%);Liquid biofuels;Energy Balances, UN Statistics Division (2024);0;0;0;0;0;0;0;0;0;0;0;0;0;0;0;0;0;0;0;0;0;0;0;0;0;0;0;0;0;0;0;0;0
226;Equatorial Guinea;Share in total final energy consumption (%);Solid biofuels;Energy Balances, UN Statistics Division (2024);84.5;83.6;83.6;80.9;80.1;78.2;73.1;63.3;57.9;54.3;45.6;44.8;30.4;28.6;7;6.9;6.8;8.3;7.2;9.2;5.7;5.6;4.2;3.4;3.7;4;3.5;3.7;3.6;4.9;4.3;3.5;3.2
226;Equatorial Guinea;Share in total final energy consumption (%);Biogases;Energy Balances, UN Statistics Division (2024);0;0;0;0;0;0;0;0;0;0;0;0;0;0;0;0;0;0;0;0;0;0;0;0;0;0;0;0;0;0;0;0;0
226;Equatorial Guinea;Share in total final energy consumption (%);Hydro;Energy Balances, UN Statistics Division (2024);0.1;0.2;0.3;0.3;0.4;0.5;0.4;0.3;0.3;0.3;0.2;1.3;0.9;0.8;0.2;0.2;0.2;0.2;0.1;0.1;0.1;0.1;0.2;0.3;1.2;1.5;1.3;1.3;1.3;2.6;2.3;1.8;1.6
226;Equatorial Guinea;Share in total final energy consumption (%);Geothermal;Energy Balances, UN Statistics Division (2024);0;0;0;0;0;0;0;0;0;0;0;0;0;0;0;0;0;0;0;0;0;0;0;0;0;0;0;0;0;0;0;0;0
226;Equatorial Guinea;Share in total final energy consumption (%);Tide, wave and ocean;Energy Balances, UN Statistics Division (2024);0;0;0;0;0;0;0;0;0;0;0;0;0;0;0;0;0;0;0;0;0;0;0;0;0;0;0;0;0;0;0;0;0
226;Equatorial Guinea;Share in total final energy consumption (%);Wind;Energy Balances, UN Statistics Division (2024);0;0;0;0;0;0;0;0;0;0;0;0;0;0;0;0;0;0;0;0;0;0;0;0;0;0;0;0;0;0;0;0;0
226;Equatorial Guinea;Share in total final energy consumption (%);Solar;Energy Balances, UN Statistics Division (2024);0;0;0;0;0;0;0;0;0;0;0;0;0;0;0;0;0;0;0;0;0;0;0;0;0;0;0;0;0;0;0;0;0
226;Equatorial Guinea;Final consumption of renewable energy (PJ) - Heat raising;Renewables;Energy Balances, UN Statistics Division (2024);3.9;3.9;3.9;3.9;3.9;3.9;3.9;3.9;3.9;3.9;3.9;3.9;3.9;3.9;3.9;3.9;3.9;3.9;3.9;3.9;3.9;3.9;3.8;3.8;3.8;3.8;3.8;3.8;3.8;3.8;3.8;3.8;3.8
226;Equatorial Guinea;Final consumption of renewable energy (PJ) - Transport;Renewables;Energy Balances, UN Statistics Division (2024);0;0;0;0;0;0;0;0;0;0;0;0;0;0;0;0;0;0;0;0;0;0;0;0;0;0;0;0;0;0;0;0;0
226;Equatorial Guinea;Final consumption of renewable energy (PJ) - Electricity consumption;Renewables;Energy Balances, UN Statistics Division (2024);0;0;0;0;0;0;0;0;0;0;0;0.1;0.1;0.1;0.1;0.1;0.1;0.1;0;0;0;0;0.2;0.4;1.2;1.4;1.4;1.4;1.4;2;2;2;1.9
232;Eritrea;Total final energy consumption (PJ);Total;IEA (2024), World Energy Balances;NaN;NaN;25.9;27.8;29;30.8;32.2;32.7;21.4;21.7;22.1;23.6;24.5;25;19.8;19.3;19.2;19.3;19.3;19.8;20.5;22.9;22.6;22.6;23.1;23.3;24;25.2;25.7;26.1;26.4;27;27.7
232;Eritrea;Share in total final energy consumption (%);Renewables;IEA (2024), World Energy Balances;NaN;NaN;89.9;83.6;80.1;77.9;76.4;77.6;75;76.1;76.8;74.8;74.7;75;69.8;74.7;77.3;79.1;81.4;81.7;80.9;77.1;78.4;79.7;80.5;81.2;81.4;81.6;80.8;80.5;80.9;80.7;80.1
232;Eritrea;Share in total final energy consumption (%);Modern renewables;IEA (2024), World Energy Balances;NaN;NaN;3.3;3.1;2.8;2.7;2.7;3;3.2;3.3;3.3;3.2;3.1;3.1;3.1;3.3;3.4;3.5;3.6;3.6;3.6;3.4;3.5;3.7;3.7;3.7;3.7;3.7;3.8;3.8;3.7;3.8;3.8
232;Eritrea;Share in total final energy consumption (%);Municipal waste (renew);IEA (2024), World Energy Balances;NaN;NaN;0;0;0;0;0;0;0;0;0;0;0;0;0;0;0;0;0;0;0;0;0;0;0;0;0;0;0;0;0;0;0
232;Eritrea;Share in total final energy consumption (%);Liquid biofuels;IEA (2024), World Energy Balances;NaN;NaN;0;0;0;0;0;0;0;0;0;0;0;0;0;0;0;0;0;0;0;0;0;0;0;0;0;0;0;0;0;0;0
232;Eritrea;Share in total final energy consumption (%);Solid biofuels;IEA (2024), World Energy Balances;NaN;NaN;89.9;83.6;80.1;77.9;76.4;77.6;75;76.1;76.8;74.8;74.7;75;69.8;74.7;77.3;79.1;81.3;81.6;80.8;77;78.4;79.6;80.4;81.1;81.3;81.5;80.7;80.4;80.8;80.6;80
232;Eritrea;Share in total final energy consumption (%);Biogases;IEA (2024), World Energy Balances;NaN;NaN;0;0;0;0;0;0;0;0;0;0;0;0;0;0;0;0;0;0;0;0;0;0;0;0;0;0;0;0;0;0;0
232;Eritrea;Share in total final energy consumption (%);Hydro;IEA (2024), World Energy Balances;NaN;NaN;0;0;0;0;0;0;0;0;0;0;0;0;0;0;0;0;0;0;0;0;0;0;0;0;0;0;0;0;0;0;0
232;Eritrea;Share in total final energy consumption (%);Geothermal;IEA (2024), World Energy Balances;NaN;NaN;0;0;0;0;0;0;0;0;0;0;0;0;0;0;0;0;0;0;0;0;0;0;0;0;0;0;0;0;0;0;0
232;Eritrea;Share in total final energy consumption (%);Tide, wave and ocean;IEA (2024), World Energy Balances;NaN;NaN;0;0;0;0;0;0;0;0;0;0;0;0;0;0;0;0;0;0;0;0;0;0;0;0;0;0;0;0;0;0;0
232;Eritrea;Share in total final energy consumption (%);Wind;IEA (2024), World Energy Balances;NaN;NaN;0;0;0;0;0;0;0;0;0;0;0;0;0;0;0;0;0;0;0;0;0;0;0;0;0;0;0;0;0;0;0
232;Eritrea;Share in total final energy consumption (%);Solar;IEA (2024), World Energy Balances;NaN;NaN;0;0;0;0;0;0;0;0;0;0;0;0;0;0;0;0;0;0;0;0;0;0.1;0.1;0.1;0.1;0.1;0.1;0.1;0.1;0.1;0.1
232;Eritrea;Final consumption of renewable energy (PJ) - Heat raising;Renewables;IEA (2024), World Energy Balances;NaN;NaN;23.3;23.3;23.2;24;24.6;25.4;16;16.5;17;17.7;18.3;18.7;13.8;14.4;14.9;15.3;15.7;16.2;16.6;17.6;17.7;18;18.6;18.9;19.5;20.5;20.7;21;21.4;21.8;22.1
232;Eritrea;Final consumption of renewable energy (PJ) - Transport;Renewables;IEA (2024), World Energy Balances;NaN;NaN;0;0;0;0;0;0;0;0;0;0;0;0;0;0;0;0;0;0;0;0;0;0;0;0;0;0;0;0;0;0;0
232;Eritrea;Final consumption of renewable energy (PJ) - Electricity consumption;Renewables;IEA (2024), World Energy Balances;NaN;NaN;0;0;0;0;0;0;0;0;0;0;0;0;0;0;0;0;0;0;0;0;0;0;0;0;0;0;0;0;0;0;0
233;Estonia;Total final energy consumption (PJ);Total;IEA (2024), World Energy Balances;222.3;218.3;143.6;122.4;120.8;109.8;120.8;119;109.9;101.2;101;111;109.1;113.7;116.2;117.8;118.7;126.8;125.4;114.2;120.7;116.7;118.6;119.1;116.4;115.4;117.2;118;121.1;118.5;114.3;117;114.2
233;Estonia;Share in total final energy consumption (%);Renewables;IEA (2024), World Energy Balances;3.5;3.6;5.9;6.6;11.1;17.9;20.1;20.1;17.9;20;19.8;18.9;19.3;19.9;20;18.9;17.2;18.7;20.5;24.2;25.3;25.2;25;24.5;25.3;28.2;27.2;27.5;28.6;31.2;40.3;37.8;37
233;Estonia;Share in total final energy consumption (%);Modern renewables;IEA (2024), World Energy Balances;3.5;3.6;5.9;6.6;11.1;17.9;20.1;20.1;17.9;20;19.8;18.9;19.3;19.9;20;18.9;17.2;18.7;20.5;24.2;25.3;25.2;25;24.5;25.3;28.2;27.2;27.5;28.6;31.2;40.3;37.8;37
233;Estonia;Share in total final energy consumption (%);Municipal waste (renew);IEA (2024), World Energy Balances;0;0;0;0;0;0;0;0;0;0;0;0;0;0;0;0;0;0;0;0;0;0;0;0;0;0.6;0.5;0.8;0.8;0.7;0.8;0.6;0.5
233;Estonia;Share in total final energy consumption (%);Liquid biofuels;IEA (2024), World Energy Balances;0;0;0;0;0;0;0;0;0;0;0;0;0;0;0;0;0;0;0.1;0.1;0.3;0.2;0.1;0.1;0.2;0.1;0.1;0.1;0.6;1;1.4;1.6;1
233;Estonia;Share in total final energy consumption (%);Solid biofuels;IEA (2024), World Energy Balances;3.5;3.6;5.9;6.6;11.1;17.8;20;20;17.8;19.9;19.7;18.8;19.3;19.8;19.9;18.7;16.9;18.4;20;23.5;24.5;24.3;23.9;23.3;23.8;25.5;25;25;25.6;26.9;33.5;31.4;31.9
233;Estonia;Share in total final energy consumption (%);Biogases;IEA (2024), World Energy Balances;0;0;0;0;0;0.1;0;0;0;0.1;0;0;0;0;0;0.1;0.1;0.1;0.1;0.1;0.1;0.1;0.1;0.2;0.3;0.3;0.5;0.4;0.4;0.4;0.4;0.4;0.3
233;Estonia;Share in total final energy consumption (%);Hydro;IEA (2024), World Energy Balances;0;0;0;0;0;0;0;0;0;0;0;0;0;0;0;0;0;0;0.1;0.1;0;0;0.1;0;0;0.1;0.1;0;0;0.1;0.1;0.1;0.1
233;Estonia;Share in total final energy consumption (%);Geothermal;IEA (2024), World Energy Balances;0;0;0;0;0;0;0;0;0;0;0;0;0;0;0;0;0;0;0;0;0;0;0;0;0;0;0;0;0;0;0;0;0
233;Estonia;Share in total final energy consumption (%);Tide, wave and ocean;IEA (2024), World Energy Balances;0;0;0;0;0;0;0;0;0;0;0;0;0;0;0;0;0;0;0;0;0;0;0;0;0;0;0;0;0;0;0;0;0
233;Estonia;Share in total final energy consumption (%);Wind;IEA (2024), World Energy Balances;0;0;0;0;0;0;0;0;0;0;0;0;0;0;0;0.1;0.2;0.1;0.3;0.5;0.4;0.6;0.8;0.8;1;1.5;1.1;1.2;1.1;2;3.1;2.5;1.7
233;Estonia;Share in total final energy consumption (%);Solar;IEA (2024), World Energy Balances;0;0;0;0;0;0;0;0;0;0;0;0;0;0;0;0;0;0;0;0;0;0;0;0;0;0;0;0;0.1;0.2;0.9;1.2;1.5
233;Estonia;Final consumption of renewable energy (PJ) - Heat raising;Renewables;IEA (2024), World Energy Balances;7.9;7.8;8.4;8.1;13.4;19.6;24.2;23.8;19.6;20.2;19.9;20.9;21;22.5;23.1;22;20.1;23.3;25.1;26.1;28.2;27;26.3;26.8;26.4;28.6;28.4;28.7;29.5;28.3;31.7;30.7;32.7
233;Estonia;Final consumption of renewable energy (PJ) - Transport;Renewables;IEA (2024), World Energy Balances;0;0;0;0;0;0;0;0;0;0;0;0;0;0;0;0;0.1;0;0.2;0.1;0.3;0.2;0.2;0.2;0.2;0.1;0.1;0.1;0.8;1.3;1.9;2.2;1.4
233;Estonia;Final consumption of renewable energy (PJ) - Electricity consumption;Renewables;IEA (2024), World Energy Balances;0;0;0;0;0;0;0;0;0;0;0;0;0.1;0.1;0.1;0.2;0.3;0.3;0.5;1.5;2;2.2;3.1;2.2;2.8;3.8;3.4;3.7;4.3;7.4;12.5;11.3;8.2
748;Eswatini;Total final energy consumption (PJ);Total;Energy Balances, UN Statistics Division (2024);23.9;23.9;23;22.6;26.7;26.4;24.7;28.9;30.8;33.2;31.3;29.4;29.9;30.5;30.3;31.2;30.8;31.7;31.1;31.9;31.4;32.2;33;34.4;33.9;37;36.8;38.9;41.3;42.4;42;41;40.5
748;Eswatini;Share in total final energy consumption (%);Renewables;Energy Balances, UN Statistics Division (2024);62.2;61.8;63.2;62.2;55.3;54.6;63;55;56.8;56;60.1;60.9;63.6;66.5;66.5;67;66.8;66.9;67.8;66.7;68.5;69.3;68.8;66.1;68.3;68.9;64.3;65.4;66.7;65.5;68.4;67.6;66.2
748;Eswatini;Share in total final energy consumption (%);Modern renewables;Energy Balances, UN Statistics Division (2024);36.9;35.9;35.6;33.6;30.7;29.4;35.6;31.2;34;34.4;36.6;35.5;38.1;41.1;40.6;41.3;40.3;40.9;40.9;40;41;42.6;42.4;40.3;41.8;39.6;34.4;37.9;40.8;40.3;43;41.6;39.8
748;Eswatini;Share in total final energy consumption (%);Municipal waste (renew);Energy Balances, UN Statistics Division (2024);0;0;0;0;0;0;0;0;0;0;0;0;0;0;0;0;0;0;0;0;0;0;0;0;0;0;0;0;0;0;0;0;0
748;Eswatini;Share in total final energy consumption (%);Liquid biofuels;Energy Balances, UN Statistics Division (2024);0;0;0;0;0;0;0;0;0;0;0;0;0;0;0;0;0;0;0;0;0;0;0;0;0;0;0;0;0;0;0;0;0
748;Eswatini;Share in total final energy consumption (%);Solid biofuels;Energy Balances, UN Statistics Division (2024);59.1;58.3;59.9;58.9;52;50.7;57.9;50.3;52;51.4;55.3;55.5;58.3;62.5;62.8;62.2;62;61.7;62.6;60;60.9;62;62.8;60.8;61.3;63.1;60.5;61.7;62.1;60.2;63.2;61.8;60.3
748;Eswatini;Share in total final energy consumption (%);Biogases;Energy Balances, UN Statistics Division (2024);0;0;0;0;0;0;0;0;0;0;0;0;0;0;0;0;0;0;0;0;0;0;0;0;0;0;0;0;0;0;0;0;0
748;Eswatini;Share in total final energy consumption (%);Hydro;Energy Balances, UN Statistics Division (2024);3.1;3.5;3.4;3.2;3.3;4;5.1;4.6;4.8;4.6;4.7;5.4;5.3;4;3.8;4.8;4.8;5.2;5.3;6.6;7.6;7.3;6;5.2;7.1;5.7;3.8;3.7;4.6;5.3;5.2;5.6;5.5
748;Eswatini;Share in total final energy consumption (%);Geothermal;Energy Balances, UN Statistics Division (2024);0;0;0;0;0;0;0;0;0;0;0;0;0;0;0;0;0;0;0;0;0;0;0;0;0;0;0;0;0;0;0;0;0
748;Eswatini;Share in total final energy consumption (%);Tide, wave and ocean;Energy Balances, UN Statistics Division (2024);0;0;0;0;0;0;0;0;0;0;0;0;0;0;0;0;0;0;0;0;0;0;0;0;0;0;0;0;0;0;0;0;0
748;Eswatini;Share in total final energy consumption (%);Wind;Energy Balances, UN Statistics Division (2024);0;0;0;0;0;0;0;0;0;0;0;0;0;0;0;0;0;0;0;0;0;0;0;0;0;0;0;0;0;0;0;0;0
748;Eswatini;Share in total final energy consumption (%);Solar;Energy Balances, UN Statistics Division (2024);0;0;0;0;0;0;0;0;0;0;0;0;0;0;0;0;0;0;0;0;0;0;0;0;0;0;0;0;0;0;0;0.3;0.5
748;Eswatini;Final consumption of renewable energy (PJ) - Heat raising;Renewables;Energy Balances, UN Statistics Division (2024);13.2;13.1;13;12.6;13;12.3;13;12.9;14.2;14.9;15.3;14.5;15.5;16.6;16.6;17.3;16.6;17.1;16.9;17;17;17.8;18.4;18.4;18.6;20.9;19.3;20.6;23;23.2;23.8;22.4;22
748;Eswatini;Final consumption of renewable energy (PJ) - Transport;Renewables;Energy Balances, UN Statistics Division (2024);0;0;0;0;0;0;0;0;0;0;0;0;0;0;0;0;0;0;0;0;0;0;0;0;0;0;0;0;0;0;0;0;0
748;Eswatini;Final consumption of renewable energy (PJ) - Electricity consumption;Renewables;Energy Balances, UN Statistics Division (2024);1.7;1.6;1.5;1.5;1.8;2.1;2.5;3;3.3;3.7;3.5;3.4;3.5;3.6;3.6;3.6;3.9;4.2;4.2;4.3;4.5;4.5;4.3;4.3;4.5;4.6;4.4;4.8;4.6;4.5;5;5.4;4.8
231;Ethiopia;Total final energy consumption (PJ);Total;IEA (2024), World Energy Balances;596.6;621.5;638.6;665.4;691.1;716.9;742.9;768;793;816.3;843.5;878.6;906.3;936.7;965.8;987.3;1018.4;1062.3;1087.5;1115.9;1150.3;1191.5;1229.8;1276.6;1327;1358.5;1412.6;1438.9;1491;1538.9;1554.3;1578.3;1613.6
231;Ethiopia;Share in total final energy consumption (%);Renewables;IEA (2024), World Energy Balances;95.7;95.8;97.1;96.4;96;95.7;95.3;95.2;95;95.1;94.8;93.8;93.7;93.3;93.2;93.9;93.7;93.3;93.2;93.3;93.3;92.6;92.3;91.4;90.2;90.3;89.1;89.4;88.6;87.7;88.7;87.8;88.3
231;Ethiopia;Share in total final energy consumption (%);Modern renewables;IEA (2024), World Energy Balances;1.4;1.4;1.4;1.4;1.5;1.5;1.5;1.5;1.5;1.5;1.5;1.5;1.5;1.6;1.6;1.7;1.8;1.8;1.7;1.7;2;2.1;2.4;2.5;2.6;2.8;3;3.1;3.4;3.4;3.4;3.2;3.4
231;Ethiopia;Share in total final energy consumption (%);Municipal waste (renew);IEA (2024), World Energy Balances;0;0;0;0;0;0;0;0;0;0;0;0;0;0;0;0;0;0;0;0;0;0;0;0;0;0;0;0;0;0;0;0;0
231;Ethiopia;Share in total final energy consumption (%);Liquid biofuels;IEA (2024), World Energy Balances;0;0;0;0;0;0;0;0;0;0;0;0;0;0;0;0;0;0;0;0;0;0;0;0;0;0;0;0;0;0;0;0;0
231;Ethiopia;Share in total final energy consumption (%);Solid biofuels;IEA (2024), World Energy Balances;95.2;95.3;96.6;95.9;95.4;95.1;94.7;94.6;94.4;94.6;94.3;93.2;93;92.6;92.5;93.1;92.8;92.4;92.3;92.4;92.1;91.3;90.7;89.6;88.4;88.3;86.9;87.2;86;85.2;86.1;85.5;85.8
231;Ethiopia;Share in total final energy consumption (%);Biogases;IEA (2024), World Energy Balances;0;0;0;0;0;0;0;0;0;0;0;0;0;0;0;0;0;0;0;0;0;0;0;0;0;0;0;0;0;0;0;0;0
231;Ethiopia;Share in total final energy consumption (%);Hydro;IEA (2024), World Energy Balances;0.5;0.5;0.5;0.5;0.6;0.6;0.6;0.6;0.6;0.6;0.6;0.6;0.7;0.7;0.8;0.8;0.9;0.9;0.9;0.9;1.2;1.3;1.5;1.6;1.7;1.8;2;2.1;2.4;2.4;2.4;2.2;2.4
231;Ethiopia;Share in total final energy consumption (%);Geothermal;IEA (2024), World Energy Balances;0;0;0;0;0;0;0;0;0;0;0;0;0;0;0;0;0;0;0;0;0;0;0;0;0;0;0;0;0;0;0;0;0
231;Ethiopia;Share in total final energy consumption (%);Tide, wave and ocean;IEA (2024), World Energy Balances;0;0;0;0;0;0;0;0;0;0;0;0;0;0;0;0;0;0;0;0;0;0;0;0;0;0;0;0;0;0;0;0;0
231;Ethiopia;Share in total final energy consumption (%);Wind;IEA (2024), World Energy Balances;0;0;0;0;0;0;0;0;0;0;0;0;0;0;0;0;0;0;0;0;0;0;0;0.1;0.1;0.1;0.1;0.1;0.1;0.1;0.1;0.1;0.1
231;Ethiopia;Share in total final energy consumption (%);Solar;IEA (2024), World Energy Balances;0;0;0;0;0;0;0;0;0;0;0;0;0;0;0;0;0;0;0;0;0;0;0;0;0;0;0;0;0;0;0;0;0
231;Ethiopia;Final consumption of renewable energy (PJ) - Heat raising;Renewables;IEA (2024), World Energy Balances;567.8;592.3;616.9;638;659.6;681.7;703.9;726.2;748.8;771.9;795;818.6;842.9;867.8;893.1;918.8;945.1;982;1003.9;1031;1058.9;1087.7;1115.9;1144.3;1173;1199.3;1227.2;1254.6;1282.5;1310.5;1338.4;1348.8;1384
231;Ethiopia;Final consumption of renewable energy (PJ) - Transport;Renewables;IEA (2024), World Energy Balances;0;0;0;0;0;0;0;0;0;0;0;0;0;0;0;0;0;0;0;0.1;0.1;0.2;0.1;0.2;0.2;0.2;0.2;0.3;0.3;0.3;0.3;0.6;0.6
231;Ethiopia;Final consumption of renewable energy (PJ) - Electricity consumption;Renewables;IEA (2024), World Energy Balances;2.9;3;3.3;3.5;3.8;4.1;4.4;4.6;4.7;4.8;5;5.2;6;6.6;7.3;8.4;9.2;9.5;9.9;10.4;13.7;15.7;19;21.9;24;26.9;30.9;31.9;38;39.3;39.7;36.6;40.1
238;Falkland Islands (Malvinas);Total final energy consumption (PJ);Total;Energy Balances, UN Statistics Division (2024);0.5;0.5;0.5;0.5;0.4;0.5;0.4;0.5;0.4;0.4;0.4;0.4;0.5;0.5;0.5;0.5;0.5;0.5;0.5;0.5;0.5;0.5;0.5;0.5;0.5;0.5;0.5;0.5;0.5;0.5;0.5;0.5;0.5
238;Falkland Islands (Malvinas);Share in total final energy consumption (%);Renewables;Energy Balances, UN Statistics Division (2024);0;0;0;0;0;0;0;0;0;0;0;0;0;0;0;0;0;0;1.5;2.9;2.9;3.4;3.8;3.7;3.8;3.7;4.3;4.3;3.8;3.7;3.1;3.2;3.4
238;Falkland Islands (Malvinas);Share in total final energy consumption (%);Modern renewables;Energy Balances, UN Statistics Division (2024);0;0;0;0;0;0;0;0;0;0;0;0;0;0;0;0;0;0;1.5;2.9;2.9;3.4;3.8;3.7;3.8;3.7;4.3;4.3;3.8;3.7;3.1;3.2;3.4
238;Falkland Islands (Malvinas);Share in total final energy consumption (%);Municipal waste (renew);Energy Balances, UN Statistics Division (2024);0;0;0;0;0;0;0;0;0;0;0;0;0;0;0;0;0;0;0;0;0;0;0;0;0;0;0;0;0;0;0;0;0
238;Falkland Islands (Malvinas);Share in total final energy consumption (%);Liquid biofuels;Energy Balances, UN Statistics Division (2024);0;0;0;0;0;0;0;0;0;0;0;0;0;0;0;0;0;0;0;0;0;0;0;0;0;0;0;0;0;0;0;0;0
238;Falkland Islands (Malvinas);Share in total final energy consumption (%);Solid biofuels;Energy Balances, UN Statistics Division (2024);0;0;0;0;0;0;0;0;0;0;0;0;0;0;0;0;0;0;0;0;0;0;0;0;0;0;0;0;0;0;0;0;0
238;Falkland Islands (Malvinas);Share in total final energy consumption (%);Biogases;Energy Balances, UN Statistics Division (2024);0;0;0;0;0;0;0;0;0;0;0;0;0;0;0;0;0;0;0;0;0;0;0;0;0;0;0;0;0;0;0;0;0
238;Falkland Islands (Malvinas);Share in total final energy consumption (%);Hydro;Energy Balances, UN Statistics Division (2024);0;0;0;0;0;0;0;0;0;0;0;0;0;0;0;0;0;0;0;0;0;0;0;0;0;0;0;0;0;0;0;0;0
238;Falkland Islands (Malvinas);Share in total final energy consumption (%);Geothermal;Energy Balances, UN Statistics Division (2024);0;0;0;0;0;0;0;0;0;0;0;0;0;0;0;0;0;0;0;0;0;0;0;0;0;0;0;0;0;0;0;0;0
238;Falkland Islands (Malvinas);Share in total final energy consumption (%);Tide, wave and ocean;Energy Balances, UN Statistics Division (2024);0;0;0;0;0;0;0;0;0;0;0;0;0;0;0;0;0;0;0;0;0;0;0;0;0;0;0;0;0;0;0;0;0
238;Falkland Islands (Malvinas);Share in total final energy consumption (%);Wind;Energy Balances, UN Statistics Division (2024);0;0;0;0;0;0;0;0;0;0;0;0;0;0;0;0;0;0;1.5;2.9;2.9;3.4;3.8;3.7;3.7;3.7;4.2;4.2;3.8;3.6;3;3.2;3.4
238;Falkland Islands (Malvinas);Share in total final energy consumption (%);Solar;Energy Balances, UN Statistics Division (2024);0;0;0;0;0;0;0;0;0;0;0;0;0;0;0;0;0;0;0;0;0;0;0;0;0.1;0.1;0.1;0.1;0.1;0.1;0.1;0.1;0.1
238;Falkland Islands (Malvinas);Final consumption of renewable energy (PJ) - Heat raising;Renewables;Energy Balances, UN Statistics Division (2024);0;0;0;0;0;0;0;0;0;0;0;0;0;0;0;0;0;0;0;0;0;0;0;0;0;0;0;0;0;0;0;0;0
238;Falkland Islands (Malvinas);Final consumption of renewable energy (PJ) - Transport;Renewables;Energy Balances, UN Statistics Division (2024);0;0;0;0;0;0;0;0;0;0;0;0;0;0;0;0;0;0;0;0;0;0;0;0;0;0;0;0;0;0;0;0;0
238;Falkland Islands (Malvinas);Final consumption of renewable energy (PJ) - Electricity consumption;Renewables;Energy Balances, UN Statistics Division (2024);0;0;0;0;0;0;0;0;0;0;0;0;0;0;0;0;0;0;0;0;0;0;0;0;0;0;0;0;0;0;0;0;0
234;Faroe Islands;Total final energy consumption (PJ);Total;Energy Balances, UN Statistics Division (2024);9.4;8.7;8.6;7.6;7.7;7.5;8;7.8;8.2;8.4;9;10;9.6;9.5;9.8;9.6;9;9.1;8.2;7.4;7.9;7.2;7.6;8.4;7.9;8.3;8.3;9.5;9.6;9.5;9.7;10;9.6
234;Faroe Islands;Share in total final energy consumption (%);Renewables;Energy Balances, UN Statistics Division (2024);2.5;2.7;3.1;3.1;3.2;3.2;2.7;3.3;3.1;2.8;2.8;2.6;3.4;3.1;3.4;3.8;4.3;4.5;4.5;5.1;3.4;5;4.7;4.5;6.5;7.5;6.3;6;5.9;5.4;5.3;5.1;7.6
234;Faroe Islands;Share in total final energy consumption (%);Modern renewables;Energy Balances, UN Statistics Division (2024);2.5;2.7;3.1;3.1;3.2;3.2;2.7;3.3;3.1;2.8;2.8;2.6;3.4;3.1;3.4;3.8;4.3;4.5;4.5;5.1;3.4;5;4.7;4.5;6.5;7.5;6.3;6;5.9;5.4;5.3;5.1;7.6
234;Faroe Islands;Share in total final energy consumption (%);Municipal waste (renew);Energy Balances, UN Statistics Division (2024);0;0;0;0;0;0;0;0;0;0;0;0;0;0;0;0;0;0;0;0;0;0;0;0;0;0;0;0;0;0;0;0;0
234;Faroe Islands;Share in total final energy consumption (%);Liquid biofuels;Energy Balances, UN Statistics Division (2024);0;0;0;0;0;0;0;0;0;0;0;0;0;0;0;0;0;0;0;0;0;0;0;0;0;0;0;0;0;0;0;0;0
234;Faroe Islands;Share in total final energy consumption (%);Solid biofuels;Energy Balances, UN Statistics Division (2024);0;0;0;0;0;0;0;0;0;0;0;0;0;0;0;0;0;0;0;0;0;0;0;0;0;0;0;0;0;0;0;0;0
234;Faroe Islands;Share in total final energy consumption (%);Biogases;Energy Balances, UN Statistics Division (2024);0;0;0;0;0;0;0;0;0;0;0;0;0;0;0;0;0;0;0;0;0;0;0;0;0;0;0;0;0;0;0;0;0
234;Faroe Islands;Share in total final energy consumption (%);Hydro;Energy Balances, UN Statistics Division (2024);2.5;2.7;3.1;3;3.1;3.2;2.7;3.2;3.1;2.7;2.7;2.5;3.4;3;3.1;3.5;3.7;3.9;4;4.4;2.8;4.3;4.2;3.6;5.1;5.3;4.2;3.9;3.7;3.6;3.7;3.3;4.5
234;Faroe Islands;Share in total final energy consumption (%);Geothermal;Energy Balances, UN Statistics Division (2024);0;0;0;0;0;0;0;0;0;0;0;0;0;0;0;0;0;0;0;0;0;0;0;0;0;0;0;0;0;0;0;0;0
234;Faroe Islands;Share in total final energy consumption (%);Tide, wave and ocean;Energy Balances, UN Statistics Division (2024);0;0;0;0;0;0;0;0;0;0;0;0;0;0;0;0;0;0;0;0;0;0;0;0;0;0;0;0;0;0;0;0;0
234;Faroe Islands;Share in total final energy consumption (%);Wind;Energy Balances, UN Statistics Division (2024);0;0;0;0;0;0;0;0;0;0;0;0;0;0.1;0.3;0.4;0.6;0.6;0.5;0.7;0.6;0.7;0.5;0.9;1.5;2.2;2.1;2.1;2.2;1.8;1.6;1.8;3.1
234;Faroe Islands;Share in total final energy consumption (%);Solar;Energy Balances, UN Statistics Division (2024);0;0;0;0;0;0;0;0;0;0;0;0;0;0;0;0;0;0;0;0;0;0;0;0;0;0;0;0;0;0;0;0;0
234;Faroe Islands;Final consumption of renewable energy (PJ) - Heat raising;Renewables;Energy Balances, UN Statistics Division (2024);0;0;0;0;0;0;0;0;0;0;0;0;0;0;0;0;0;0;0;0;0;0;0;0;0;0;0;0;0;0;0;0;0
234;Faroe Islands;Final consumption of renewable energy (PJ) - Transport;Renewables;Energy Balances, UN Statistics Division (2024);0;0;0;0;0;0;0;0;0;0;0;0;0;0;0;0;0;0;0;0;0;0;0;0;0;0;0;0;0;0;0;0;0
234;Faroe Islands;Final consumption of renewable energy (PJ) - Electricity consumption;Renewables;Energy Balances, UN Statistics Division (2024);0.2;0.2;0.3;0.2;0.2;0.2;0.2;0.3;0.3;0.2;0.2;0.3;0.3;0.3;0.3;0.4;0.4;0.4;0.4;0.4;0.3;0.4;0.4;0.4;0.5;0.6;0.5;0.6;0.6;0.5;0.5;0.5;0.7
242;Fiji;Total final energy consumption (PJ);Total;Energy Balances, UN Statistics Division (2024);19.7;19.1;20.5;20.9;22.5;20.6;20.8;18.1;15.7;18.9;18.5;20;18.4;18.9;23.4;19.2;21.8;20.8;16.5;13.6;16.4;16.9;16.4;18.7;20.7;24.7;21.7;23.9;23.7;24.1;22.2;18.4;22.4
242;Fiji;Share in total final energy consumption (%);Renewables;Energy Balances, UN Statistics Division (2024);57.1;55.5;56.2;57.6;61.9;58.4;57.3;51.6;45.4;54.2;50.1;40.4;49;40.8;35.7;40;39.1;36;42.1;41.6;27.9;33.4;33.3;32.8;33.2;28.6;24.6;26;24.4;24.8;25;29.9;26.7
242;Fiji;Share in total final energy consumption (%);Modern renewables;Energy Balances, UN Statistics Division (2024);55.7;54;54.8;56.2;60.6;57;55.9;50;43.5;52.7;48.5;39;47.4;39.3;34.5;38.6;37.8;34.7;40.6;39.9;26.5;32;31.9;31.6;32.1;27.5;23.5;25;23.3;23.7;23.9;28.6;25.6
242;Fiji;Share in total final energy consumption (%);Municipal waste (renew);Energy Balances, UN Statistics Division (2024);0;0;0;0;0;0;0;0;0;0;0;0;0;0;0;0;0;0;0;0;0;0;0;0;0;0;0;0;0;0;0;0;0
242;Fiji;Share in total final energy consumption (%);Liquid biofuels;Energy Balances, UN Statistics Division (2024);0;0;0;0;0;0;0;0;0;0;0;0;0;0;0;0;0;0;0;0;0;0;0;0;0;0;0;0;0;0;0;0;0
242;Fiji;Share in total final energy consumption (%);Solid biofuels;Energy Balances, UN Statistics Division (2024);50.8;49.7;50.9;52;56.3;52.4;51.7;44.5;36.9;46.6;42.9;33.4;41.4;35.5;30.9;34.4;34.1;27.9;31.6;30.5;19.7;24.4;23.1;23.6;27;23.1;17.1;19.3;16.6;17.2;16.8;20.3;18.1
242;Fiji;Share in total final energy consumption (%);Biogases;Energy Balances, UN Statistics Division (2024);0;0;0;0;0;0;0;0;0;0;0;0;0;0;0;0;0;0;0;0;0;0;0;0;0;0;0;0;0;0;0;0;0
242;Fiji;Share in total final energy consumption (%);Hydro;Energy Balances, UN Statistics Division (2024);6.4;5.7;5.4;5.6;5.6;6;5.6;7.1;8.5;7.6;7.1;7;7.6;5.3;4.9;5.6;4.9;8.1;10.5;10.9;8.1;8.9;10;9;6.1;5.3;7.4;6.6;7.6;7.4;8;9.4;8.4
242;Fiji;Share in total final energy consumption (%);Geothermal;Energy Balances, UN Statistics Division (2024);0;0;0;0;0;0;0;0;0;0;0;0;0;0;0;0;0;0;0;0;0;0;0;0;0;0;0;0;0;0;0;0;0
242;Fiji;Share in total final energy consumption (%);Tide, wave and ocean;Energy Balances, UN Statistics Division (2024);0;0;0;0;0;0;0;0;0;0;0;0;0;0;0;0;0;0;0;0;0;0;0;0;0;0;0;0;0;0;0;0;0
242;Fiji;Share in total final energy consumption (%);Wind;Energy Balances, UN Statistics Division (2024);0;0;0;0;0;0;0;0;0;0;0;0;0;0;0;0;0;0.1;0.1;0.2;0.1;0.1;0.1;0.1;0.1;0.1;0.1;0;0;0;0;0;0
242;Fiji;Share in total final energy consumption (%);Solar;Energy Balances, UN Statistics Division (2024);0;0;0;0;0;0;0;0;0;0;0;0;0;0;0;0;0;0;0;0;0;0;0;0;0;0.1;0.1;0.1;0.2;0.2;0.2;0.2;0.2
242;Fiji;Final consumption of renewable energy (PJ) - Heat raising;Renewables;Energy Balances, UN Statistics Division (2024);9.9;9.4;10.3;10.7;12.5;10.6;10.6;7.9;5.6;8.6;7.7;6.5;7.4;6.5;7;6.4;7.2;5.7;5.1;4.1;3.2;4.1;3.7;4.4;5.5;5.7;3.7;4.6;3.9;4.1;3.7;3.7;4
242;Fiji;Final consumption of renewable energy (PJ) - Transport;Renewables;Energy Balances, UN Statistics Division (2024);0;0;0;0;0;0;0;0;0;0;0;0;0;0;0;0;0;0;0;0;0;0;0;0;0;0;0;0;0;0;0;0;0
242;Fiji;Final consumption of renewable energy (PJ) - Electricity consumption;Renewables;Energy Balances, UN Statistics Division (2024);1.4;1.2;1.2;1.3;1.4;1.4;1.4;1.5;1.5;1.6;1.5;1.6;1.6;1.2;1.3;1.3;1.3;1.8;1.8;1.6;1.4;1.6;1.7;1.8;1.3;1.4;1.7;1.6;1.9;1.9;1.9;1.8;2
246;Finland;Total final energy consumption (PJ);Total;IEA (2024), World Energy Balances;874.5;857.8;856.5;859.2;903.8;889.8;909.5;936.8;971.7;976;979.5;1001.6;1026.7;1040.8;1050;1010.6;1062.3;1061.4;1022.3;958.5;1054.1;998.4;1008.8;989;982.8;967.6;1008.5;1013.4;1027.6;1017.9;952.5;1011.6;939.4
246;Finland;Share in total final energy consumption (%);Renewables;IEA (2024), World Energy Balances;24.5;24;25.1;26;25.1;27.3;26.9;28.8;30.5;30.2;31.7;29.2;29.5;28.4;31.1;31.5;31.3;31.8;34.6;32.5;33.4;35.1;38.7;38.5;41.2;43.2;42.4;44.3;44.2;45.4;47.3;50.2;49.6
246;Finland;Share in total final energy consumption (%);Modern renewables;IEA (2024), World Energy Balances;24.5;24;25.1;26;25.1;27.3;26.9;28.8;30.5;30.2;31.7;29.2;29.5;28.4;31.1;31.5;31.3;31.8;34.6;32.5;33.4;35.1;38.7;38.5;41.2;43.2;42.4;44.3;44.2;45.4;47.3;50.2;49.6
246;Finland;Share in total final energy consumption (%);Municipal waste (renew);IEA (2024), World Energy Balances;0;0;0;0;0;0;0;0;0;0;0.2;0.2;0.2;0.3;0.3;0.4;0.3;0.4;0.4;0.4;0.4;0.4;0.6;0.7;0.8;1;1;1;1.1;1.1;1.1;1.1;1.1
246;Finland;Share in total final energy consumption (%);Liquid biofuels;IEA (2024), World Energy Balances;0;0;0;0;0;0;0;0;0;0;0;0;0;0;0;0;0;0;0.3;0.7;0.7;1;0.9;1;2.1;2.2;0.8;1.7;1.5;1.8;1.8;2.9;2.7
246;Finland;Share in total final energy consumption (%);Solid biofuels;IEA (2024), World Energy Balances;19.6;18.3;18.5;20.2;20.4;21.9;22.3;23.9;24.6;25.1;25.5;24;25.2;24.8;25.6;25.3;26.7;26.1;27.2;25.9;27.5;28.4;29.9;31;31.8;31.7;32.3;32.7;33.1;34.1;33.6;35.5;34.6
246;Finland;Share in total final energy consumption (%);Biogases;IEA (2024), World Energy Balances;0;0;0;0;0;0;0.1;0;0;0.1;0.1;0.1;0.1;0.1;0.1;0.2;0.1;0.1;0.2;0.2;0.1;0.2;0.2;0.3;0.3;0.3;0.3;0.5;0.6;0.6;0.6;0.6;0.7
246;Finland;Share in total final energy consumption (%);Hydro;IEA (2024), World Energy Balances;4.8;5.6;6.6;5.8;4.7;5.3;4.5;4.8;5.8;5;5.8;4.9;4;3.2;5;5.6;4.1;5.1;6.4;5.1;4.6;4.9;6.9;5.2;5.7;7.1;6.6;6.3;5.5;5.2;6.7;6.4;5.5
246;Finland;Share in total final energy consumption (%);Geothermal;IEA (2024), World Energy Balances;0;0;0;0;0;0;0;0;0;0;0;0;0;0;0;0;0;0;0;0;0;0;0;0;0;0;0;0;0;0;0;0;0
246;Finland;Share in total final energy consumption (%);Tide, wave and ocean;IEA (2024), World Energy Balances;0;0;0;0;0;0;0;0;0;0;0;0;0;0;0;0;0;0;0;0;0;0;0;0;0;0;0;0;0;0;0;0;0
246;Finland;Share in total final energy consumption (%);Wind;IEA (2024), World Energy Balances;0;0;0;0;0;0;0;0;0;0;0;0;0;0;0;0.1;0.1;0.1;0.1;0.1;0.1;0.2;0.2;0.3;0.5;1;1.3;2;2.4;2.5;3.5;3.4;4.9
246;Finland;Share in total final energy consumption (%);Solar;IEA (2024), World Energy Balances;0;0;0;0;0;0;0;0;0;0;0;0;0;0;0;0;0;0;0;0;0;0;0;0;0;0;0;0;0;0.1;0.1;0.1;0.2
246;Finland;Final consumption of renewable energy (PJ) - Heat raising;Renewables;IEA (2024), World Energy Balances;151.8;139.4;140.4;152.1;162;171;183.1;196.1;205.2;213.6;219.3;212.4;227.2;229.1;237;221.9;247.4;244.7;244.1;222;256.5;247.5;264.4;268.1;274.7;271.8;291;297.1;303;308.1;290.3;323.3;294.6
246;Finland;Final consumption of renewable energy (PJ) - Transport;Renewables;IEA (2024), World Energy Balances;0.5;0.5;0.5;0.5;0.5;0.5;0.4;0.5;0.6;0.6;0.6;0.6;0.6;0.7;0.9;0.8;0.7;0.8;4;6.3;6.3;9.1;9.2;10.3;21.8;21.9;8.5;17.7;16.7;19.4;18.2;29.5;25.2
246;Finland;Final consumption of renewable energy (PJ) - Electricity consumption;Renewables;IEA (2024), World Energy Balances;62;66.3;74.2;70.8;64.7;71.1;60.9;73.4;90.6;81;90.4;80;75.3;65.3;88.7;95.9;83.9;92;105.7;82.8;89.4;94;116.8;102.6;108.9;124.6;127.8;134.7;134.9;134.5;142.1;154.7;146.1
250;France;Total final energy consumption (PJ);Total;IEA (2024), World Energy Balances;5368.4;5731.5;5759.7;5697.5;5594.1;5666.1;5936.8;5839.4;5992.2;6019.8;6084.3;6314.9;6180.7;6304.8;6371.3;6340.3;6225.8;6060.6;6150.3;5942.9;6105.2;5893.7;6073.7;6192.9;5734.2;5852.2;5953.7;5885;5770.5;5715.4;5229.6;5732.5;5467
250;France;Share in total final energy consumption (%);Renewables;IEA (2024), World Energy Balances;10.5;11.1;11.3;10.9;11;10.7;10.5;10;9.7;9.8;9.3;9.4;8.7;8.8;8.9;8.6;8.5;9.4;10.5;11.3;11.9;10.7;12.4;13.5;13.2;13.4;14.4;14.2;15.3;15.7;16.9;16.4;17
250;France;Share in total final energy consumption (%);Modern renewables;IEA (2024), World Energy Balances;10.5;11.1;11.3;10.9;11;10.7;10.5;10;9.7;9.8;9.3;9.4;8.7;8.8;8.9;8.6;8.5;9.4;10.5;11.3;11.9;10.7;12.4;13.5;13.2;13.4;14.4;14.2;15.3;15.7;16.9;16.4;17
250;France;Share in total final energy consumption (%);Municipal waste (renew);IEA (2024), World Energy Balances;0.2;0.2;0.2;0.2;0.2;0.3;0.3;0.3;0.3;0.3;0.3;0.4;0.4;0.4;0.4;0.3;0.3;0.3;0.3;0.4;0.4;0.3;0.3;0.3;0.3;0.3;0.4;0.4;0.4;0.4;0.4;0.4;0.5
250;France;Share in total final energy consumption (%);Liquid biofuels;IEA (2024), World Energy Balances;0;0;0;0;0.1;0.1;0.2;0.2;0.2;0.2;0.2;0.2;0.2;0.2;0.2;0.4;0.5;1;1.6;1.7;1.7;1.7;1.8;1.8;2.2;2.1;2.2;2.4;2.5;2.6;2.4;2.4;2.6
250;France;Share in total final energy consumption (%);Solid biofuels;IEA (2024), World Energy Balances;7.5;8.2;7.9;7.7;7;7;7.2;6.6;6.4;6.1;5.7;5.6;5.4;5.6;5.6;5.6;5.1;5.2;5.4;5.9;6.4;5.6;6.2;6.7;6.2;6.6;7;6.8;7;7.1;7.1;7.3;7.1
250;France;Share in total final energy consumption (%);Biogases;IEA (2024), World Energy Balances;0;0;0;0;0.1;0.1;0;0.1;0.1;0.1;0.1;0.1;0.1;0.1;0.1;0.1;0.1;0.1;0.1;0.1;0.1;0.1;0.1;0.1;0.2;0.2;0.2;0.3;0.3;0.3;0.4;0.4;0.4
250;France;Share in total final energy consumption (%);Hydro;IEA (2024), World Energy Balances;2.6;2.5;3;2.8;3.5;3.2;2.7;2.7;2.7;3.1;2.8;3;2.4;2.4;2.4;2.1;2.4;2.5;2.8;2.7;2.8;2.1;2.8;3.3;3;2.6;2.9;2.4;3.1;2.7;3.4;2.9;2.6
250;France;Share in total final energy consumption (%);Geothermal;IEA (2024), World Energy Balances;0.1;0.1;0.1;0.1;0.1;0.1;0.1;0.1;0.1;0.1;0.1;0.1;0.1;0.1;0.1;0.1;0.1;0.1;0.1;0.1;0.1;0.1;0.1;0.1;0.1;0.1;0.1;0.1;0.1;0.1;0.2;0.1;0.1
250;France;Share in total final energy consumption (%);Tide, wave and ocean;IEA (2024), World Energy Balances;0;0;0;0;0;0;0;0;0;0;0;0;0;0;0;0;0;0;0;0;0;0;0;0;0;0;0;0;0;0;0;0;0
250;France;Share in total final energy consumption (%);Wind;IEA (2024), World Energy Balances;0;0;0;0;0;0;0;0;0;0;0;0;0;0;0;0;0.1;0.2;0.3;0.4;0.5;0.6;0.7;0.7;0.8;1;1;1.2;1.4;1.7;2.1;1.8;2.2
250;France;Share in total final energy consumption (%);Solar;IEA (2024), World Energy Balances;0;0;0;0;0;0;0;0;0;0;0;0;0;0;0;0;0;0;0;0;0.1;0.2;0.3;0.3;0.4;0.5;0.5;0.6;0.7;0.7;0.9;0.9;1.3
250;France;Final consumption of renewable energy (PJ) - Heat raising;Renewables;IEA (2024), World Energy Balances;420.2;485.2;470.9;452.9;406.7;416.3;446.8;405.9;406.9;387.3;374;380.4;361.1;383.3;385.9;374.5;332.8;334.1;353.8;372;409.4;350;401.3;440.9;381.7;409.2;447.7;440.1;444.2;451.9;420;469.9;437.4
250;France;Final consumption of renewable energy (PJ) - Transport;Renewables;IEA (2024), World Energy Balances;3.5;3.5;4.4;5.1;8.7;10.7;13.8;16.6;15;15.9;18;18.5;18.3;17.1;18.4;27.9;33.5;63.9;100.9;107.8;106.2;106.3;117.9;119.3;130;131.5;131.9;137.5;138.3;141.1;119.2;130.8;141.4
250;France;Final consumption of renewable energy (PJ) - Electricity consumption;Renewables;IEA (2024), World Energy Balances;139.3;146.6;176.4;163.2;198.8;181.6;165.2;162;161.8;186.9;171.8;194.6;156.9;157.5;162.5;143.4;161;171.2;193.7;189;212.8;173.2;234.1;272.9;247.8;244.2;275.5;256.8;302.8;303.1;344.2;338.5;351.8
254;French Guiana;Total final energy consumption (PJ);Total;Energy Balances, UN Statistics Division (2024);6.5;6.7;6.8;6.7;6.4;6.2;5.5;5.6;6.1;6.3;6.3;7;7.1;7;7.3;7.7;7.5;8.2;8;8.6;8.4;NaN;NaN;NaN;NaN;NaN;NaN;NaN;NaN;NaN;NaN;NaN;NaN
254;French Guiana;Share in total final energy consumption (%);Renewables;Energy Balances, UN Statistics Division (2024);5.7;5.7;5.7;6.2;11.2;13.5;18.7;20.3;11.3;23.3;23.8;25.9;30.4;23;26.4;28.5;33.9;30.7;35;25.9;29.4;NaN;NaN;NaN;NaN;NaN;NaN;NaN;NaN;NaN;NaN;NaN;NaN
254;French Guiana;Share in total final energy consumption (%);Modern renewables;Energy Balances, UN Statistics Division (2024);1.2;1.2;1.2;1.3;5.9;7.8;12.1;13.5;4.4;16.3;16.4;18.8;22.9;15;18.4;20.4;25.3;22.4;26.1;17.3;20.2;NaN;NaN;NaN;NaN;NaN;NaN;NaN;NaN;NaN;NaN;NaN;NaN
254;French Guiana;Share in total final energy consumption (%);Municipal waste (renew);Energy Balances, UN Statistics Division (2024);0;0;0;0;0;0;0;0;0;0;0;0;0;0;0;0;0;0;0;0;0;NaN;NaN;NaN;NaN;NaN;NaN;NaN;NaN;NaN;NaN;NaN;NaN
254;French Guiana;Share in total final energy consumption (%);Liquid biofuels;Energy Balances, UN Statistics Division (2024);0;0;0;0;0;0;0;0;0;0;0;0;0;0;0;0;0;0;0;0;0;NaN;NaN;NaN;NaN;NaN;NaN;NaN;NaN;NaN;NaN;NaN;NaN
254;French Guiana;Share in total final energy consumption (%);Solid biofuels;Energy Balances, UN Statistics Division (2024);5.7;5.7;5.7;6.2;6.7;7.2;8.4;8.6;8.7;8.9;9.5;9.1;9.5;10.2;10.2;10.4;11;10.4;11.4;11.4;12.3;NaN;NaN;NaN;NaN;NaN;NaN;NaN;NaN;NaN;NaN;NaN;NaN
254;French Guiana;Share in total final energy consumption (%);Biogases;Energy Balances, UN Statistics Division (2024);0;0;0;0;0;0;0;0;0;0;0;0;0;0;0;0;0;0;0;0;0;NaN;NaN;NaN;NaN;NaN;NaN;NaN;NaN;NaN;NaN;NaN;NaN
254;French Guiana;Share in total final energy consumption (%);Hydro;Energy Balances, UN Statistics Division (2024);0;0;0;0;4.5;6.3;10.3;11.7;2.6;14.4;14.3;16.8;20.9;12.8;16.2;18.1;22.9;20.2;23.6;14.5;17.1;NaN;NaN;NaN;NaN;NaN;NaN;NaN;NaN;NaN;NaN;NaN;NaN
254;French Guiana;Share in total final energy consumption (%);Geothermal;Energy Balances, UN Statistics Division (2024);0;0;0;0;0;0;0;0;0;0;0;0;0;0;0;0;0;0;0;0;0;NaN;NaN;NaN;NaN;NaN;NaN;NaN;NaN;NaN;NaN;NaN;NaN
254;French Guiana;Share in total final energy consumption (%);Tide, wave and ocean;Energy Balances, UN Statistics Division (2024);0;0;0;0;0;0;0;0;0;0;0;0;0;0;0;0;0;0;0;0;0;NaN;NaN;NaN;NaN;NaN;NaN;NaN;NaN;NaN;NaN;NaN;NaN
254;French Guiana;Share in total final energy consumption (%);Wind;Energy Balances, UN Statistics Division (2024);0;0;0;0;0;0;0;0;0;0;0;0;0;0;0;0;0;0;0;0;0;NaN;NaN;NaN;NaN;NaN;NaN;NaN;NaN;NaN;NaN;NaN;NaN
254;French Guiana;Share in total final energy consumption (%);Solar;Energy Balances, UN Statistics Division (2024);0;0;0;0;0;0;0;0;0;0;0;0;0;0;0;0;0;0;0;0;0;NaN;NaN;NaN;NaN;NaN;NaN;NaN;NaN;NaN;NaN;NaN;NaN
254;French Guiana;Final consumption of renewable energy (PJ) - Heat raising;Renewables;Energy Balances, UN Statistics Division (2024);0.4;0.4;0.4;0.4;0.4;0.4;0.5;0.5;0.5;0.6;0.6;0.6;0.7;0.7;0.8;0.8;0.8;0.9;0.9;1;1;NaN;NaN;NaN;NaN;NaN;NaN;NaN;NaN;NaN;NaN;NaN;NaN
254;French Guiana;Final consumption of renewable energy (PJ) - Transport;Renewables;Energy Balances, UN Statistics Division (2024);0;0;0;0;0;0;0;0;0;0;0;0;0;0;0;0;0;0;0;0;0;NaN;NaN;NaN;NaN;NaN;NaN;NaN;NaN;NaN;NaN;NaN;NaN
254;French Guiana;Final consumption of renewable energy (PJ) - Electricity consumption;Renewables;Energy Balances, UN Statistics Division (2024);0;0;0;0;0.3;0.4;0.6;0.7;0.2;0.9;0.9;1.2;1.5;0.9;1.2;1.4;1.7;1.7;1.9;1.3;1.5;NaN;NaN;NaN;NaN;NaN;NaN;NaN;NaN;NaN;NaN;NaN;NaN
258;French Polynesia;Total final energy consumption (PJ);Total;Energy Balances, UN Statistics Division (2024);5.1;5;5;5;5.3;5.5;5.8;5.9;6.2;6.4;6.1;7.5;7.9;8;8.3;8.2;7.3;8.3;8.4;8.5;10.5;9.9;9.8;9.7;9.6;9.8;10.2;10.2;10.4;10.4;9.7;10.2;11
258;French Polynesia;Share in total final energy consumption (%);Renewables;Energy Balances, UN Statistics Division (2024);4.1;4.1;6.6;6.9;6.6;8.1;7.3;7.3;10;7;8.5;6.4;5.9;6.8;7.5;7.6;9.5;9.2;8.8;8.8;7.4;6.8;6.6;6.5;7.5;7.8;8.1;8.1;7.7;7.7;8.2;7.4;8.7
258;French Polynesia;Share in total final energy consumption (%);Modern renewables;Energy Balances, UN Statistics Division (2024);3.5;3.5;6;6.3;5.9;7.5;6.7;6.7;9.2;6.4;7.9;5.8;5.4;6.3;7.1;7.1;8.9;8.7;8.3;8.2;6.9;6.5;6.3;6.2;7.1;7.5;7.8;7.7;7.4;7.3;7.9;7.1;8.3
258;French Polynesia;Share in total final energy consumption (%);Municipal waste (renew);Energy Balances, UN Statistics Division (2024);0;0;0;0;0;0;0;0;0;0;0;0;0;0;0;0;0;0;0;0;0;0;0;0;0;0;0;0;0;0;0;0;0
258;French Polynesia;Share in total final energy consumption (%);Liquid biofuels;Energy Balances, UN Statistics Division (2024);0;0;0;0;0;0;0;0;0;0;0;0;0;0;0;0;0;0;0;0;0;0;0;0;0;0;0;0;0;0;0;0;0
258;French Polynesia;Share in total final energy consumption (%);Solid biofuels;Energy Balances, UN Statistics Division (2024);0.6;0.6;0.7;0.7;0.6;0.6;0.6;0.6;0.7;0.6;0.6;0.6;0.5;0.5;0.5;0.5;0.5;0.5;0.5;0.5;0.4;0.3;0.3;0.3;0.3;0.3;0.3;0.3;0.3;0.3;0.3;0.3;0.3
258;French Polynesia;Share in total final energy consumption (%);Biogases;Energy Balances, UN Statistics Division (2024);0;0;0;0;0;0;0;0;0;0;0;0;0;0;0;0;0;0;0;0;0;0;0;0;0;0;0;0;0;0;0;0;0
258;French Polynesia;Share in total final energy consumption (%);Hydro;Energy Balances, UN Statistics Division (2024);3.5;3.5;6;6.3;5.9;7.5;6.7;6.7;9.2;6.4;7.9;5.8;5.4;6.3;7.1;7.1;8.9;8.7;8.1;8.1;6.2;5.5;5.2;4.9;5.5;5.7;6;5.8;5.3;5.2;5.5;4.7;6
258;French Polynesia;Share in total final energy consumption (%);Geothermal;Energy Balances, UN Statistics Division (2024);0;0;0;0;0;0;0;0;0;0;0;0;0;0;0;0;0;0;0;0;0;0;0;0;0;0;0;0;0;0;0;0;0
258;French Polynesia;Share in total final energy consumption (%);Tide, wave and ocean;Energy Balances, UN Statistics Division (2024);0;0;0;0;0;0;0;0;0;0;0;0;0;0;0;0;0;0;0;0;0;0;0;0;0;0;0;0;0;0;0;0;0
258;French Polynesia;Share in total final energy consumption (%);Wind;Energy Balances, UN Statistics Division (2024);0;0;0;0;0;0;0;0;0;0;0;0;0;0;0;0;0;0;0;0;0;0;0;0;0;0;0;0;0;0;0;0;0
258;French Polynesia;Share in total final energy consumption (%);Solar;Energy Balances, UN Statistics Division (2024);0;0;0;0;0;0;0;0;0;0;0;0;0;0;0;0;0;0;0.1;0.1;0.8;1;1.2;1.3;1.6;1.8;1.8;2;2.1;2.1;2.4;2.4;2.3
258;French Polynesia;Final consumption of renewable energy (PJ) - Heat raising;Renewables;Energy Balances, UN Statistics Division (2024);0;0;0;0;0;0;0;0;0;0;0;0;0;0;0;0;0;0;0;0;0.1;0.1;0.1;0.1;0.1;0.1;0.1;0.1;0.1;0.1;0.1;0.1;0.1
258;French Polynesia;Final consumption of renewable energy (PJ) - Transport;Renewables;Energy Balances, UN Statistics Division (2024);0;0;0;0;0;0;0;0;0;0;0;0;0;0;0;0;0;0;0;0;0;0;0;0;0;0;0;0;0;0;0;0;0
258;French Polynesia;Final consumption of renewable energy (PJ) - Electricity consumption;Renewables;Energy Balances, UN Statistics Division (2024);0.2;0.2;0.3;0.3;0.3;0.4;0.4;0.4;0.6;0.4;0.5;0.4;0.4;0.5;0.6;0.6;0.7;0.7;0.7;0.7;0.7;0.6;0.5;0.5;0.6;0.7;0.7;0.7;0.7;0.7;0.7;0.6;0.8
266;Gabon;Total final energy consumption (PJ);Total;IEA (2024), World Energy Balances;42.2;45.3;46.8;48.4;48.8;50.9;52.1;54.1;55.7;55.8;55.9;57.8;70.6;84.5;99.2;116.4;132.3;146.6;163.4;178.8;199.9;157.1;137.1;206.9;195.3;197.6;198.3;179.8;179.9;180.1;178.7;178.2;178.6
266;Gabon;Share in total final energy consumption (%);Renewables;IEA (2024), World Energy Balances;78.3;75.2;74.8;73.8;72.9;71.9;71.5;70;69.7;71.3;72.8;72.4;79.8;83.6;85.8;85.2;86.2;87.4;87.3;87.9;85.8;79.7;75.5;82.3;81.6;82.2;81.7;90.4;90.4;90.3;91.1;91.3;91.2
266;Gabon;Share in total final energy consumption (%);Modern renewables;IEA (2024), World Energy Balances;19.5;18.6;18.4;18.1;17.6;16.9;17;16.7;16.7;17.2;17.4;17.5;33.7;44;51.1;54.8;58.6;61.7;63.5;65.5;65;52.4;43.1;60.1;57.4;57.6;57.4;63.9;64.3;64.5;65.5;65.9;66.2
266;Gabon;Share in total final energy consumption (%);Municipal waste (renew);IEA (2024), World Energy Balances;0;0;0;0;0;0;0;0;0;0;0;0;0;0;0;0;0;0;0;0;0;0;0;0;0;0;0;0;0;0;0;0;0
266;Gabon;Share in total final energy consumption (%);Liquid biofuels;IEA (2024), World Energy Balances;0;0;0;0;0;0;0;0;0;0;0;0;0;0;0;0;0;0;0;0;0;0;0;0;0;0;0;0;0;0;0;0;0
266;Gabon;Share in total final energy consumption (%);Solid biofuels;IEA (2024), World Energy Balances;73.5;70.7;70.5;69.7;69.1;68.2;67.7;66.2;65.8;67.3;68.9;68.3;76.3;80.8;83.3;83.4;84.2;85.9;85.8;86.5;84.6;78.3;73.7;80.9;80.1;80.5;80.2;88.5;88.4;88.2;88.9;89.1;88.9
266;Gabon;Share in total final energy consumption (%);Biogases;IEA (2024), World Energy Balances;0;0;0;0;0;0;0;0;0;0;0;0;0;0;0;0;0;0;0;0;0;0;0;0;0;0;0;0;0;0;0;0;0
266;Gabon;Share in total final energy consumption (%);Hydro;IEA (2024), World Energy Balances;4.8;4.4;4.3;4.1;3.8;3.7;3.8;3.8;3.9;4;3.9;4.1;3.5;2.9;2.4;1.9;1.9;1.5;1.5;1.4;1.2;1.4;1.8;1.4;1.5;1.7;1.5;2;2.1;2.1;2.2;2.2;2.3
266;Gabon;Share in total final energy consumption (%);Geothermal;IEA (2024), World Energy Balances;0;0;0;0;0;0;0;0;0;0;0;0;0;0;0;0;0;0;0;0;0;0;0;0;0;0;0;0;0;0;0;0;0
266;Gabon;Share in total final energy consumption (%);Tide, wave and ocean;IEA (2024), World Energy Balances;0;0;0;0;0;0;0;0;0;0;0;0;0;0;0;0;0;0;0;0;0;0;0;0;0;0;0;0;0;0;0;0;0
266;Gabon;Share in total final energy consumption (%);Wind;IEA (2024), World Energy Balances;0;0;0;0;0;0;0;0;0;0;0;0;0;0;0;0;0;0;0;0;0;0;0;0;0;0;0;0;0;0;0;0;0
266;Gabon;Share in total final energy consumption (%);Solar;IEA (2024), World Energy Balances;0;0;0;0;0;0;0;0;0;0;0;0;0;0;0;0;0;0;0;0;0;0;0;0;0;0;0;0;0;0;0;0;0
266;Gabon;Final consumption of renewable energy (PJ) - Heat raising;Renewables;IEA (2024), World Energy Balances;31;32;32.9;33.7;33.7;34.7;35.3;35.8;36.7;37.5;38.5;39.5;53.9;68.2;82.6;97;111.4;125.8;140.3;154.7;169.1;122.9;101;167.4;156.4;159.1;159;159;158.9;158.9;158.9;158.8;158.8
266;Gabon;Final consumption of renewable energy (PJ) - Transport;Renewables;IEA (2024), World Energy Balances;0;0;0;0;0;0;0;0;0;0;0;0;0;0;0;0;0;0;0;0;0;0;0;0;0;0;0;0;0;0;0;0;0
266;Gabon;Final consumption of renewable energy (PJ) - Electricity consumption;Renewables;IEA (2024), World Energy Balances;2;2;2;2;1.9;1.9;2;2.1;2.2;2.3;2.2;2.4;2.5;2.4;2.4;2.2;2.6;2.2;2.4;2.6;2.5;2.3;2.5;2.8;2.9;3.3;3;3.5;3.7;3.8;4;3.9;4.1
270;Gambia;Total final energy consumption (PJ);Total;Energy Balances, UN Statistics Division (2024);5.4;5.6;5.7;5.9;5.7;5.8;5.8;5.9;6;6.2;6.9;7.3;7.2;7.2;7.4;7.4;7.7;8.7;8.8;10.1;8.6;8.7;8.8;8.6;9.8;10.8;10.8;10.7;10.9;11.3;10.7;11.1;11.3
270;Gambia;Share in total final energy consumption (%);Renewables;Energy Balances, UN Statistics Division (2024);62;62.3;63.5;63.3;61.6;60.1;59.6;58.7;57.5;56.3;62.9;59.6;61;62.4;61.3;61.7;60.2;57.3;56.3;53.9;56.6;56.2;56.9;59.3;53.2;48.9;48.6;48;48.1;47.4;49.8;48.9;47.9
270;Gambia;Share in total final energy consumption (%);Modern renewables;Energy Balances, UN Statistics Division (2024);0;0;0;0;0;0;0;0;0;0;0;0;0;0;0;0;0;0.1;0.1;0.1;0.1;0.1;0.1;0.1;0.1;0.1;0.1;0.1;0.1;0.2;0.1;0.1;0.1
270;Gambia;Share in total final energy consumption (%);Municipal waste (renew);Energy Balances, UN Statistics Division (2024);0;0;0;0;0;0;0;0;0;0;0;0;0;0;0;0;0;0;0;0;0;0;0;0;0;0;0;0;0;0;0;0;0
270;Gambia;Share in total final energy consumption (%);Liquid biofuels;Energy Balances, UN Statistics Division (2024);0;0;0;0;0;0;0;0;0;0;0;0;0;0;0;0;0;0;0;0;0;0;0;0;0;0;0;0;0;0;0;0;0
270;Gambia;Share in total final energy consumption (%);Solid biofuels;Energy Balances, UN Statistics Division (2024);62;62.3;63.5;63.3;61.6;60.1;59.6;58.7;57.5;56.3;62.9;59.6;61;62.4;61.2;61.7;60.2;57.2;56.2;53.8;56.5;56.1;56.8;59.2;53.1;48.9;48.5;47.9;48;47.2;49.7;48.8;47.8
270;Gambia;Share in total final energy consumption (%);Biogases;Energy Balances, UN Statistics Division (2024);0;0;0;0;0;0;0;0;0;0;0;0;0;0;0;0;0;0;0;0;0;0;0;0;0;0;0;0;0;0;0;0;0
270;Gambia;Share in total final energy consumption (%);Hydro;Energy Balances, UN Statistics Division (2024);0;0;0;0;0;0;0;0;0;0;0;0;0;0;0;0;0;0;0;0;0;0;0;0;0;0;0;0;0;0;0;0;0
270;Gambia;Share in total final energy consumption (%);Geothermal;Energy Balances, UN Statistics Division (2024);0;0;0;0;0;0;0;0;0;0;0;0;0;0;0;0;0;0;0;0;0;0;0;0;0;0;0;0;0;0;0;0;0
270;Gambia;Share in total final energy consumption (%);Tide, wave and ocean;Energy Balances, UN Statistics Division (2024);0;0;0;0;0;0;0;0;0;0;0;0;0;0;0;0;0;0;0;0;0;0;0;0;0;0;0;0;0;0;0;0;0
270;Gambia;Share in total final energy consumption (%);Wind;Energy Balances, UN Statistics Division (2024);0;0;0;0;0;0;0;0;0;0;0;0;0;0;0;0;0;0;0;0;0;0;0;0;0;0;0;0;0.1;0.1;0;0;0
270;Gambia;Share in total final energy consumption (%);Solar;Energy Balances, UN Statistics Division (2024);0;0;0;0;0;0;0;0;0;0;0;0;0;0;0;0;0;0.1;0.1;0.1;0.1;0.1;0.1;0.1;0.1;0.1;0.1;0.1;0.1;0.1;0.1;0.1;0.1
270;Gambia;Final consumption of renewable energy (PJ) - Heat raising;Renewables;Energy Balances, UN Statistics Division (2024);3.3;3.5;3.6;3.8;3.5;3.5;3.4;3.5;3.4;3.5;4.3;4.4;4.4;4.5;4.5;4.6;4.6;5;4.9;5.5;4.8;4.9;5;5.1;5.2;5.3;5.3;5.1;5.2;5.3;5.3;5.4;5.4
270;Gambia;Final consumption of renewable energy (PJ) - Transport;Renewables;Energy Balances, UN Statistics Division (2024);0;0;0;0;0;0;0;0;0;0;0;0;0;0;0;0;0;0;0;0;0;0;0;0;0;0;0;0;0;0;0;0;0
270;Gambia;Final consumption of renewable energy (PJ) - Electricity consumption;Renewables;Energy Balances, UN Statistics Division (2024);0;0;0;0;0;0;0;0;0;0;0;0;0;0;0;0;0;0;0;0;0;0;0;0;0;0;0;0;0;0;0;0;0
268;Georgia;Total final energy consumption (PJ);Total;IEA (2024), World Energy Balances;360.6;308.1;262.2;245.5;144.5;93.5;129.2;113;101.5;95.5;95.5;80.1;80.3;83.3;84.2;82.2;83.5;94.8;95.4;98.3;105.3;114.6;122.6;146.8;157.7;164.1;174.4;176.4;174;178.6;175.4;194.4;205.2
268;Georgia;Share in total final energy consumption (%);Renewables;IEA (2024), World Energy Balances;12.8;14.1;18.5;26;22.7;46.4;42.8;44.4;47.5;49.7;47.3;53.1;56.8;55.3;54.5;41.5;37.2;36.2;36.3;36.7;39.1;31.5;28.7;32.4;30.7;27.5;27.2;27.5;27.4;24.7;23.5;25.2;22.5
268;Georgia;Share in total final energy consumption (%);Modern renewables;IEA (2024), World Energy Balances;12.8;14.1;18.5;26;22.7;46.4;42.8;44.4;47.5;49.7;47.3;53.1;56.8;55.3;54.5;41.5;37.2;36.2;36.3;36.7;39.1;31.5;28.7;32.4;30.7;27.5;27.2;27.5;27.4;24.7;23.5;25.2;22.5
268;Georgia;Share in total final energy consumption (%);Municipal waste (renew);IEA (2024), World Energy Balances;0;0;0;0;0;0;0;0;0;0;0;0;0;0;0;0;0;0;0;0;0;0;0;0;0;0;0;0;0;0;0;0;0
268;Georgia;Share in total final energy consumption (%);Liquid biofuels;IEA (2024), World Energy Balances;0;0;0;0;0;0;0;0;0;0;0;0;0;0;0;0;0;0;0;0;0;0;0;0;0;0;0;0;0;0;0;0;0
268;Georgia;Share in total final energy consumption (%);Solid biofuels;IEA (2024), World Energy Balances;5.3;5.9;10.8;17.6;8.4;30.2;31;29;29;29.5;28.3;33.7;33.7;32.4;32.1;17.8;18.7;17.4;16.6;16.3;14.3;11.5;10.5;13.7;12.3;10.2;9.3;8.6;6.5;5.7;5.4;5.1;4.2
268;Georgia;Share in total final energy consumption (%);Biogases;IEA (2024), World Energy Balances;0;0;0;0;0;0;0;0;0;0;0;0;0;0;0;0;0;0;0;0;0;0;0;0;0;0;0;0;0;0;0;0;0
268;Georgia;Share in total final energy consumption (%);Hydro;IEA (2024), World Energy Balances;7.5;8.3;7.8;8.4;14.3;16.2;11.8;15.3;18.6;20.1;18.7;18.9;22.6;22.4;22;23.2;17.8;18.1;19.1;18.6;23;19.7;17.9;18.3;18;17;17.4;18.3;20.2;18.3;17.4;19.6;17.8
268;Georgia;Share in total final energy consumption (%);Geothermal;IEA (2024), World Energy Balances;0;0;0;0;0;0;0;0;0;0;0.3;0.5;0.5;0.5;0.5;0.5;0.7;0.7;0.6;1.9;1.8;0.4;0.3;0.4;0.3;0.4;0.4;0.4;0.4;0.4;0.3;0.3;0.3
268;Georgia;Share in total final energy consumption (%);Tide, wave and ocean;IEA (2024), World Energy Balances;0;0;0;0;0;0;0;0;0;0;0;0;0;0;0;0;0;0;0;0;0;0;0;0;0;0;0;0;0;0;0;0;0
268;Georgia;Share in total final energy consumption (%);Wind;IEA (2024), World Energy Balances;0;0;0;0;0;0;0;0;0;0;0;0;0;0;0;0;0;0;0;0;0;0;0;0;0;0;0;0.2;0.2;0.2;0.2;0.2;0.1
268;Georgia;Share in total final energy consumption (%);Solar;IEA (2024), World Energy Balances;0;0;0;0;0;0;0;0;0;0;0;0;0;0;0;0;0;0;0;0;0;0;0;0;0;0.1;0.1;0.1;0.1;0.1;0.1;0.1;0.1
268;Georgia;Final consumption of renewable energy (PJ) - Heat raising;Renewables;IEA (2024), World Energy Balances;19.2;18.1;28.2;43.3;12.1;28.2;40;32.8;29.4;28.2;27.3;27.4;27.4;27.4;27.4;15;16.2;17.2;16.4;17.8;17;13.6;13.3;20.7;20.1;17.4;16.9;16;12.1;11.1;10.2;10.6;9.5
268;Georgia;Final consumption of renewable energy (PJ) - Transport;Renewables;IEA (2024), World Energy Balances;2.1;1.6;1;0.9;1.5;1;0.8;1.8;0.9;1.2;1.3;0.9;1.1;1.1;1.1;1.1;0.9;1;1.1;1.1;1.8;1;1.1;0.8;0.8;0.8;0.9;1;1.1;1.2;0.6;0.7;0.6
268;Georgia;Final consumption of renewable energy (PJ) - Electricity consumption;Renewables;IEA (2024), World Energy Balances;24.7;23.9;19.4;19.7;19.1;14.2;14.4;15.5;17.9;18;16.6;14.3;17;17.6;17.4;18;14;16.2;17.2;17.2;22.5;21.5;20.8;26;27.5;27;29.6;31.6;34.4;31.9;30.2;37.7;36.1
276;Germany;Total final energy consumption (PJ);Total;IEA (2024), World Energy Balances;9120.6;9058.8;8781.5;8843.6;8641.5;8779.6;9179.6;8992;8927.1;8754.5;8638.9;8813;8671.7;8872.6;8809.4;8667.8;8894.1;8343;8705.5;8215.5;8764.3;8316.8;8453.3;8673.8;8189;8358.9;8492.5;8537.5;8406.8;8373.2;8093;8226.3;7916.8
276;Germany;Share in total final energy consumption (%);Renewables;IEA (2024), World Energy Balances;2.1;2;2.1;2.1;2.3;2.3;2.3;2.8;3;3.3;3.7;3.9;4.4;5.4;6.3;7.3;8.6;10.5;10.2;10.7;11.6;12.5;13.6;13.6;14;14.6;14.2;15.2;16;17.1;18.5;17.9;19.6
276;Germany;Share in total final energy consumption (%);Modern renewables;IEA (2024), World Energy Balances;2.1;2;2.1;2.1;2.3;2.3;2.3;2.8;3;3.3;3.7;3.9;4.4;5.4;6.3;7.3;8.6;10.5;10.2;10.7;11.6;12.5;13.6;13.6;14;14.6;14.2;15.2;16;17.1;18.5;17.9;19.6
276;Germany;Share in total final energy consumption (%);Municipal waste (renew);IEA (2024), World Energy Balances;0.1;0.1;0.1;0.2;0.2;0.2;0.2;0.2;0.2;0.2;0.2;0.2;0.2;0.3;0.3;0.4;0.5;0.6;0.4;0.4;0.5;0.5;0.6;0.7;0.7;0.7;0.7;0.7;0.8;0.9;0.9;0.9;0.9
276;Germany;Share in total final energy consumption (%);Liquid biofuels;IEA (2024), World Energy Balances;0;0;0;0;0;0;0;0;0;0.1;0.1;0.2;0.2;0.4;0.5;0.9;1.7;2.1;1.6;1.6;1.6;1.5;1.5;1.4;1.5;1.4;1.4;1.4;1.4;1.4;1.9;1.6;1.7
276;Germany;Share in total final energy consumption (%);Solid biofuels;IEA (2024), World Energy Balances;1.3;1.3;1.2;1.2;1.3;1.2;1.2;1.8;2;2;2.1;2.1;2.2;3.1;3.6;3.8;4.2;4.6;5.1;5.2;5.8;5.6;6.1;6;5.5;5.4;5.2;5.2;5.5;5.6;5.6;6.2;6.8
276;Germany;Share in total final energy consumption (%);Biogases;IEA (2024), World Energy Balances;0.1;0.1;0;0;0;0.1;0.1;0.1;0.1;0.1;0.1;0.2;0.3;0.2;0.2;0.3;0.3;0.6;0.7;0.9;1;1.3;1.5;1.6;1.8;1.9;1.9;1.9;2;2;2.2;2;2
276;Germany;Share in total final energy consumption (%);Hydro;IEA (2024), World Energy Balances;0.6;0.5;0.6;0.6;0.7;0.8;0.7;0.6;0.6;0.7;0.8;0.8;0.8;0.6;0.7;0.7;0.7;0.8;0.7;0.7;0.7;0.7;0.8;0.8;0.7;0.7;0.7;0.7;0.6;0.7;0.7;0.7;0.7
276;Germany;Share in total final energy consumption (%);Geothermal;IEA (2024), World Energy Balances;0;0;0;0;0;0;0;0;0;0;0;0;0;0;0;0;0;0;0;0;0;0;0;0;0;0;0.1;0.1;0.1;0.1;0.1;0.1;0.1
276;Germany;Share in total final energy consumption (%);Tide, wave and ocean;IEA (2024), World Energy Balances;0;0;0;0;0;0;0;0;0;0;0;0;0;0;0;0;0;0;0;0;0;0;0;0;0;0;0;0;0;0;0;0;0
276;Germany;Share in total final energy consumption (%);Wind;IEA (2024), World Energy Balances;0;0;0;0;0.1;0.1;0.1;0.1;0.2;0.2;0.3;0.4;0.6;0.7;0.9;1;1.1;1.5;1.4;1.5;1.3;1.9;1.9;1.8;2.1;2.8;2.7;3.6;3.8;4.5;5;4.3;4.7
276;Germany;Share in total final energy consumption (%);Solar;IEA (2024), World Energy Balances;0;0;0;0;0;0;0;0;0;0;0.1;0.1;0.1;0.1;0.1;0.2;0.2;0.3;0.3;0.5;0.6;1;1.2;1.3;1.6;1.7;1.6;1.7;1.9;1.9;2.3;2.3;2.7
276;Germany;Final consumption of renewable energy (PJ) - Heat raising;Renewables;IEA (2024), World Energy Balances;134.2;128.2;120.8;123.3;123.4;123.1;124.9;180.3;192.1;191.8;201.9;213.8;221.4;310.4;343.1;361.1;406.8;446;487.8;479.6;574.8;540.2;595.8;616.6;550.9;564;553.7;566.1;593.4;602.3;591.3;638.9;672.4
276;Germany;Final consumption of renewable energy (PJ) - Transport;Renewables;IEA (2024), World Energy Balances;1.7;1.7;2.2;2.4;3.6;4.3;5.1;6.3;6.7;8.3;13.5;17.6;25.8;32.5;42.5;81.2;145.1;164.8;128.1;116.8;128.3;126;133.2;123.1;127;119.2;120.1;123.4;128.1;128.9;158.5;137.7;145
276;Germany;Final consumption of renewable energy (PJ) - Electricity consumption;Renewables;IEA (2024), World Energy Balances;55.4;50.2;58;60.9;68.8;76.2;76.7;67.4;73;85.6;104.3;112.3;135.5;139.4;173.3;188.6;212.4;262.3;276.1;284;314.1;377;424.2;442.2;470.6;533;535.6;609.6;626.8;698.1;749;699.4;731.2
288;Ghana;Total final energy consumption (PJ);Total;IEA (2024), World Energy Balances;177.7;179.8;191;196.9;203.3;215;225.4;230;236.4;251.8;222;216.1;210.1;196.6;198.9;195.1;196.3;195.5;207.1;228.1;225.4;246.7;271.1;281.4;283;291.5;291.6;299.5;323.1;335.2;357;363.4;363.2
288;Ghana;Share in total final energy consumption (%);Renewables;IEA (2024), World Energy Balances;80.6;82.9;81;81.3;80.6;79.8;78.8;78.3;73.6;72.8;71.9;69.6;66;64.8;62.8;61.8;58.9;54.9;57.7;52.3;52.3;50.5;46.9;46.6;48.1;44.4;45.6;47.7;44.3;43.6;40.4;35.8;39.4
288;Ghana;Share in total final energy consumption (%);Modern renewables;IEA (2024), World Energy Balances;15.8;16.3;16.2;16.3;15.5;16.5;17;16.4;11.7;13.4;24.1;23.8;21.1;19.3;19.8;19.9;19;15.9;17.3;15.9;15.7;15.5;16.3;17.5;16.2;13.5;14.8;12;11.2;11.7;10.5;9.9;10.8
288;Ghana;Share in total final energy consumption (%);Municipal waste (renew);IEA (2024), World Energy Balances;0;0;0;0;0;0;0;0;0;0;0;0;0;0;0;0;0;0;0;0;0;0;0;0;0;0;0;0;0;0;0;0;0
288;Ghana;Share in total final energy consumption (%);Liquid biofuels;IEA (2024), World Energy Balances;0;0;0;0;0;0;0;0;0;0;0;0;0;0;0;0;0;0;0;0;0;0;0;0;0;0;0;0;0;0;0;0;0
288;Ghana;Share in total final energy consumption (%);Solid biofuels;IEA (2024), World Energy Balances;71.6;73.4;71.4;71.6;71.6;69.6;68;68.1;68;65.3;62.5;60.4;58.6;59.2;55.5;53.8;51;49.4;49.8;44.7;44.8;42.7;39;38.9;40.3;39;38.9;41.7;38.8;37.5;34.7;30;33.1
288;Ghana;Share in total final energy consumption (%);Biogases;IEA (2024), World Energy Balances;0;0;0;0;0;0;0;0;0;0;0;0;0;0;0;0;0;0;0;0;0;0;0;0;0;0;0;0;0;0;0;0;0
288;Ghana;Share in total final energy consumption (%);Hydro;IEA (2024), World Energy Balances;9.1;9.5;9.6;9.7;8.9;10.2;10.9;10.2;5.5;7.5;9.4;9.2;7.4;5.6;7.3;8;8;5.5;7.9;7.6;7.6;7.8;7.9;7.7;7.8;5.4;6.6;6;5.5;6.1;5.6;5.7;6.1
288;Ghana;Share in total final energy consumption (%);Geothermal;IEA (2024), World Energy Balances;0;0;0;0;0;0;0;0;0;0;0;0;0;0;0;0;0;0;0;0;0;0;0;0;0;0;0;0;0;0;0;0;0
288;Ghana;Share in total final energy consumption (%);Tide, wave and ocean;IEA (2024), World Energy Balances;0;0;0;0;0;0;0;0;0;0;0;0;0;0;0;0;0;0;0;0;0;0;0;0;0;0;0;0;0;0;0;0;0
288;Ghana;Share in total final energy consumption (%);Wind;IEA (2024), World Energy Balances;0;0;0;0;0;0;0;0;0;0;0;0;0;0;0;0;0;0;0;0;0;0;0;0;0;0;0;0;0;0;0;0;0
288;Ghana;Share in total final energy consumption (%);Solar;IEA (2024), World Energy Balances;0;0;0;0;0;0;0;0;0;0;0;0;0;0;0;0;0;0;0;0;0;0;0;0;0;0;0;0;0;0;0;0.1;0.1
288;Ghana;Final consumption of renewable energy (PJ) - Heat raising;Renewables;IEA (2024), World Energy Balances;127.2;132.1;136.4;140.9;145.6;149.6;153.2;156.7;160.9;164.4;138.7;130.6;123.2;116.5;110.4;104.9;100.1;96.6;103.1;102;100.9;105.4;105.8;109.4;114;113.7;113.5;124.7;125.3;125.7;123.9;108.9;120.2
288;Ghana;Final consumption of renewable energy (PJ) - Transport;Renewables;IEA (2024), World Energy Balances;0;0;0;0;0;0;0;0;0;0;0;0;0;0;0;0;0;0;0;0;0;0;0;0;0;0;0;0;0;0;0;0;0
288;Ghana;Final consumption of renewable energy (PJ) - Electricity consumption;Renewables;IEA (2024), World Energy Balances;16.1;17.1;18.3;19.2;18.2;22;24.5;23.5;13.1;18.9;21;19.9;15.5;10.9;14.5;15.7;15.6;10.7;16.4;17.4;17;19.2;21.4;21.8;22.2;15.8;19.5;18;17.9;20.5;20.3;21.1;22.7
292;Gibraltar;Total final energy consumption (PJ);Total;IEA (2024), World Energy Balances;1.4;2.2;2.6;2.6;3.2;3.1;3.2;3.3;3.5;3.6;3.8;3.9;4;4;4.5;4.6;4.8;4.7;4.7;5.2;5.3;5.1;5.2;5.5;6;6.5;7;7.5;8;8.6;8;8;8
292;Gibraltar;Share in total final energy consumption (%);Renewables;IEA (2024), World Energy Balances;0;0;0;0;0;0;0;0;0;0;0;0;0;0;0;0;0;0;0;0;0;0;0;0;0;0;0;0;0;0;0;0;0
292;Gibraltar;Share in total final energy consumption (%);Modern renewables;IEA (2024), World Energy Balances;0;0;0;0;0;0;0;0;0;0;0;0;0;0;0;0;0;0;0;0;0;0;0;0;0;0;0;0;0;0;0;0;0
292;Gibraltar;Share in total final energy consumption (%);Municipal waste (renew);IEA (2024), World Energy Balances;0;0;0;0;0;0;0;0;0;0;0;0;0;0;0;0;0;0;0;0;0;0;0;0;0;0;0;0;0;0;0;0;0
292;Gibraltar;Share in total final energy consumption (%);Liquid biofuels;IEA (2024), World Energy Balances;0;0;0;0;0;0;0;0;0;0;0;0;0;0;0;0;0;0;0;0;0;0;0;0;0;0;0;0;0;0;0;0;0
292;Gibraltar;Share in total final energy consumption (%);Solid biofuels;IEA (2024), World Energy Balances;0;0;0;0;0;0;0;0;0;0;0;0;0;0;0;0;0;0;0;0;0;0;0;0;0;0;0;0;0;0;0;0;0
292;Gibraltar;Share in total final energy consumption (%);Biogases;IEA (2024), World Energy Balances;0;0;0;0;0;0;0;0;0;0;0;0;0;0;0;0;0;0;0;0;0;0;0;0;0;0;0;0;0;0;0;0;0
292;Gibraltar;Share in total final energy consumption (%);Hydro;IEA (2024), World Energy Balances;0;0;0;0;0;0;0;0;0;0;0;0;0;0;0;0;0;0;0;0;0;0;0;0;0;0;0;0;0;0;0;0;0
292;Gibraltar;Share in total final energy consumption (%);Geothermal;IEA (2024), World Energy Balances;0;0;0;0;0;0;0;0;0;0;0;0;0;0;0;0;0;0;0;0;0;0;0;0;0;0;0;0;0;0;0;0;0
292;Gibraltar;Share in total final energy consumption (%);Tide, wave and ocean;IEA (2024), World Energy Balances;0;0;0;0;0;0;0;0;0;0;0;0;0;0;0;0;0;0;0;0;0;0;0;0;0;0;0;0;0;0;0;0;0
292;Gibraltar;Share in total final energy consumption (%);Wind;IEA (2024), World Energy Balances;0;0;0;0;0;0;0;0;0;0;0;0;0;0;0;0;0;0;0;0;0;0;0;0;0;0;0;0;0;0;0;0;0
292;Gibraltar;Share in total final energy consumption (%);Solar;IEA (2024), World Energy Balances;0;0;0;0;0;0;0;0;0;0;0;0;0;0;0;0;0;0;0;0;0;0;0;0;0;0;0;0;0;0;0;0;0
292;Gibraltar;Final consumption of renewable energy (PJ) - Heat raising;Renewables;IEA (2024), World Energy Balances;0;0;0;0;0;0;0;0;0;0;0;0;0;0;0;0;0;0;0;0;0;0;0;0;0;0;0;0;0;0;0;0;0
292;Gibraltar;Final consumption of renewable energy (PJ) - Transport;Renewables;IEA (2024), World Energy Balances;0;0;0;0;0;0;0;0;0;0;0;0;0;0;0;0;0;0;0;0;0;0;0;0;0;0;0;0;0;0;0;0;0
292;Gibraltar;Final consumption of renewable energy (PJ) - Electricity consumption;Renewables;IEA (2024), World Energy Balances;0;0;0;0;0;0;0;0;0;0;0;0;0;0;0;0;0;0;0;0;0;0;0;0;0;0;0;0;0;0;0;0;0
300;Greece;Total final energy consumption (PJ);Total;IEA (2024), World Energy Balances;577.5;594.9;597.4;597.1;604;622.1;669.6;691.9;727.7;720.8;745;772.7;787.5;829.8;819.6;841.2;859.9;878.8;849.7;826.2;769.4;761.5;686.9;614.1;619.8;659;664.4;645.6;620.4;629.8;589.7;605.9;635.2
300;Greece;Share in total final energy consumption (%);Renewables;IEA (2024), World Energy Balances;7.8;8.3;7.9;8;8;8.3;8.2;8;7.6;8;7.8;7.1;7.3;7.6;7.8;8;8.5;8.1;8.3;9.2;11.4;11.4;14.2;16.6;16.4;17.5;16.4;16.4;17.9;18.5;20.1;21.5;21
300;Greece;Share in total final energy consumption (%);Modern renewables;IEA (2024), World Energy Balances;7.8;8.3;7.9;8;8;8.3;8.2;8;7.6;8;7.8;7.1;7.3;7.6;7.8;8;8.5;8.1;8.3;9.2;11.4;11.4;14.2;16.6;16.4;17.5;16.4;16.4;17.9;18.5;20.1;21.5;21
300;Greece;Share in total final energy consumption (%);Municipal waste (renew);IEA (2024), World Energy Balances;0;0;0;0;0;0;0;0;0;0;0;0;0;0;0;0;0;0;0;0;0;0;0;0;0;0;0;0;0;0;0;0;0
300;Greece;Share in total final energy consumption (%);Liquid biofuels;IEA (2024), World Energy Balances;0;0;0;0;0;0;0;0;0;0;0;0;0;0;0;0;0.2;0.4;0.3;0.4;0.7;0.6;0.8;0.9;1;1;1;1.1;1.1;1.3;1.5;1.5;1.4
300;Greece;Share in total final energy consumption (%);Solid biofuels;IEA (2024), World Energy Balances;6.5;6.3;6.3;6.3;6.2;6;5.7;5.5;5.2;5.3;5.3;5.1;5;4.6;4.7;4.8;4.5;5;4.6;4.3;4.7;5.9;7.2;6.6;6.5;6.7;5.6;5.9;6;5.6;5.7;5.7;5.6
300;Greece;Share in total final energy consumption (%);Biogases;IEA (2024), World Energy Balances;0;0;0;0;0;0;0;0;0;0;0;0;0.1;0.1;0.1;0.1;0.1;0.1;0.1;0.1;0.1;0.2;0.2;0.2;0.2;0.2;0.2;0.3;0.3;0.5;0.5;0.5;0.5
300;Greece;Share in total final energy consumption (%);Hydro;IEA (2024), World Energy Balances;0.9;1.5;1.1;1.1;1.3;1.7;2;1.7;1.6;1.9;1.4;0.8;1.1;1.7;1.7;1.8;2.1;0.9;1.3;2.1;3.2;1.7;2;3.2;2.6;3.3;2.9;2.2;3.1;2.4;2;3.2;2
300;Greece;Share in total final energy consumption (%);Geothermal;IEA (2024), World Energy Balances;0;0;0;0;0;0;0;0;0;0;0;0;0;0;0.1;0.1;0.1;0.1;0.1;0.1;0.1;0.1;0.1;0.1;0.1;0.1;0.1;0.1;0.1;0.1;0;0;0.1
300;Greece;Share in total final energy consumption (%);Tide, wave and ocean;IEA (2024), World Energy Balances;0;0;0;0;0;0;0;0;0;0;0;0;0;0;0;0;0;0;0;0;0;0;0;0;0;0;0;0;0;0;0;0;0
300;Greece;Share in total final energy consumption (%);Wind;IEA (2024), World Energy Balances;0;0;0;0;0;0;0;0;0;0.1;0.2;0.3;0.3;0.4;0.4;0.5;0.6;0.7;0.9;1;1.2;1.4;1.7;2.1;2.1;2.5;2.7;3;3.4;4.3;5.6;5.6;5.7
300;Greece;Share in total final energy consumption (%);Solar;IEA (2024), World Energy Balances;0.4;0.4;0.5;0.5;0.5;0.6;0.5;0.7;0.7;0.8;0.9;0.9;0.9;0.8;0.9;0.8;0.9;0.9;1.1;1.2;1.4;1.6;2.2;3.5;3.9;3.7;3.8;3.9;3.9;4.5;4.8;4.9;5.8
300;Greece;Final consumption of renewable energy (PJ) - Heat raising;Renewables;IEA (2024), World Energy Balances;39.9;40.3;40.6;40.9;40.9;41.1;41.7;43.2;43.4;43.7;46.2;46.1;46.6;45.3;46.3;47.6;47.1;52.6;49.2;46.3;47.1;56.5;61.6;52.8;53;56.9;50.3;50.3;50.2;49.1;47.8;49.3;50.4
300;Greece;Final consumption of renewable energy (PJ) - Transport;Renewables;IEA (2024), World Energy Balances;0;0;0;0;0;0;0.1;0.1;0.1;0.1;0.1;0;0.1;0.1;0.1;0.1;2;3.6;3;3.4;5.5;4.5;4.6;5.3;5.9;6.3;6.4;7.1;6.9;8;8.6;9.3;9.4
300;Greece;Final consumption of renewable energy (PJ) - Electricity consumption;Renewables;IEA (2024), World Energy Balances;5.2;9.1;6.5;6.8;7.7;10.5;13.2;12.1;11.6;14;12;8.8;11.1;17.7;17.9;19.7;24;14.5;18.6;26.2;35;25.6;31.1;43.9;42.8;52;52.4;48.4;53.8;59.6;62.1;71.6;73.7
304;Greenland;Total final energy consumption (PJ);Total;Energy Balances, UN Statistics Division (2024);5.3;5.2;5;5.1;5.2;5.5;5.7;6.1;6.2;6.1;6.2;6.4;6.2;6.2;8.1;8.1;8.5;8.9;9.1;8.2;7.9;8.3;8.3;8.3;7.7;7.6;7.8;8;8.5;8.7;8.4;8.5;9.3
304;Greenland;Share in total final energy consumption (%);Renewables;Energy Balances, UN Statistics Division (2024);0.5;0.5;0.6;5.3;11.2;10.7;10.5;9.2;9.3;9.4;9.2;8.7;9.5;9.5;6.7;7;7.1;6.9;6.9;8.8;10.1;10.2;10.1;11.2;12.5;13.1;12.4;11.3;11.4;10.9;11.8;11.6;11.9
304;Greenland;Share in total final energy consumption (%);Modern renewables;Energy Balances, UN Statistics Division (2024);0.5;0.5;0.6;5.3;11.2;10.7;10.5;9.2;9.3;9.4;9.2;8.7;9.5;9.5;6.7;7;7.1;6.9;6.9;8.8;10.1;10.2;10.1;11.2;12.5;13.1;12.4;11.3;11.4;10.9;11.8;11.6;11.9
304;Greenland;Share in total final energy consumption (%);Municipal waste (renew);Energy Balances, UN Statistics Division (2024);0.5;0.5;0.6;0.6;0.6;0.6;0.6;0.5;0.6;0.5;0.4;0.4;0.4;0.4;0.4;0.4;0.3;0.3;0.3;0.3;0.4;0.4;0.3;0.4;0.4;0.4;0.4;0.3;0.3;0.3;0.3;0.3;0.3
304;Greenland;Share in total final energy consumption (%);Liquid biofuels;Energy Balances, UN Statistics Division (2024);0;0;0;0;0;0;0;0;0;0;0;0;0;0;0;0;0;0;0;0;0;0;0;0;0;0;0;0;0;0;0;0;0
304;Greenland;Share in total final energy consumption (%);Solid biofuels;Energy Balances, UN Statistics Division (2024);0;0;0;0;0;0;0;0;0;0;0;0;0;0;0;0;0;0;0;0;0;0;0;0;0;0;0;0;0;0;0;0;0
304;Greenland;Share in total final energy consumption (%);Biogases;Energy Balances, UN Statistics Division (2024);0;0;0;0;0;0;0;0;0;0;0;0;0;0;0;0;0;0;0;0;0;0;0;0;0;0;0;0;0;0;0;0;0
304;Greenland;Share in total final energy consumption (%);Hydro;Energy Balances, UN Statistics Division (2024);0;0;0;4.7;10.6;10.1;9.9;8.7;8.8;8.9;8.7;8.3;9.1;9;6.3;6.6;6.8;6.6;6.5;8.5;9.7;9.8;9.7;10.8;12.1;12.7;12;11;11.1;10.5;11.5;11.3;11.6
304;Greenland;Share in total final energy consumption (%);Geothermal;Energy Balances, UN Statistics Division (2024);0;0;0;0;0;0;0;0;0;0;0;0;0;0;0;0;0;0;0;0;0;0;0;0;0;0;0;0;0;0;0;0;0
304;Greenland;Share in total final energy consumption (%);Tide, wave and ocean;Energy Balances, UN Statistics Division (2024);0;0;0;0;0;0;0;0;0;0;0;0;0;0;0;0;0;0;0;0;0;0;0;0;0;0;0;0;0;0;0;0;0
304;Greenland;Share in total final energy consumption (%);Wind;Energy Balances, UN Statistics Division (2024);0;0;0;0;0;0;0;0;0;0;0;0;0;0;0;0;0;0;0;0;0;0;0;0;0;0;0;0;0;0;0;0;0
304;Greenland;Share in total final energy consumption (%);Solar;Energy Balances, UN Statistics Division (2024);0;0;0;0;0;0;0;0;0;0;0;0;0;0;0;0;0;0;0;0;0;0;0;0;0;0;0;0;0;0;0;0;0
304;Greenland;Final consumption of renewable energy (PJ) - Heat raising;Renewables;Energy Balances, UN Statistics Division (2024);0;0;0;0;0;0;0;0;0;0;0;0;0;0;0;0;0;0;0;0;0;0;0;0;0;0;0;0;0;0;0;0;0
304;Greenland;Final consumption of renewable energy (PJ) - Transport;Renewables;Energy Balances, UN Statistics Division (2024);0;0;0;0;0;0;0;0;0;0;0;0;0;0;0;0;0;0;0;0;0;0;0;0;0;0;0;0;0;0;0;0;0
304;Greenland;Final consumption of renewable energy (PJ) - Electricity consumption;Renewables;Energy Balances, UN Statistics Division (2024);0;0;0;0.2;0.6;0.6;0.6;0.5;0.6;0.5;0.5;0.5;0.6;0.6;0.5;0.5;0.6;0.6;0.6;0.7;0.8;0.8;0.8;0.9;0.9;1;0.9;0.9;0.9;0.9;1;1;1.1
308;Grenada;Total final energy consumption (PJ);Total;Energy Balances, UN Statistics Division (2024);1.2;1.2;1.3;1.3;1.4;1.4;1.7;1.9;2.1;2.2;2.2;2.3;2.4;2.6;2.5;2.6;2.7;2.9;2.8;2.9;2.9;2.8;2.8;2.7;2.8;2.9;3;3.2;3.3;3.6;3.1;3.3;3.5
308;Grenada;Share in total final energy consumption (%);Renewables;Energy Balances, UN Statistics Division (2024);8.4;8.1;7.8;8.1;7.2;7.4;6.2;8.3;10.1;10.3;10.5;10.4;10.5;10.4;10.6;10.6;10.4;9.9;10.3;10.1;10.4;10.9;11;11.1;11.4;11.1;11;10.7;10.7;10.4;10.3;10.2;9.9
308;Grenada;Share in total final energy consumption (%);Modern renewables;Energy Balances, UN Statistics Division (2024);1;1;0.9;1.4;0.8;1.3;1;0.9;0.8;0.8;0.8;0.8;0.8;0.8;0.8;0.8;0.8;0.8;0.8;0.8;0.8;0.8;0.9;1;0.9;0.9;1;1;1;1;1.1;1.1;1.1
308;Grenada;Share in total final energy consumption (%);Municipal waste (renew);Energy Balances, UN Statistics Division (2024);0;0;0;0;0;0;0;0;0;0;0;0;0;0;0;0;0;0;0;0;0;0;0;0;0;0;0;0;0;0;0;0;0
308;Grenada;Share in total final energy consumption (%);Liquid biofuels;Energy Balances, UN Statistics Division (2024);0;0;0;0;0;0;0;0;0;0;0;0;0;0;0;0;0;0;0;0;0;0;0;0;0;0;0;0;0;0;0;0;0
308;Grenada;Share in total final energy consumption (%);Solid biofuels;Energy Balances, UN Statistics Division (2024);8.4;8.1;7.8;8.1;7.2;7.4;6.2;8.3;10.1;10.3;10.5;10.4;10.5;10.4;10.6;10.6;10.4;9.9;10.2;10;10.3;10.8;10.9;11;11.3;10.9;10.7;10.4;10.3;10;9.9;9.8;9.4
308;Grenada;Share in total final energy consumption (%);Biogases;Energy Balances, UN Statistics Division (2024);0;0;0;0;0;0;0;0;0;0;0;0;0;0;0;0;0;0;0;0;0;0;0;0;0;0;0;0;0;0;0;0;0
308;Grenada;Share in total final energy consumption (%);Hydro;Energy Balances, UN Statistics Division (2024);0;0;0;0;0;0;0;0;0;0;0;0;0;0;0;0;0;0;0;0;0;0;0;0;0;0;0;0;0;0;0;0;0
308;Grenada;Share in total final energy consumption (%);Geothermal;Energy Balances, UN Statistics Division (2024);0;0;0;0;0;0;0;0;0;0;0;0;0;0;0;0;0;0;0;0;0;0;0;0;0;0;0;0;0;0;0;0;0
308;Grenada;Share in total final energy consumption (%);Tide, wave and ocean;Energy Balances, UN Statistics Division (2024);0;0;0;0;0;0;0;0;0;0;0;0;0;0;0;0;0;0;0;0;0;0;0;0;0;0;0;0;0;0;0;0;0
308;Grenada;Share in total final energy consumption (%);Wind;Energy Balances, UN Statistics Division (2024);0;0;0;0;0;0;0;0;0;0;0;0;0;0;0;0;0;0;0;0;0;0;0;0;0;0;0;0;0;0;0;0;0
308;Grenada;Share in total final energy consumption (%);Solar;Energy Balances, UN Statistics Division (2024);0;0;0;0;0;0;0;0;0;0;0;0;0;0;0;0;0;0;0;0;0;0;0.1;0.1;0.1;0.1;0.3;0.3;0.3;0.3;0.4;0.4;0.4
308;Grenada;Final consumption of renewable energy (PJ) - Heat raising;Renewables;Energy Balances, UN Statistics Division (2024);0.1;0.1;0.1;0.1;0.1;0.1;0.1;0.2;0.2;0.2;0.2;0.2;0.3;0.3;0.3;0.3;0.3;0.3;0.3;0.3;0.3;0.3;0.3;0.3;0.3;0.3;0.3;0.3;0.3;0.4;0.3;0.3;0.3
308;Grenada;Final consumption of renewable energy (PJ) - Transport;Renewables;Energy Balances, UN Statistics Division (2024);0;0;0;0;0;0;0;0;0;0;0;0;0;0;0;0;0;0;0;0;0;0;0;0;0;0;0;0;0;0;0;0;0
308;Grenada;Final consumption of renewable energy (PJ) - Electricity consumption;Renewables;Energy Balances, UN Statistics Division (2024);0;0;0;0;0;0;0;0;0;0;0;0;0;0;0;0;0;0;0;0;0;0;0;0;0;0;0;0;0;0;0;0;0
312;Guadeloupe;Total final energy consumption (PJ);Total;Energy Balances, UN Statistics Division (2024);11.7;12.2;12.1;12.5;12.9;13.2;13.2;13.7;15.9;15.9;16.2;17.6;17.2;18;17.4;17.8;18.2;18.5;18.4;18;18.7;NaN;NaN;NaN;NaN;NaN;NaN;NaN;NaN;NaN;NaN;NaN;NaN
312;Guadeloupe;Share in total final energy consumption (%);Renewables;Energy Balances, UN Statistics Division (2024);6.7;12.1;9.2;9.5;8.9;8.7;8.8;8.5;2.4;2.5;2.6;2.4;2.8;2.8;3.3;4.2;3.9;4.2;4.2;3.7;3;NaN;NaN;NaN;NaN;NaN;NaN;NaN;NaN;NaN;NaN;NaN;NaN
312;Guadeloupe;Share in total final energy consumption (%);Modern renewables;Energy Balances, UN Statistics Division (2024);5.9;11.3;8.4;8.7;8.1;8;8.1;7.8;1.8;1.9;2;1.9;2.2;2.3;2.7;3.7;3.4;3.7;3.8;3.2;2.5;NaN;NaN;NaN;NaN;NaN;NaN;NaN;NaN;NaN;NaN;NaN;NaN
312;Guadeloupe;Share in total final energy consumption (%);Municipal waste (renew);Energy Balances, UN Statistics Division (2024);0;0;0;0;0;0;0;0;0;0;0;0;0;0;0;0;0;0;0;0;0;NaN;NaN;NaN;NaN;NaN;NaN;NaN;NaN;NaN;NaN;NaN;NaN
312;Guadeloupe;Share in total final energy consumption (%);Liquid biofuels;Energy Balances, UN Statistics Division (2024);0;0;0;0;0;0;0;0;0;0;0;0;0;0;0;0;0;0;0;0;0;NaN;NaN;NaN;NaN;NaN;NaN;NaN;NaN;NaN;NaN;NaN;NaN
312;Guadeloupe;Share in total final energy consumption (%);Solid biofuels;Energy Balances, UN Statistics Division (2024);6.4;11.7;8.8;9.1;8.6;8.4;8.3;8;1.4;1.7;1.8;1.6;1.6;1.5;1.6;1.6;1.6;1.5;1.4;1.5;1.5;NaN;NaN;NaN;NaN;NaN;NaN;NaN;NaN;NaN;NaN;NaN;NaN
312;Guadeloupe;Share in total final energy consumption (%);Biogases;Energy Balances, UN Statistics Division (2024);0;0;0;0;0;0;0;0;0;0;0;0;0;0;0;0;0;0;0;0;0;NaN;NaN;NaN;NaN;NaN;NaN;NaN;NaN;NaN;NaN;NaN;NaN
312;Guadeloupe;Share in total final energy consumption (%);Hydro;Energy Balances, UN Statistics Division (2024);0;0;0;0;0;0;0.3;0.5;0.4;0.3;0.2;0.1;0.3;0.3;0.5;0.4;0.3;0.3;0.4;0.4;0.3;NaN;NaN;NaN;NaN;NaN;NaN;NaN;NaN;NaN;NaN;NaN;NaN
312;Guadeloupe;Share in total final energy consumption (%);Geothermal;Energy Balances, UN Statistics Division (2024);0.4;0.4;0.4;0.4;0.4;0.3;0.2;0;0.5;0.4;0.4;0.4;0.3;0.4;0.5;1.7;1.4;1.6;1.5;0.9;0.2;NaN;NaN;NaN;NaN;NaN;NaN;NaN;NaN;NaN;NaN;NaN;NaN
312;Guadeloupe;Share in total final energy consumption (%);Tide, wave and ocean;Energy Balances, UN Statistics Division (2024);0;0;0;0;0;0;0;0;0;0;0;0;0;0;0;0;0;0;0;0;0;NaN;NaN;NaN;NaN;NaN;NaN;NaN;NaN;NaN;NaN;NaN;NaN
312;Guadeloupe;Share in total final energy consumption (%);Wind;Energy Balances, UN Statistics Division (2024);0;0;0;0;0;0;0;0;0;0.1;0.2;0.3;0.6;0.6;0.6;0.4;0.6;0.8;0.8;0.9;0.7;NaN;NaN;NaN;NaN;NaN;NaN;NaN;NaN;NaN;NaN;NaN;NaN
312;Guadeloupe;Share in total final energy consumption (%);Solar;Energy Balances, UN Statistics Division (2024);0;0;0;0;0;0;0;0;0;0;0;0;0;0;0;0;0;0;0.1;0.1;0.3;NaN;NaN;NaN;NaN;NaN;NaN;NaN;NaN;NaN;NaN;NaN;NaN
312;Guadeloupe;Final consumption of renewable energy (PJ) - Heat raising;Renewables;Energy Balances, UN Statistics Division (2024);0.7;1.4;1.1;1.1;1.1;1.1;1.1;1.1;0.1;0.1;0.1;0.1;0.1;0.1;0.1;0.1;0.1;0.1;0.1;0.1;0.1;NaN;NaN;NaN;NaN;NaN;NaN;NaN;NaN;NaN;NaN;NaN;NaN
312;Guadeloupe;Final consumption of renewable energy (PJ) - Transport;Renewables;Energy Balances, UN Statistics Division (2024);0;0;0;0;0;0;0;0;0;0;0;0;0;0;0;0;0;0;0;0;0;NaN;NaN;NaN;NaN;NaN;NaN;NaN;NaN;NaN;NaN;NaN;NaN
312;Guadeloupe;Final consumption of renewable energy (PJ) - Electricity consumption;Renewables;Energy Balances, UN Statistics Division (2024);0;0;0;0;0;0;0.1;0.1;0.3;0.3;0.3;0.3;0.4;0.4;0.5;0.7;0.6;0.7;0.7;0.6;0.5;NaN;NaN;NaN;NaN;NaN;NaN;NaN;NaN;NaN;NaN;NaN;NaN
316;Guam;Total final energy consumption (PJ);Total;Energy Balances, UN Statistics Division (2024);4.4;4.8;4.9;5.3;5.7;5.6;5.9;6;5.6;6.2;6.3;6.3;5.8;5.3;5.7;5.9;5.9;5.9;5.9;5.9;5.9;5.9;5.7;5.6;5.5;5.6;5.7;5.8;5.7;5.7;5.5;5.6;5.6
316;Guam;Share in total final energy consumption (%);Renewables;Energy Balances, UN Statistics Division (2024);0.5;0.5;0.5;0.4;0.4;0.4;0.4;0.4;0.4;0.4;0.4;0.4;0.4;0.5;0.5;0.4;0.4;0.4;0.5;0.5;0.5;0.5;0.5;0.6;0.7;2.3;4.4;3.9;4.5;4.5;4.6;4.5;6.5
316;Guam;Share in total final energy consumption (%);Modern renewables;Energy Balances, UN Statistics Division (2024);0;0;0;0;0;0;0;0;0;0;0;0;0;0;0;0;0;0;0;0;0;0;0;0.1;0.2;1.8;3.9;3.4;4;4;4;4;6
316;Guam;Share in total final energy consumption (%);Municipal waste (renew);Energy Balances, UN Statistics Division (2024);0;0;0;0;0;0;0;0;0;0;0;0;0;0;0;0;0;0;0;0;0;0;0;0;0;0;0;0;0;0;0;0;0
316;Guam;Share in total final energy consumption (%);Liquid biofuels;Energy Balances, UN Statistics Division (2024);0;0;0;0;0;0;0;0;0;0;0;0;0;0;0;0;0;0;0;0;0;0;0;0;0;0;0;0;0;0;0;0;0
316;Guam;Share in total final energy consumption (%);Solid biofuels;Energy Balances, UN Statistics Division (2024);0.5;0.5;0.5;0.4;0.4;0.4;0.4;0.4;0.4;0.4;0.4;0.4;0.4;0.5;0.5;0.4;0.4;0.4;0.5;0.5;0.5;0.5;0.5;0.5;0.5;0.5;0.5;0.5;0.5;0.5;0.5;0.5;0.5
316;Guam;Share in total final energy consumption (%);Biogases;Energy Balances, UN Statistics Division (2024);0;0;0;0;0;0;0;0;0;0;0;0;0;0;0;0;0;0;0;0;0;0;0;0;0;0;0;0;0;0;0;0;0
316;Guam;Share in total final energy consumption (%);Hydro;Energy Balances, UN Statistics Division (2024);0;0;0;0;0;0;0;0;0;0;0;0;0;0;0;0;0;0;0;0;0;0;0;0;0;0;0;0;0;0;0;0;0
316;Guam;Share in total final energy consumption (%);Geothermal;Energy Balances, UN Statistics Division (2024);0;0;0;0;0;0;0;0;0;0;0;0;0;0;0;0;0;0;0;0;0;0;0;0;0;0;0;0;0;0;0;0;0
316;Guam;Share in total final energy consumption (%);Tide, wave and ocean;Energy Balances, UN Statistics Division (2024);0;0;0;0;0;0;0;0;0;0;0;0;0;0;0;0;0;0;0;0;0;0;0;0;0;0;0;0;0;0;0;0;0
316;Guam;Share in total final energy consumption (%);Wind;Energy Balances, UN Statistics Division (2024);0;0;0;0;0;0;0;0;0;0;0;0;0;0;0;0;0;0;0;0;0;0;0;0;0;0;0;0;0;0;0;0;0
316;Guam;Share in total final energy consumption (%);Solar;Energy Balances, UN Statistics Division (2024);0;0;0;0;0;0;0;0;0;0;0;0;0;0;0;0;0;0;0;0;0;0;0;0.1;0.2;1.8;3.8;3.4;3.9;3.9;4;3.9;6
316;Guam;Final consumption of renewable energy (PJ) - Heat raising;Renewables;Energy Balances, UN Statistics Division (2024);0;0;0;0;0;0;0;0;0;0;0;0;0;0;0;0;0;0;0;0;0;0;0;0;0;0;0;0;0;0;0;0;0
316;Guam;Final consumption of renewable energy (PJ) - Transport;Renewables;Energy Balances, UN Statistics Division (2024);0;0;0;0;0;0;0;0;0;0;0;0;0;0;0;0;0;0;0;0;0;0;0;0;0;0;0;0;0;0;0;0;0
316;Guam;Final consumption of renewable energy (PJ) - Electricity consumption;Renewables;Energy Balances, UN Statistics Division (2024);0;0;0;0;0;0;0;0;0;0;0;0;0;0;0;0;0;0;0;0;0;0;0;0;0;0.1;0.2;0.2;0.2;0.2;0.2;0.2;0.3
320;Guatemala;Total final energy consumption (PJ);Total;IEA (2024), World Energy Balances;167.7;171.6;178.5;182.7;184.5;200.1;201.8;209.8;220.5;243.9;249.5;257.3;285.5;294.9;300.9;318.9;325.3;342.2;334.3;346.5;355.5;366.1;374.5;386.1;400.7;423.4;452;469.2;483.7;501.1;499.8;546.9;563.4
320;Guatemala;Share in total final energy consumption (%);Renewables;IEA (2024), World Energy Balances;74.9;74.2;72.2;69.8;68.3;65;65.6;65.1;62;64.5;62.7;61.3;63.8;64.3;66.1;65.2;64.7;63.3;66.5;65.3;67.1;67.1;67.4;67.2;66.3;63.3;63.2;65.1;64;62.8;65.5;62.4;62.8
320;Guatemala;Share in total final energy consumption (%);Modern renewables;IEA (2024), World Energy Balances;9.8;10.4;9.5;9.8;10.1;10.4;10.6;11.4;10.8;10.1;9.4;9.7;6.7;6.7;7.3;7.3;7.8;7.3;5.9;5.4;6.6;6.6;6.9;7;7;6.1;6.2;6.8;6.3;6.1;6.9;7.2;7.6
320;Guatemala;Share in total final energy consumption (%);Municipal waste (renew);IEA (2024), World Energy Balances;0;0;0;0;0;0;0;0;0;0;0;0;0;0;0;0;0;0;0;0;0;0;0;0;0;0;0;0;0;0;0;0;0
320;Guatemala;Share in total final energy consumption (%);Liquid biofuels;IEA (2024), World Energy Balances;0;0;0;0;0;0;0;0;0;0;0;0;0;0;0;0;0;0;0;0;0;0;0;0;0;0;0;0;0;0;0;0;0
320;Guatemala;Share in total final energy consumption (%);Solid biofuels;IEA (2024), World Energy Balances;71.4;70.7;69.7;66.9;65.3;62;62.4;62;59.2;61.6;60.2;58.6;61.5;62;63.5;62.5;61.6;60.5;62.9;62.4;63.5;63.4;63.6;63.5;62.6;60.3;60.3;61.4;60.7;59.8;61.8;58.6;58.5
320;Guatemala;Share in total final energy consumption (%);Biogases;IEA (2024), World Energy Balances;0;0;0;0;0;0;0;0;0;0;0;0;0;0;0;0;0;0;0;0;0;0;0;0;0;0;0;0;0;0;0;0;0
320;Guatemala;Share in total final energy consumption (%);Hydro;IEA (2024), World Energy Balances;3.5;3.5;2.5;2.8;3;3;3.2;3.2;2.7;2.9;2.3;2.5;2.1;2.1;2.4;2.6;3;2.6;3.3;2.6;3.3;3.5;3.6;3.5;3.5;2.6;2.5;3.3;2.9;2.5;3.2;3.3;3.8
320;Guatemala;Share in total final energy consumption (%);Geothermal;IEA (2024), World Energy Balances;0;0;0;0;0;0;0;0;0;0;0.2;0.2;0.1;0.2;0.2;0.1;0.2;0.2;0.3;0.3;0.2;0.2;0.2;0.2;0.2;0.2;0.2;0.2;0.2;0.2;0.2;0.2;0.2
320;Guatemala;Share in total final energy consumption (%);Tide, wave and ocean;IEA (2024), World Energy Balances;0;0;0;0;0;0;0;0;0;0;0;0;0;0;0;0;0;0;0;0;0;0;0;0;0;0;0;0;0;0;0;0;0
320;Guatemala;Share in total final energy consumption (%);Wind;IEA (2024), World Energy Balances;0;0;0;0;0;0;0;0;0;0;0;0;0;0;0;0;0;0;0;0;0;0;0;0;0;0.1;0.1;0.1;0.2;0.2;0.2;0.2;0.2
320;Guatemala;Share in total final energy consumption (%);Solar;IEA (2024), World Energy Balances;0;0;0;0;0;0;0;0;0;0;0;0;0;0;0;0;0;0;0;0;0;0;0;0;0;0.1;0.1;0.1;0.1;0.1;0.1;0.1;0.1
320;Guatemala;Final consumption of renewable energy (PJ) - Heat raising;Renewables;IEA (2024), World Energy Balances;119.2;120.7;123.7;121.5;119.8;123.2;124.9;128.9;129.7;149.2;149.2;149.2;173.9;181.3;189.3;197.1;197.9;204.3;207.8;212.8;221.1;227.6;232.9;239.3;244.3;248.9;265.2;281.3;286.8;292.2;301;310;319.3
320;Guatemala;Final consumption of renewable energy (PJ) - Transport;Renewables;IEA (2024), World Energy Balances;0;0;0;0;0;0;0;0;0;0;0;0;0;0;0;0;0;0;0;0;0;0;0;0;0;0;0;0;0;0;0;0;0
320;Guatemala;Final consumption of renewable energy (PJ) - Electricity consumption;Renewables;IEA (2024), World Energy Balances;6.5;6.7;5.2;5.9;6.3;6.9;7.4;7.8;7;8.2;7.1;8.4;8.1;8.3;9.6;11;12.7;12.3;14.6;13.4;17.4;18;19.4;20.2;21.2;19.2;20.7;24.2;22.8;22.5;26.2;31.1;34.5
831;Guernsey;Total final energy consumption (PJ);Total;Energy Balances, UN Statistics Division (2024);1.1;1.1;1;1;1;1;1;1;1;1;1;1;1;1.1;1.1;1.1;1.2;1.2;1.2;1.3;1.3;1.3;1.3;1.3;1.3;1.2;1.3;1.3;1.3;1.3;1.2;1.3;1.2
831;Guernsey;Share in total final energy consumption (%);Renewables;Energy Balances, UN Statistics Division (2024);0;0;0;0;0;0;0;0;0;0;0;0;0;0;0;0;0;0;0;0;0;0;0;0;0;0;0;0;0.2;0.1;1.6;1.4;1.3
831;Guernsey;Share in total final energy consumption (%);Modern renewables;Energy Balances, UN Statistics Division (2024);0;0;0;0;0;0;0;0;0;0;0;0;0;0;0;0;0;0;0;0;0;0;0;0;0;0;0;0;0.2;0.1;1.6;1.4;1.3
831;Guernsey;Share in total final energy consumption (%);Municipal waste (renew);Energy Balances, UN Statistics Division (2024);0;0;0;0;0;0;0;0;0;0;0;0;0;0;0;0;0;0;0;0;0;0;0;0;0;0;0;0;0;0;0;0;0
831;Guernsey;Share in total final energy consumption (%);Liquid biofuels;Energy Balances, UN Statistics Division (2024);0;0;0;0;0;0;0;0;0;0;0;0;0;0;0;0;0;0;0;0;0;0;0;0;0;0;0;0;0;0;0;0;0
831;Guernsey;Share in total final energy consumption (%);Solid biofuels;Energy Balances, UN Statistics Division (2024);0;0;0;0;0;0;0;0;0;0;0;0;0;0;0;0;0;0;0;0;0;0;0;0;0;0;0;0;0;0;0;0;0
831;Guernsey;Share in total final energy consumption (%);Biogases;Energy Balances, UN Statistics Division (2024);0;0;0;0;0;0;0;0;0;0;0;0;0;0;0;0;0;0;0;0;0;0;0;0;0;0;0;0;0;0;0;0;0
831;Guernsey;Share in total final energy consumption (%);Hydro;Energy Balances, UN Statistics Division (2024);0;0;0;0;0;0;0;0;0;0;0;0;0;0;0;0;0;0;0;0;0;0;0;0;0;0;0;0;0;0;0;0;0
831;Guernsey;Share in total final energy consumption (%);Geothermal;Energy Balances, UN Statistics Division (2024);0;0;0;0;0;0;0;0;0;0;0;0;0;0;0;0;0;0;0;0;0;0;0;0;0;0;0;0;0;0;0;0;0
831;Guernsey;Share in total final energy consumption (%);Tide, wave and ocean;Energy Balances, UN Statistics Division (2024);0;0;0;0;0;0;0;0;0;0;0;0;0;0;0;0;0;0;0;0;0;0;0;0;0;0;0;0;0;0;0;0;0
831;Guernsey;Share in total final energy consumption (%);Wind;Energy Balances, UN Statistics Division (2024);0;0;0;0;0;0;0;0;0;0;0;0;0;0;0;0;0;0;0;0;0;0;0;0;0;0;0;0;0;0;0;0;0
831;Guernsey;Share in total final energy consumption (%);Solar;Energy Balances, UN Statistics Division (2024);0;0;0;0;0;0;0;0;0;0;0;0;0;0;0;0;0;0;0;0;0;0;0;0;0;0;0;0;0.2;0.1;1.6;1.4;1.3
831;Guernsey;Final consumption of renewable energy (PJ) - Heat raising;Renewables;Energy Balances, UN Statistics Division (2024);0;0;0;0;0;0;0;0;0;0;0;0;0;0;0;0;0;0;0;0;0;0;0;0;0;0;0;0;0;0;0;0;0
831;Guernsey;Final consumption of renewable energy (PJ) - Transport;Renewables;Energy Balances, UN Statistics Division (2024);0;0;0;0;0;0;0;0;0;0;0;0;0;0;0;0;0;0;0;0;0;0;0;0;0;0;0;0;0;0;0;0;0
831;Guernsey;Final consumption of renewable energy (PJ) - Electricity consumption;Renewables;Energy Balances, UN Statistics Division (2024);0;0;0;0;0;0;0;0;0;0;0;0;0;0;0;0;0;0;0;0;0;0;0;0;0;0;0;0;0;0;0;0;0
324;Guinea;Total final energy consumption (PJ);Total;Energy Balances, UN Statistics Division (2024);78.3;79;80.1;80.6;82.9;84.7;85.9;86.8;88.3;91.4;94;96.7;99.4;101.4;103.8;107.4;109.3;111.9;113.3;115.6;123.5;126.8;126.4;124.6;129.3;133.9;138.2;149.6;154.2;158.1;162.7;165.9;166.7
324;Guinea;Share in total final energy consumption (%);Renewables;Energy Balances, UN Statistics Division (2024);87.7;87.5;87.2;86.9;86.6;86.3;85.5;84.7;83.7;83.2;82.8;82.2;81.8;81.1;80.9;79.3;78.9;78.3;78.2;77.1;73.7;73.1;75.1;77.6;76.1;75.9;75.3;71.1;69.1;67.7;66.3;67.1;67.6
324;Guinea;Share in total final energy consumption (%);Modern renewables;Energy Balances, UN Statistics Division (2024);1.3;1.2;1.2;1.3;1.2;1.2;1.5;1.6;2;2;2.3;2.4;2.4;1.8;2.2;2;1.8;2;1.9;1.7;1.6;1.4;1.6;1.6;1.4;2.4;2.8;2.8;2.7;2.8;3.2;5.2;5.8
324;Guinea;Share in total final energy consumption (%);Municipal waste (renew);Energy Balances, UN Statistics Division (2024);0;0;0;0;0;0;0;0;0;0;0;0;0;0;0;0;0;0;0;0;0;0;0;0;0;0;0;0;0;0;0;0;0
324;Guinea;Share in total final energy consumption (%);Liquid biofuels;Energy Balances, UN Statistics Division (2024);0;0;0;0;0;0;0;0;0;0;0;0;0;0;0;0;0;0;0;0;0;0;0;0;0;0;0;0;0;0;0;0;0
324;Guinea;Share in total final energy consumption (%);Solid biofuels;Energy Balances, UN Statistics Division (2024);87;86.8;86.6;86.2;86;85.7;84.6;83.8;82.4;81.8;81.2;80.5;80;79.9;79.4;77.9;77.7;76.9;76.9;75.9;72.6;72.2;73.9;76.5;75.2;74;73;68.7;66.8;65.2;63.5;62.4;62.2
324;Guinea;Share in total final energy consumption (%);Biogases;Energy Balances, UN Statistics Division (2024);0;0;0;0;0;0;0;0;0;0;0;0;0;0;0;0;0;0;0;0;0;0;0;0;0;0;0;0;0;0;0;0;0
324;Guinea;Share in total final energy consumption (%);Hydro;Energy Balances, UN Statistics Division (2024);0.6;0.7;0.7;0.7;0.6;0.6;0.9;0.9;1.3;1.4;1.6;1.7;1.8;1.2;1.6;1.4;1.3;1.4;1.3;1.2;1.1;1;1.2;1.2;1;2;2.3;2.4;2.3;2.4;2.8;4.8;5.4
324;Guinea;Share in total final energy consumption (%);Geothermal;Energy Balances, UN Statistics Division (2024);0;0;0;0;0;0;0;0;0;0;0;0;0;0;0;0;0;0;0;0;0;0;0;0;0;0;0;0;0;0;0;0;0
324;Guinea;Share in total final energy consumption (%);Tide, wave and ocean;Energy Balances, UN Statistics Division (2024);0;0;0;0;0;0;0;0;0;0;0;0;0;0;0;0;0;0;0;0;0;0;0;0;0;0;0;0;0;0;0;0;0
324;Guinea;Share in total final energy consumption (%);Wind;Energy Balances, UN Statistics Division (2024);0;0;0;0;0;0;0;0;0;0;0;0;0;0;0;0;0;0;0;0;0;0;0;0;0;0;0;0;0;0;0;0;0
324;Guinea;Share in total final energy consumption (%);Solar;Energy Balances, UN Statistics Division (2024);0;0;0;0;0;0;0;0;0;0;0;0;0;0;0;0;0;0;0;0;0;0;0;0;0;0;0;0;0;0;0;0;0
324;Guinea;Final consumption of renewable energy (PJ) - Heat raising;Renewables;Energy Balances, UN Statistics Division (2024);68.1;68.6;69.3;69.5;71.3;72.6;72.6;72.7;72.7;74.8;76.3;77.9;79.5;81;82.4;83.6;85;86;87.1;87.8;89.7;91.5;93.4;95.3;97.1;99;100.9;102.8;103;103.1;103.3;103.5;103.7
324;Guinea;Final consumption of renewable energy (PJ) - Transport;Renewables;Energy Balances, UN Statistics Division (2024);0;0;0;0;0;0;0;0;0;0;0;0;0;0;0;0;0;0;0;0;0;0;0;0;0;0;0;0;0;0;0;0;0
324;Guinea;Final consumption of renewable energy (PJ) - Electricity consumption;Renewables;Energy Balances, UN Statistics Division (2024);0.5;0.5;0.5;0.5;0.5;0.5;0.8;0.8;1.2;1.2;1.5;1.6;1.8;1.2;1.6;1.5;1.4;1.6;1.5;1.4;1.4;1.2;1.5;1.4;1.3;2.7;3.2;3.6;3.6;3.8;4.5;7.9;8.9
624;Guinea-Bissau;Total final energy consumption (PJ);Total;Energy Balances, UN Statistics Division (2024);11.7;12;12.2;12.5;12.7;13;13.1;15.5;17;16.7;15.6;15.2;15;14.8;14;13.9;14.4;14.1;14.5;14.8;15;15.2;17.2;16.1;16;16.2;17.3;17.6;17.7;14;14.3;15.9;16.1
624;Guinea-Bissau;Share in total final energy consumption (%);Renewables;Energy Balances, UN Statistics Division (2024);91.5;91.6;92.1;91.7;92.4;92.5;93.2;92.6;94.1;93;97;97.1;95.9;94.6;96.7;92.3;90.3;93.5;92.6;91.9;91.4;91.8;92;88.6;89.2;88.7;89.9;89.4;88.6;81;81.1;81.5;81.1
624;Guinea-Bissau;Share in total final energy consumption (%);Modern renewables;Energy Balances, UN Statistics Division (2024);0;0;0;0;0;0;0;0;0;0;0;0;0;0;0;0;0;0;0;0;0;0;6.8;0;0.1;0.1;0.1;0.1;0.1;0.2;0.3;0.3;0.3
624;Guinea-Bissau;Share in total final energy consumption (%);Municipal waste (renew);Energy Balances, UN Statistics Division (2024);0;0;0;0;0;0;0;0;0;0;0;0;0;0;0;0;0;0;0;0;0;0;0;0;0;0;0;0;0;0;0;0;0
624;Guinea-Bissau;Share in total final energy consumption (%);Liquid biofuels;Energy Balances, UN Statistics Division (2024);0;0;0;0;0;0;0;0;0;0;0;0;0;0;0;0;0;0;0;0;0;0;0;0;0;0;0;0;0;0;0;0;0
624;Guinea-Bissau;Share in total final energy consumption (%);Solid biofuels;Energy Balances, UN Statistics Division (2024);91.5;91.6;92.1;91.7;92.4;92.5;93.2;92.6;94.1;93;97;97.1;95.9;94.6;96.7;92.3;90.3;93.5;92.6;91.9;91.4;91.8;92;88.6;89.1;88.6;89.9;89.4;88.5;80.7;80.8;81.2;80.8
624;Guinea-Bissau;Share in total final energy consumption (%);Biogases;Energy Balances, UN Statistics Division (2024);0;0;0;0;0;0;0;0;0;0;0;0;0;0;0;0;0;0;0;0;0;0;0;0;0;0;0;0;0;0;0;0;0
624;Guinea-Bissau;Share in total final energy consumption (%);Hydro;Energy Balances, UN Statistics Division (2024);0;0;0;0;0;0;0;0;0;0;0;0;0;0;0;0;0;0;0;0;0;0;0;0;0;0;0;0;0;0;0;0;0
624;Guinea-Bissau;Share in total final energy consumption (%);Geothermal;Energy Balances, UN Statistics Division (2024);0;0;0;0;0;0;0;0;0;0;0;0;0;0;0;0;0;0;0;0;0;0;0;0;0;0;0;0;0;0;0;0;0
624;Guinea-Bissau;Share in total final energy consumption (%);Tide, wave and ocean;Energy Balances, UN Statistics Division (2024);0;0;0;0;0;0;0;0;0;0;0;0;0;0;0;0;0;0;0;0;0;0;0;0;0;0;0;0;0;0;0;0;0
624;Guinea-Bissau;Share in total final energy consumption (%);Wind;Energy Balances, UN Statistics Division (2024);0;0;0;0;0;0;0;0;0;0;0;0;0;0;0;0;0;0;0;0;0;0;0;0;0;0;0;0;0;0;0;0;0
624;Guinea-Bissau;Share in total final energy consumption (%);Solar;Energy Balances, UN Statistics Division (2024);0;0;0;0;0;0;0;0;0;0;0;0;0;0;0;0;0;0;0;0;0;0;0;0;0.1;0.1;0.1;0.1;0.1;0.2;0.3;0.3;0.3
624;Guinea-Bissau;Final consumption of renewable energy (PJ) - Heat raising;Renewables;Energy Balances, UN Statistics Division (2024);10.7;11;11.2;11.5;11.7;12;12.3;14.4;16;15.6;15.1;14.8;14.3;14;13.6;12.8;13;13.2;13.4;13.6;13.7;14;15.9;14.3;14.3;14.4;15.5;15.7;15.7;11.3;11.6;12.9;13
624;Guinea-Bissau;Final consumption of renewable energy (PJ) - Transport;Renewables;Energy Balances, UN Statistics Division (2024);0;0;0;0;0;0;0;0;0;0;0;0;0;0;0;0;0;0;0;0;0;0;0;0;0;0;0;0;0;0;0;0;0
624;Guinea-Bissau;Final consumption of renewable energy (PJ) - Electricity consumption;Renewables;Energy Balances, UN Statistics Division (2024);0;0;0;0;0;0;0;0;0;0;0;0;0;0;0;0;0;0;0;0;0;0;0;0;0;0;0;0;0;0;0;0;0
328;Guyana;Total final energy consumption (PJ);Total;Energy Balances, UN Statistics Division (2024);26.3;19;18.3;18.4;24.6;25.6;27.5;29.5;29.5;30.8;30.4;30.8;31.6;29.2;30.8;26.7;25.3;28;26.9;27.1;26.7;29.3;27.8;25.4;26.4;26.6;29.1;28.4;28.4;30.8;30.2;31.4;32.3
328;Guyana;Share in total final energy consumption (%);Renewables;Energy Balances, UN Statistics Division (2024);55.1;41.6;43.2;43.1;32.3;31;29;27.4;27.6;26.6;30.4;31;34.2;34.7;35.5;34.7;36.8;33.1;32.6;31.3;30.6;32.8;28.7;26.8;24;24.9;21.4;22.2;16.8;10.9;11.8;12.8;8.1
328;Guyana;Share in total final energy consumption (%);Modern renewables;Energy Balances, UN Statistics Division (2024);22.4;29.3;30.5;30.6;23;22.1;20.9;19.9;20.2;19.6;23.3;24.2;27.8;27.9;29.3;27.7;29.6;26.8;26.2;25.4;24.7;27.6;23.7;21.9;19.4;20.5;17.9;18.6;13.2;7.5;8.9;9.9;5.6
328;Guyana;Share in total final energy consumption (%);Municipal waste (renew);Energy Balances, UN Statistics Division (2024);0;0;0;0;0;0;0;0;0;0;0;0;0;0;0;0;0;0;0;0;0;0;0;0;0;0;0;0;0;0;0;0;0
328;Guyana;Share in total final energy consumption (%);Liquid biofuels;Energy Balances, UN Statistics Division (2024);0;0;0;0;0;0;0;0;0;0;0;0;0;0;0;0;0;0;0;0;0;0;0;0;0;0;0;0;0;0;0;0;0
328;Guyana;Share in total final energy consumption (%);Solid biofuels;Energy Balances, UN Statistics Division (2024);55;41.5;43.1;43;32.2;30.9;29;27.4;27.6;26.6;30.4;31;34.2;34.6;35.5;34.7;36.8;33.1;32.6;31.3;30.6;32.8;28.7;26.8;24;24.9;21.4;22.1;16.7;10.8;11.7;12.6;7.9
328;Guyana;Share in total final energy consumption (%);Biogases;Energy Balances, UN Statistics Division (2024);0;0;0;0;0;0;0;0;0;0;0;0;0;0;0;0;0;0;0;0;0;0;0;0;0;0;0;0;0;0;0;0;0
328;Guyana;Share in total final energy consumption (%);Hydro;Energy Balances, UN Statistics Division (2024);0.1;0.1;0.1;0.1;0.1;0.1;0;0;0;0;0;0;0;0;0;0;0;0;0;0;0;0;0;0;0;0;0;0;0;0;0;0;0
328;Guyana;Share in total final energy consumption (%);Geothermal;Energy Balances, UN Statistics Division (2024);0;0;0;0;0;0;0;0;0;0;0;0;0;0;0;0;0;0;0;0;0;0;0;0;0;0;0;0;0;0;0;0;0
328;Guyana;Share in total final energy consumption (%);Tide, wave and ocean;Energy Balances, UN Statistics Division (2024);0;0;0;0;0;0;0;0;0;0;0;0;0;0;0;0;0;0;0;0;0;0;0;0;0;0;0;0;0;0;0;0;0
328;Guyana;Share in total final energy consumption (%);Wind;Energy Balances, UN Statistics Division (2024);0;0;0;0;0;0;0;0;0;0;0;0;0;0;0;0;0;0;0;0;0;0;0;0;0;0;0;0;0;0;0;0;0
328;Guyana;Share in total final energy consumption (%);Solar;Energy Balances, UN Statistics Division (2024);0;0;0;0;0;0;0;0;0;0;0;0;0;0;0;0;0;0;0;0;0;0;0;0;0;0.1;0;0.1;0.1;0.1;0.1;0.1;0.2
328;Guyana;Final consumption of renewable energy (PJ) - Heat raising;Renewables;Energy Balances, UN Statistics Division (2024);14.3;7.8;7.8;7.8;7.8;7.8;7.8;7.9;8;8;9.2;9.5;10.8;10.1;10.9;9.3;9.3;9.2;8.7;8.4;8.2;9.6;7.9;6.8;6.3;6.6;6.2;6.2;4.7;3.3;3.5;3.9;2.5
328;Guyana;Final consumption of renewable energy (PJ) - Transport;Renewables;Energy Balances, UN Statistics Division (2024);0;0;0;0;0;0;0;0;0;0;0;0;0;0;0;0;0;0;0;0;0;0;0;0;0;0;0;0;0;0;0;0;0
328;Guyana;Final consumption of renewable energy (PJ) - Electricity consumption;Renewables;Energy Balances, UN Statistics Division (2024);0.2;0.2;0.1;0.2;0.2;0.2;0.2;0.2;0.2;0.2;0;0;0;0;0;0;0;0;0;0;0;0;0;0.1;0.1;0.1;0.1;0.1;0.1;0.1;0.1;0.1;0.1
332;Haiti;Total final energy consumption (PJ);Total;IEA (2024), World Energy Balances;75.6;76;76.5;76.4;71.5;81.3;83.9;87.7;90.6;93.7;96.4;97.9;100.7;102.5;102.9;106;108.8;114.5;114.9;117.4;123;126.8;127;129.6;132.3;138.6;140.5;142.2;144.3;146.2;139.1;141;140
332;Haiti;Share in total final energy consumption (%);Renewables;IEA (2024), World Energy Balances;87.2;87.5;87.7;89.4;96.7;87;86;84.6;83.3;82;80.8;80.9;79.1;79;81.1;81.1;81.4;79.3;79.6;80.3;78.5;78.5;81.3;79.5;76.9;75.3;75.3;75.4;75.6;75.7;76.6;75.9;76.3
332;Haiti;Share in total final energy consumption (%);Modern renewables;IEA (2024), World Energy Balances;9.8;9;8.1;8.1;8.2;7.6;7.7;8.2;8;8;7.6;7.5;6.7;6.7;7;7.1;7.1;6.5;5;5;4.4;4.3;4.8;4.6;4.4;4.2;4.2;4.3;4.5;4.4;4.2;4.4;4.5
332;Haiti;Share in total final energy consumption (%);Municipal waste (renew);IEA (2024), World Energy Balances;0;0;0;0;0;0;0;0;0;0;0;0;0;0;0;0;0;0;0;0;0;0;0;0;0;0;0;0;0;0;0;0;0
332;Haiti;Share in total final energy consumption (%);Liquid biofuels;IEA (2024), World Energy Balances;0;0;0;0;0;0;0;0;0;0;0;0;0;0;0;0;0;0;0;0;0;0;0.2;0.2;0.2;0.2;0.2;0.2;0.2;0.2;0.2;0.2;0.2
332;Haiti;Share in total final energy consumption (%);Solid biofuels;IEA (2024), World Energy Balances;85.7;86.5;86.8;88.7;96.2;86.5;85.6;84.2;82.9;81.3;80.3;80.4;78.6;78.6;80.7;80.6;80.8;79;79.4;80;78.1;78.2;80.5;79;76.5;75;75;75;75;75.1;76.3;75.5;75.7
332;Haiti;Share in total final energy consumption (%);Biogases;IEA (2024), World Energy Balances;0;0;0;0;0;0;0;0;0;0;0;0;0;0;0;0;0;0;0;0;0;0;0;0;0;0;0;0;0;0;0;0;0
332;Haiti;Share in total final energy consumption (%);Hydro;IEA (2024), World Energy Balances;1.4;1;0.9;0.7;0.5;0.4;0.4;0.4;0.5;0.7;0.6;0.5;0.4;0.4;0.4;0.5;0.5;0.2;0.3;0.3;0.4;0.2;0.6;0.3;0.2;0.2;0.1;0.3;0.4;0.4;0.1;0.3;0.4
332;Haiti;Share in total final energy consumption (%);Geothermal;IEA (2024), World Energy Balances;0;0;0;0;0;0;0;0;0;0;0;0;0;0;0;0;0;0;0;0;0;0;0;0;0;0;0;0;0;0;0;0;0
332;Haiti;Share in total final energy consumption (%);Tide, wave and ocean;IEA (2024), World Energy Balances;0;0;0;0;0;0;0;0;0;0;0;0;0;0;0;0;0;0;0;0;0;0;0;0;0;0;0;0;0;0;0;0;0
332;Haiti;Share in total final energy consumption (%);Wind;IEA (2024), World Energy Balances;0;0;0;0;0;0;0;0;0;0;0;0;0;0;0;0;0;0;0;0;0;0;0;0;0;0;0;0;0;0;0;0;0
332;Haiti;Share in total final energy consumption (%);Solar;IEA (2024), World Energy Balances;0;0;0;0;0;0;0;0;0;0;0;0;0;0;0;0;0;0;0;0;0;0;0;0;0;0;0;0;0;0;0;0;0
332;Haiti;Final consumption of renewable energy (PJ) - Heat raising;Renewables;IEA (2024), World Energy Balances;64.8;65.7;66.4;67.7;68.8;70.3;71.8;73.8;75.1;76.2;77.4;78.7;79.2;80.5;83.1;85.4;87.9;90.4;91.2;94;96.1;99.2;102.5;102.6;101.5;104.1;105.6;106.8;108.4;110;106.4;106.6;106.2
332;Haiti;Final consumption of renewable energy (PJ) - Transport;Renewables;IEA (2024), World Energy Balances;0;0;0;0;0;0;0;0;0;0;0;0;0;0;0;0;0;0;0;0;0;0;0;0;0;0;0;0;0;0;0;0;0
332;Haiti;Final consumption of renewable energy (PJ) - Electricity consumption;Renewables;IEA (2024), World Energy Balances;1.1;0.8;0.7;0.6;0.3;0.4;0.4;0.3;0.4;0.7;0.5;0.5;0.4;0.4;0.4;0.6;0.6;0.3;0.3;0.3;0.5;0.2;0.7;0.4;0.3;0.3;0.2;0.4;0.6;0.6;0.1;0.4;0.6
340;Honduras;Total final energy consumption (PJ);Total;IEA (2024), World Energy Balances;97.7;97.7;100.7;102.5;105.5;107;109.9;118.6;123.4;112.3;114.1;121.4;126.7;135.8;138.5;145.2;151.9;167.9;166.6;159;168.9;179;186.5;186;183.8;201.1;195;168.6;171.1;175.4;164.1;184.1;183.3
340;Honduras;Share in total final energy consumption (%);Renewables;IEA (2024), World Energy Balances;70.1;70.2;67.8;66.7;64;63;62.6;65.4;62.9;53.9;55.2;50.4;49.8;47.9;46.7;51.4;52.2;50.6;50;50.5;53.6;50.9;49.3;49.9;52.2;50;51.8;45.6;48.9;46.2;48.9;44.6;44.2
340;Honduras;Share in total final energy consumption (%);Modern renewables;IEA (2024), World Energy Balances;18;18;17;16.8;15.4;14.9;15.7;15.6;14.7;17.2;14.2;12.7;12.8;11.7;9.4;14;14.7;14.9;12.3;9;12.6;10.4;9.6;9.3;10.3;10;12.4;14.5;15;13.6;13.4;14;14.5
340;Honduras;Share in total final energy consumption (%);Municipal waste (renew);IEA (2024), World Energy Balances;0;0;0;0;0;0;0;0;0;0;0;0;0;0;0;0;0;0;0;0;0;0;0;0;0;0;0;0;0;0;0;0;0
340;Honduras;Share in total final energy consumption (%);Liquid biofuels;IEA (2024), World Energy Balances;0;0;0;0;0;0;0;0;0;0;0;0;0;0;0;0;0;0;0;0;0;0;0;0;0;0;0;0;0;0;0;0;0
340;Honduras;Share in total final energy consumption (%);Solid biofuels;IEA (2024), World Energy Balances;63.6;63.8;62.1;61.1;59.5;58.9;57.5;60.4;58.4;48.5;49;45.6;45.8;44.1;43.8;48.2;48.6;46.9;46.1;45.9;48.8;46.6;45.1;45.9;47.9;45.7;47;38.3;40.5;39.3;41.9;36.4;36.3
340;Honduras;Share in total final energy consumption (%);Biogases;IEA (2024), World Energy Balances;0;0;0;0;0;0;0;0;0;0;0;0;0;0;0;0;0;0;0;0;0;0;0;0;0;0;0;0;0;0;0;0;0
340;Honduras;Share in total final energy consumption (%);Hydro;IEA (2024), World Energy Balances;6.5;6.4;5.7;5.6;4.4;4.1;5.1;5;4.5;5.4;6.2;4.9;3.9;3.8;2.9;3.2;3.6;3.7;3.9;4.6;4.8;4.1;3.7;3.6;3.7;2.9;2.9;4.7;4.8;3.5;3.9;5.1;5.2
340;Honduras;Share in total final energy consumption (%);Geothermal;IEA (2024), World Energy Balances;0;0;0;0;0;0;0;0;0;0;0;0;0;0;0;0;0;0;0;0;0;0;0;0;0;0;0;0.1;0.5;0.4;0.4;0.5;0.4
340;Honduras;Share in total final energy consumption (%);Tide, wave and ocean;IEA (2024), World Energy Balances;0;0;0;0;0;0;0;0;0;0;0;0;0;0;0;0;0;0;0;0;0;0;0;0;0;0;0;0;0;0;0;0;0
340;Honduras;Share in total final energy consumption (%);Wind;IEA (2024), World Energy Balances;0;0;0;0;0;0;0;0;0;0;0;0;0;0;0;0;0;0;0;0;0;0.2;0.5;0.4;0.6;0.8;0.7;0.9;1.4;1.2;1;1.1;0.9
340;Honduras;Share in total final energy consumption (%);Solar;IEA (2024), World Energy Balances;0;0;0;0;0;0;0;0;0;0;0;0;0;0;0;0;0;0;0;0;0;0;0;0;0;0.5;1.2;1.5;1.6;1.7;1.6;1.6;1.4
340;Honduras;Final consumption of renewable energy (PJ) - Heat raising;Renewables;IEA (2024), World Energy Balances;62.2;62.3;62.5;62.6;62.8;63;63.2;71.6;72;54.1;55.9;55.2;57.9;59.6;60.2;69.6;73.4;78.2;76;71.5;81.7;82.6;83.3;84.3;87.2;90.6;89.8;62.4;67.5;66.6;66.9;65.1;64.6
340;Honduras;Final consumption of renewable energy (PJ) - Transport;Renewables;IEA (2024), World Energy Balances;0;0;0;0;0;0;0;0;0;0;0;0;0;0;0;0;0;0;0;0;0;0;0;0;0;0;0;0;0;0;0;0;0
340;Honduras;Final consumption of renewable energy (PJ) - Electricity consumption;Renewables;IEA (2024), World Energy Balances;6.4;6.3;5.7;5.8;4.7;4.4;5.6;6;5.6;6.4;7.1;6;5.2;5.5;4.5;5;5.9;6.7;7.2;8.7;8.8;8.5;8.7;8.5;8.7;10;11.2;14.5;16.1;14.4;13.2;17.2;16.5
348;Hungary;Total final energy consumption (PJ);Total;IEA (2024), World Energy Balances;793.4;755.4;660.8;658.5;652.6;653.9;678.2;652.3;654.4;664.9;654.8;689.3;691.7;722.2;714;761.1;749.2;710.4;709.7;695.9;709.2;712.5;673.3;683.1;663;707.8;723.9;748.3;746;751.6;736.3;785.9;748.9
348;Hungary;Share in total final energy consumption (%);Renewables;IEA (2024), World Energy Balances;3.9;4.3;4.9;5;5.1;5.4;5.1;5.2;5.2;5.2;5.2;5.1;5.2;5;4.6;7.3;7.9;9;9;12.3;13.5;14.7;16.5;17.2;15.7;15.6;15.3;14.5;13.6;13.6;14.8;15.3;16.4
348;Hungary;Share in total final energy consumption (%);Modern renewables;IEA (2024), World Energy Balances;3.9;4.3;4.9;5;5.1;5.4;5.1;5.2;5.2;5.2;5.2;5.1;5.2;5;4.6;7.3;7.9;9;9;12.3;13.5;14.7;16.5;17.2;15.7;15.6;15.3;14.5;13.6;13.6;14.8;15.3;16.4
348;Hungary;Share in total final energy consumption (%);Municipal waste (renew);IEA (2024), World Energy Balances;0;0;0.1;0.1;0.1;0.1;0.1;0.1;0.1;0.1;0.1;0.1;0.1;0;0;0.1;0.1;0.1;0.1;0.1;0.1;0.1;0.1;0.1;0.1;0.2;0.2;0.2;0.2;0.2;0.2;0.2;0.3
348;Hungary;Share in total final energy consumption (%);Liquid biofuels;IEA (2024), World Energy Balances;0;0;0;0;0;0;0;0;0;0;0;0;0;0;0;0;0.1;0.2;1;1;1;0.9;1;0.8;1.2;1;1.1;0.9;1.1;1.1;1.6;1.5;1.7
348;Hungary;Share in total final energy consumption (%);Solid biofuels;IEA (2024), World Energy Balances;3.3;3.7;4.2;4.4;4.4;4.7;4.5;4.5;4.5;4.5;4.5;4.4;4.5;4.4;4;6.6;7.1;8;7.1;10.2;11.2;12.5;14;14.7;12.9;12.9;12.4;11.7;10.4;9.9;10;10;10.2
348;Hungary;Share in total final energy consumption (%);Biogases;IEA (2024), World Energy Balances;0;0;0;0;0;0;0;0;0;0;0;0;0;0;0;0;0;0;0.1;0.1;0.1;0.2;0.2;0.3;0.3;0.3;0.3;0.3;0.3;0.3;0.3;0.2;0.3
348;Hungary;Share in total final energy consumption (%);Hydro;IEA (2024), World Energy Balances;0.1;0.1;0.1;0.1;0.1;0.1;0.1;0.1;0.1;0.1;0.1;0.1;0.1;0.1;0.1;0.1;0.1;0.1;0.1;0.1;0.1;0.1;0.1;0.1;0.2;0.1;0.1;0.1;0.1;0.1;0.1;0.1;0.1
348;Hungary;Share in total final energy consumption (%);Geothermal;IEA (2024), World Energy Balances;0.5;0.5;0.5;0.5;0.6;0.5;0.5;0.5;0.5;0.5;0.5;0.5;0.5;0.5;0.5;0.5;0.5;0.5;0.6;0.6;0.6;0.6;0.7;0.7;0.5;0.5;0.6;0.7;0.7;0.7;0.7;0.7;0.8
348;Hungary;Share in total final energy consumption (%);Tide, wave and ocean;IEA (2024), World Energy Balances;0;0;0;0;0;0;0;0;0;0;0;0;0;0;0;0;0;0;0;0;0;0;0;0;0;0;0;0;0;0;0;0;0
348;Hungary;Share in total final energy consumption (%);Wind;IEA (2024), World Energy Balances;0;0;0;0;0;0;0;0;0;0;0;0;0;0;0;0;0;0;0.1;0.2;0.2;0.3;0.4;0.4;0.4;0.4;0.4;0.4;0.4;0.4;0.4;0.4;0.3
348;Hungary;Share in total final energy consumption (%);Solar;IEA (2024), World Energy Balances;0;0;0;0;0;0;0;0;0;0;0;0;0;0;0;0;0;0;0;0;0;0;0.1;0.1;0.1;0.1;0.2;0.3;0.4;0.9;1.5;2.1;2.7
348;Hungary;Final consumption of renewable energy (PJ) - Heat raising;Renewables;IEA (2024), World Energy Balances;29.8;31.5;31.6;32.6;32.7;34.8;34.1;33.3;33.4;33.6;33.1;34.5;35;35.1;29.9;49.3;53.5;57;49.4;68.8;78.2;89;94.8;100.1;83;89.2;89.5;87.3;76.7;74.3;74.2;79.3;78.3
348;Hungary;Final consumption of renewable energy (PJ) - Transport;Renewables;IEA (2024), World Energy Balances;0;0;0;0;0;0;0;0;0;0;0;0;0;0;0.1;0.3;0.6;1.4;7.1;7.4;7.6;7;6.7;6.1;8.3;7.8;8.3;7.3;8.6;9.1;12.4;12.8;13.7
348;Hungary;Final consumption of renewable energy (PJ) - Electricity consumption;Renewables;IEA (2024), World Energy Balances;0.8;0.7;0.6;0.6;0.6;0.6;0.7;0.8;0.6;0.7;0.7;0.7;0.7;1.1;3.1;5.9;4.8;5.5;7;9.3;9.6;9;9.4;11.1;13;13.4;13.2;14.2;16.2;19.2;22.1;27.9;30.9
352;Iceland;Total final energy consumption (PJ);Total;IEA (2024), World Energy Balances;55.7;55;56.5;57.8;59.7;59.3;62.3;62.7;65.2;68.6;72.5;73.4;76.3;76.2;78.3;78.2;83.5;94.8;109;110.3;108.6;109.2;111.1;115.4;116.5;123.8;121.2;123.1;129.2;126.8;121;124.9;126.1
352;Iceland;Share in total final energy consumption (%);Renewables;IEA (2024), World Energy Balances;54.7;54.8;54.6;54.7;54.2;55.7;52.3;54.9;57.2;59.8;60.7;62.1;61.9;61.9;61.9;62.7;64.2;67.6;74;74.7;76;77.1;77.7;76.8;77.6;78;80.9;80.8;81.4;81.7;82.9;82.4;82.2
352;Iceland;Share in total final energy consumption (%);Modern renewables;IEA (2024), World Energy Balances;54.7;54.8;54.6;54.7;54.2;55.7;52.3;54.9;57.2;59.8;60.7;62.1;61.9;61.9;61.9;62.7;64.2;67.6;74;74.7;76;77.1;77.7;76.8;77.6;78;80.9;80.8;81.4;81.7;82.9;82.4;82.2
352;Iceland;Share in total final energy consumption (%);Municipal waste (renew);IEA (2024), World Energy Balances;0;0;0;0;0;0;0;0;0;0;0;0;0;0;0;0;0;0;0;0;0;0;0;0;0;0;0;0;0;0;0;0;0
352;Iceland;Share in total final energy consumption (%);Liquid biofuels;IEA (2024), World Energy Balances;0;0;0;0;0;0;0;0;0;0;0;0;0;0;0;0;0;0;0;0;0;0;0;0.1;0.1;0.5;0.5;0.6;0.6;0.6;0.7;1;0.6
352;Iceland;Share in total final energy consumption (%);Solid biofuels;IEA (2024), World Energy Balances;0;0;0;0;0;0;0;0;0;0;0;0;0;0;0;0;0;0;0;0;0;0;0;0.4;0.4;0.4;0;0;0;0;0;0;0
352;Iceland;Share in total final energy consumption (%);Biogases;IEA (2024), World Energy Balances;0;0;0;0;0;0;0;0;0;0;0;0;0;0;0;0;0;0;0;0;0;0;0.1;0.1;0.1;0.1;0.1;0.1;0.1;0.1;0.1;0.1;0.1
352;Iceland;Share in total final energy consumption (%);Hydro;IEA (2024), World Energy Balances;23.5;23.5;23.2;23.8;23.8;24.3;23.1;25.2;27.2;28.2;28.4;29;29.5;29.7;29.5;29;28.5;29;38;37.3;38.4;38.4;37.3;37.2;36.9;37.2;37.3;38.2;35.9;35.7;36.6;37.2;38
352;Iceland;Share in total final energy consumption (%);Geothermal;IEA (2024), World Energy Balances;31.1;31.2;31.4;30.8;30.4;31.4;29.1;29.7;30;31.6;32.3;33.1;32.4;32.2;32.3;33.7;35.7;38.6;36;37.4;37.5;38.6;40.4;39.1;40.1;39.9;43;41.9;44.8;45.2;45.5;44.2;43.5
352;Iceland;Share in total final energy consumption (%);Tide, wave and ocean;IEA (2024), World Energy Balances;0;0;0;0;0;0;0;0;0;0;0;0;0;0;0;0;0;0;0;0;0;0;0;0;0;0;0;0;0;0;0;0;0
352;Iceland;Share in total final energy consumption (%);Wind;IEA (2024), World Energy Balances;0;0;0;0;0;0;0;0;0;0;0;0;0;0;0;0;0;0;0;0;0;0;0;0;0;0;0;0;0;0;0;0;0
352;Iceland;Share in total final energy consumption (%);Solar;IEA (2024), World Energy Balances;0;0;0;0;0;0;0;0;0;0;0;0;0;0;0;0;0;0;0;0;0;0;0;0;0;0;0;0;0;0;0;0;0
352;Iceland;Final consumption of renewable energy (PJ) - Heat raising;Renewables;IEA (2024), World Energy Balances;16.4;16.3;17;17;17.3;17.7;17.1;17.5;17.5;18.1;19.1;19.6;20.1;20.1;20.5;21;21.3;24.9;25.8;26;25.9;26.5;27.4;28;29.7;33.1;35.1;34.3;37.6;37.1;35.1;35.6;34.9
352;Iceland;Final consumption of renewable energy (PJ) - Transport;Renewables;IEA (2024), World Energy Balances;0;0;0;0;0;0;0;0;0;0;0;0;0;0;0;0;0;0;0;0;0;0;0.1;0.2;0.2;0.7;0.9;1;1.2;1;1;1.4;1
352;Iceland;Final consumption of renewable energy (PJ) - Electricity consumption;Renewables;IEA (2024), World Energy Balances;14.1;13.8;13.8;14.6;15;15.3;15.5;17;19.8;23;24.9;26;27.1;27.1;27.9;28.1;32.4;39.2;54.9;56.4;56.5;57.6;58.9;60.5;60.6;62.8;62;64.1;66.2;65.5;64.2;65.9;67.7
356;India;Total final energy consumption (PJ);Total;IEA (2024), World Energy Balances;8446.7;8753.6;8908.3;9051.9;9494.9;9704.6;9993.8;10437.2;10573.9;10864.6;11043.7;11132.2;11495.6;11699.5;12142.9;12719.1;13405.2;14263.2;15352.4;15888.6;17003;17948.1;18365.8;18948.5;20023;20999.9;21697.8;22782.6;23741.3;23880.9;22789.9;24922.7;26098.9
356;India;Share in total final energy consumption (%);Renewables;IEA (2024), World Energy Balances;53;52;51.5;51.5;50.5;49.5;49.1;47.9;47.9;47.1;46.8;47;45.7;45.5;44.8;44.1;43.1;41.4;38.9;37.8;36.4;35;34.8;35;34;33.2;32.9;32.6;32.9;33.4;35.9;34.4;34.1
356;India;Share in total final energy consumption (%);Modern renewables;IEA (2024), World Energy Balances;10.1;10.5;10.4;10.8;11.4;11.1;11.5;11.6;11.9;11.8;11.8;12.8;12.2;12.3;12.6;13;13.3;13.2;12.4;12;12.1;11.7;12;13;13.2;13.4;13.8;14.4;15.5;16.2;17.9;18;18.5
356;India;Share in total final energy consumption (%);Municipal waste (renew);IEA (2024), World Energy Balances;0;0;0;0;0;0;0;0;0;0;0;0;0;0;0;0;0;0;0;0;0;0;0;0;0;0;0;0;0;0;0;0;0
356;India;Share in total final energy consumption (%);Liquid biofuels;IEA (2024), World Energy Balances;0;0;0;0;0;0;0;0;0;0;0;0;0;0;0;0;0;0;0;0;0.1;0;0.1;0;0.1;0.1;0.1;0.2;0.2;0.2;0.3;0.4;0.5
356;India;Share in total final energy consumption (%);Solid biofuels;IEA (2024), World Energy Balances;50.7;49.8;49.3;49.4;48.1;47.5;47.3;46;45.9;45.3;45.1;45.4;44.1;43.8;42.9;41.6;40.3;38.6;36.3;35.4;33.8;32.2;32.1;32.1;31.1;30.4;30;29.4;29;29.1;31.3;29.6;29.1
356;India;Share in total final energy consumption (%);Biogases;IEA (2024), World Energy Balances;0;0;0;0;0;0;0;0;0;0;0;0;0;0;0;0.3;0.2;0.2;0.2;0.2;0.2;0.2;0.2;0.2;0.2;0.2;0.2;0.2;0.5;0.5;0.5;0.5;0.4
356;India;Share in total final energy consumption (%);Hydro;IEA (2024), World Energy Balances;2.2;2.2;2.1;2.1;2.4;2;1.8;1.8;2;1.8;1.6;1.5;1.4;1.6;1.8;2.1;2.3;2.3;2;1.9;2;2.1;1.8;2.1;1.9;1.8;1.7;1.7;1.8;2;1.9;1.9;1.8
356;India;Share in total final energy consumption (%);Geothermal;IEA (2024), World Energy Balances;0;0;0;0;0;0;0;0;0;0;0;0;0;0;0;0;0;0;0;0;0;0;0;0;0;0;0;0;0;0;0;0;0
356;India;Share in total final energy consumption (%);Tide, wave and ocean;IEA (2024), World Energy Balances;0;0;0;0;0;0;0;0;0;0;0;0;0;0;0;0;0;0;0;0;0;0;0;0;0;0;0;0;0;0;0;0;0
356;India;Share in total final energy consumption (%);Wind;IEA (2024), World Energy Balances;0;0;0;0;0;0;0;0;0;0;0;0;0.1;0.1;0.1;0.1;0.2;0.2;0.2;0.3;0.3;0.4;0.4;0.5;0.5;0.5;0.6;0.7;0.8;0.8;0.8;0.9;0.9
356;India;Share in total final energy consumption (%);Solar;IEA (2024), World Energy Balances;0;0;0;0;0;0;0;0;0;0;0;0;0;0;0;0;0;0;0;0.1;0.1;0.1;0.1;0.2;0.2;0.3;0.4;0.5;0.6;0.8;1;1.1;1.4
356;India;Final consumption of renewable energy (PJ) - Heat raising;Renewables;IEA (2024), World Energy Balances;4283.9;4358.9;4396.8;4471.2;4569.8;4612.2;4728.7;4802.1;4855.9;4919.4;4983.8;5053;5071.7;5119.4;5202.1;5310.3;5421.9;5520.1;5596.3;5633.7;5751.2;5788.1;5905.5;6086.3;6212.8;6386.8;6504.2;6682.6;6980.4;7041.7;7224.3;7450.1;7661.1
356;India;Final consumption of renewable energy (PJ) - Transport;Renewables;IEA (2024), World Energy Balances;3.7;3.8;3.8;4;4.6;3.9;3.8;4.1;4.5;4.5;7;7.4;7.7;8.3;9.1;10.3;11.3;13.3;9.8;9.3;16.8;16.9;18;18.4;25.6;34.6;26.2;45.7;56.1;60.4;91;129.1;153.3
356;India;Final consumption of renewable energy (PJ) - Electricity consumption;Renewables;IEA (2024), World Energy Balances;185.1;188.9;183.5;185.7;219.6;191.1;177.8;191.8;209.8;194.5;176.1;173.4;169.7;200;232.6;286.7;341.9;377.9;364.3;369.8;421.1;485.1;470.7;534.7;563.1;552;617.9;687.7;778.8;884.1;875.1;996.1;1090.1
360;Indonesia;Total final energy consumption (PJ);Total;IEA (2024), World Energy Balances;2080.2;2156.2;2252.6;2361.6;2551.1;2775.6;2906;3074.5;3006.9;3301.7;3400.8;3523.6;3461.2;3634.9;3799.8;3754.1;4018.3;4022;3884.7;4098.3;4467.3;4929;5142.8;4849;5009.5;4974.6;4756.2;4941;5512.3;5934.9;5602.5;5788.9;6527.5
360;Indonesia;Share in total final energy consumption (%);Renewables;IEA (2024), World Energy Balances;41;40.1;39.1;37.6;34.8;32.2;30.9;28.7;29.5;26.6;26.1;24.7;24.4;22.7;21.2;20.9;19.9;19.4;19.9;18.3;17;14.9;13.7;14.6;14.2;12.5;14.2;12.8;13.2;13.3;16.4;16.6;15.6
360;Indonesia;Share in total final energy consumption (%);Modern renewables;IEA (2024), World Energy Balances;15.7;15.8;15.9;15.5;14.6;13.7;13.4;12.5;13.3;12.2;12.2;11.3;10.8;9.8;8.9;8.6;8.6;8.3;8.8;8.5;8.2;7.2;7;8.2;8.4;7.7;9.7;9.2;10.2;10.8;14.1;14.4;14
360;Indonesia;Share in total final energy consumption (%);Municipal waste (renew);IEA (2024), World Energy Balances;0;0;0;0;0;0;0;0;0;0;0;0;0;0;0;0;0;0;0;0;0;0;0;0;0;0;0;0;0;0;0;0;0
360;Indonesia;Share in total final energy consumption (%);Liquid biofuels;IEA (2024), World Energy Balances;0;0;0;0;0;0;0;0;0;0;0;0;0;0;0;0;0;0;0;0.1;0.2;0.2;0.4;0.7;1.1;0.5;1.9;1.5;2.3;3.6;5;5.4;5.4
360;Indonesia;Share in total final energy consumption (%);Solid biofuels;IEA (2024), World Energy Balances;40;39.1;37.7;36.4;33.8;31.2;29.8;28;28.2;25.5;24.8;23.2;23;21.5;19.9;19.5;18.6;17.9;18.3;16.6;15;13.3;12;12.2;11.5;10.5;10.4;9.2;8.7;7.6;8.9;8.7;7.8
360;Indonesia;Share in total final energy consumption (%);Biogases;IEA (2024), World Energy Balances;0;0;0;0;0;0;0;0;0;0;0;0;0;0;0;0;0;0;0;0;0;0;0;0;0;0;0;0;0;0;0.1;0.1;0.1
360;Indonesia;Share in total final energy consumption (%);Hydro;IEA (2024), World Energy Balances;0.9;0.9;1.2;1;0.7;0.8;0.8;0.5;1;0.9;0.9;1;0.8;0.7;0.8;0.9;0.7;0.9;0.9;0.9;1.2;0.8;0.8;1.1;1;0.9;1.2;1.2;1.3;1.2;1.5;1.4;1.4
360;Indonesia;Share in total final energy consumption (%);Geothermal;IEA (2024), World Energy Balances;0.2;0.1;0.1;0.1;0.2;0.2;0.2;0.3;0.3;0.2;0.4;0.5;0.5;0.5;0.5;0.5;0.5;0.5;0.7;0.7;0.7;0.6;0.6;0.6;0.6;0.6;0.7;0.8;0.9;0.8;0.9;0.9;0.9
360;Indonesia;Share in total final energy consumption (%);Tide, wave and ocean;IEA (2024), World Energy Balances;0;0;0;0;0;0;0;0;0;0;0;0;0;0;0;0;0;0;0;0;0;0;0;0;0;0;0;0;0;0;0;0;0
360;Indonesia;Share in total final energy consumption (%);Wind;IEA (2024), World Energy Balances;0;0;0;0;0;0;0;0;0;0;0;0;0;0;0;0;0;0;0;0;0;0;0;0;0;0;0;0;0;0;0;0;0
360;Indonesia;Share in total final energy consumption (%);Solar;IEA (2024), World Energy Balances;0;0;0;0;0;0;0;0;0;0;0;0;0;0;0;0;0;0;0;0;0;0;0;0;0;0;0;0;0;0;0;0;0.1
360;Indonesia;Final consumption of renewable energy (PJ) - Heat raising;Renewables;IEA (2024), World Energy Balances;831.6;842;850.2;859.1;863.3;865.2;866.6;859.5;848.5;842.1;843.8;816.8;796;781;755.3;732.3;747.5;721;711.7;681;670.1;654.8;614.5;590.4;575;522.1;492;455.1;439.9;440.1;489.7;492.9;486.4
360;Indonesia;Final consumption of renewable energy (PJ) - Transport;Renewables;IEA (2024), World Energy Balances;0;0;0;0;0;0;0;0;0;0;0;0;0;0;0;0;0.1;0.8;0.8;4;7.3;11.8;21.9;34.4;53.8;21.8;85.9;74.5;120.9;185.6;243.7;269.6;303.1
360;Indonesia;Final consumption of renewable energy (PJ) - Electricity consumption;Renewables;IEA (2024), World Energy Balances;21.3;23.3;30;27.7;25.2;29.5;31.8;24;37;36.3;45.5;53.2;46.9;44.4;49;52.8;50.1;56.5;61.7;64.8;84.1;68.2;70.4;82.8;82;77.8;97.7;101.7;167.2;163.3;186.7;195.6;232
364;Iran (Islamic Republic of);Total final energy consumption (PJ);Total;IEA (2024), World Energy Balances;2025.2;2313.5;2532;2475.5;2885;2961.6;3017.2;3165.2;3181.1;3435.5;3647.3;3805.9;4012.1;4214.6;4540.1;4892.4;5338.6;5761.1;5724.9;5979.6;5986.3;6097.4;6114.6;6373.9;6697.5;6609.5;6823.6;6907.3;6851.9;7701.6;7865.3;8329.5;8472.5
364;Iran (Islamic Republic of);Share in total final energy consumption (%);Renewables;IEA (2024), World Energy Balances;1.2;1.2;1.4;1.5;1.1;1;1;0.9;0.8;0.6;0.4;0.5;0.7;0.8;0.7;1.4;1.4;1.3;0.7;0.8;0.9;0.9;0.9;1;0.9;0.9;1;1;1;1.5;1.2;0.8;0.8
364;Iran (Islamic Republic of);Share in total final energy consumption (%);Modern renewables;IEA (2024), World Energy Balances;1.1;1.1;1.3;1.3;0.9;0.8;0.8;0.8;0.7;0.5;0.4;0.4;0.6;0.8;0.7;1.2;1.2;1.1;0.5;0.6;0.7;0.7;0.8;0.8;0.8;0.7;0.9;0.8;0.9;1.4;1;0.6;0.6
364;Iran (Islamic Republic of);Share in total final energy consumption (%);Municipal waste (renew);IEA (2024), World Energy Balances;0;0;0;0;0;0;0;0;0;0;0;0;0;0;0;0;0;0;0;0;0;0;0;0;0;0;0;0;0;0;0;0;0
364;Iran (Islamic Republic of);Share in total final energy consumption (%);Liquid biofuels;IEA (2024), World Energy Balances;0;0;0;0;0;0;0;0;0;0;0;0;0;0;0;0;0;0;0;0;0;0;0;0;0;0;0;0;0;0;0;0;0
364;Iran (Islamic Republic of);Share in total final energy consumption (%);Solid biofuels;IEA (2024), World Energy Balances;0.3;0.3;0.3;0.4;0.3;0.3;0.3;0.3;0.2;0.2;0.2;0.1;0.1;0.1;0.1;0.5;0.5;0.4;0.5;0.4;0.4;0.3;0.3;0.3;0.3;0.3;0.3;0.3;0.3;0.3;0.3;0.3;0.3
364;Iran (Islamic Republic of);Share in total final energy consumption (%);Biogases;IEA (2024), World Energy Balances;0;0;0;0;0;0;0;0;0;0;0;0;0;0;0;0;0;0;0;0;0;0;0;0;0;0;0;0;0;0;0;0;0
364;Iran (Islamic Republic of);Share in total final energy consumption (%);Hydro;IEA (2024), World Energy Balances;0.9;0.9;1.1;1.2;0.7;0.7;0.7;0.6;0.6;0.4;0.3;0.4;0.6;0.7;0.7;0.9;0.9;0.9;0.2;0.3;0.5;0.6;0.6;0.6;0.6;0.6;0.7;0.7;0.7;1.2;0.8;0.5;0.5
364;Iran (Islamic Republic of);Share in total final energy consumption (%);Geothermal;IEA (2024), World Energy Balances;0;0;0;0;0;0;0;0;0;0;0;0;0;0;0;0;0;0;0;0;0;0;0;0;0;0;0;0;0;0;0;0;0
364;Iran (Islamic Republic of);Share in total final energy consumption (%);Tide, wave and ocean;IEA (2024), World Energy Balances;0;0;0;0;0;0;0;0;0;0;0;0;0;0;0;0;0;0;0;0;0;0;0;0;0;0;0;0;0;0;0;0;0
364;Iran (Islamic Republic of);Share in total final energy consumption (%);Wind;IEA (2024), World Energy Balances;0;0;0;0;0;0;0;0;0;0;0;0;0;0;0;0;0;0;0;0;0;0;0;0;0;0;0;0;0;0;0;0;0
364;Iran (Islamic Republic of);Share in total final energy consumption (%);Solar;IEA (2024), World Energy Balances;0;0;0;0;0;0;0;0;0;0;0;0;0;0;0;0;0;0;0;0;0;0;0;0;0;0;0;0;0;0;0;0;0
364;Iran (Islamic Republic of);Final consumption of renewable energy (PJ) - Heat raising;Renewables;IEA (2024), World Energy Balances;6.8;7.2;8.2;9.2;10;9.3;9.6;8.7;6.9;6.1;5.7;5.5;4.2;3.8;3.7;24.2;24.2;25.5;25.9;25.9;25.8;21;21.1;21.1;21.2;21.2;21.2;21.2;21;21;21.7;21.7;22
364;Iran (Islamic Republic of);Final consumption of renewable energy (PJ) - Transport;Renewables;IEA (2024), World Energy Balances;0;0;0;0;0;0;0;0;0;0;0;0;0;0;0;0;0;0.1;0;0;0;0.1;0.1;0.1;0.1;0.1;0.1;0.1;0.1;0.2;0.1;0.1;0.1
364;Iran (Islamic Republic of);Final consumption of renewable energy (PJ) - Electricity consumption;Renewables;IEA (2024), World Energy Balances;18.3;21.2;28.4;28.7;21.3;20.9;21.5;19.7;19.9;14.1;10.4;14.3;22.6;31.2;29.7;44.2;50.4;49.4;14.3;20.9;27.8;34.9;35.7;42;41.3;38.7;50;47.5;50;97.6;70.7;41.8;43.7
368;Iraq;Total final energy consumption (PJ);Total;IEA (2024), World Energy Balances;591.3;482.4;607.6;650.9;685.1;673.8;675.1;665.7;673.6;678.3;727.9;771.9;747.8;600.9;667.6;686.1;709;710.8;704.1;695.5;781.4;837.4;982.3;966.5;777.2;685.7;735.3;833.7;913.4;965.5;876.4;1033.4;1142.3
368;Iraq;Share in total final energy consumption (%);Renewables;IEA (2024), World Energy Balances;1.6;0.7;0.5;0.4;0.4;0.4;0.4;0.4;0.4;0.4;0.4;0.3;0.3;0.4;0.4;2.4;2.6;2;1.2;1.2;1.6;1.1;1.3;1.4;1;0.8;0.9;0.6;0.4;0.8;0.8;0.6;0.4
368;Iraq;Share in total final energy consumption (%);Modern renewables;IEA (2024), World Energy Balances;1.6;0.7;0.5;0.4;0.4;0.4;0.4;0.4;0.4;0.4;0.4;0.3;0.3;0.4;0.4;2.4;2.6;2;1.2;1.2;1.6;1.1;1.3;1.4;1;0.8;0.9;0.6;0.4;0.8;0.8;0.6;0.4
368;Iraq;Share in total final energy consumption (%);Municipal waste (renew);IEA (2024), World Energy Balances;0;0;0;0;0;0;0;0;0;0;0;0;0;0;0;0;0;0;0;0;0;0;0;0;0;0;0;0;0;0;0;0;0
368;Iraq;Share in total final energy consumption (%);Liquid biofuels;IEA (2024), World Energy Balances;0;0;0;0;0;0;0;0;0;0;0;0;0;0;0;0;0;0;0;0;0;0;0;0;0;0;0;0;0;0;0;0;0
368;Iraq;Share in total final energy consumption (%);Solid biofuels;IEA (2024), World Energy Balances;0.1;0.1;0.1;0.1;0.1;0.1;0.1;0.1;0.1;0.1;0.1;0.1;0.1;0.1;0.1;0.1;0.1;0.1;0.1;0.1;0.1;0.1;0.1;0.1;0.1;0.1;0.1;0.1;0.1;0.1;0.1;0.1;0.1
368;Iraq;Share in total final energy consumption (%);Biogases;IEA (2024), World Energy Balances;0;0;0;0;0;0;0;0;0;0;0;0;0;0;0;0;0;0;0;0;0;0;0;0;0;0;0;0;0;0;0;0;0
368;Iraq;Share in total final energy consumption (%);Hydro;IEA (2024), World Energy Balances;1.5;0.6;0.4;0.3;0.3;0.3;0.3;0.3;0.3;0.3;0.3;0.3;0.2;0.2;0.3;2.3;2.5;1.9;1.1;1.1;1.6;1;1.2;1.3;0.9;0.7;0.8;0.4;0.3;0.7;0.7;0.5;0.4
368;Iraq;Share in total final energy consumption (%);Geothermal;IEA (2024), World Energy Balances;0;0;0;0;0;0;0;0;0;0;0;0;0;0;0;0;0;0;0;0;0;0;0;0;0;0;0;0;0;0;0;0;0
368;Iraq;Share in total final energy consumption (%);Tide, wave and ocean;IEA (2024), World Energy Balances;0;0;0;0;0;0;0;0;0;0;0;0;0;0;0;0;0;0;0;0;0;0;0;0;0;0;0;0;0;0;0;0;0
368;Iraq;Share in total final energy consumption (%);Wind;IEA (2024), World Energy Balances;0;0;0;0;0;0;0;0;0;0;0;0;0;0;0;0;0;0;0;0;0;0;0;0;0;0;0;0;0;0;0;0;0
368;Iraq;Share in total final energy consumption (%);Solar;IEA (2024), World Energy Balances;0;0;0;0;0;0;0;0;0;0;0;0;0;0;0;0;0;0;0;0;0;0;0;0;0;0;0;0;0;0;0;0;0
368;Iraq;Final consumption of renewable energy (PJ) - Heat raising;Renewables;IEA (2024), World Energy Balances;0.5;0.5;0.6;0.6;0.6;0.6;0.5;0.5;0.5;0.6;0.6;0.6;0.6;0.6;0.6;0.6;0.7;0.7;0.7;0.7;0.7;0.7;0.8;0.8;0.8;0.8;0.9;0.9;0.9;0.9;0.9;1;1
368;Iraq;Final consumption of renewable energy (PJ) - Transport;Renewables;IEA (2024), World Energy Balances;0;0;0;0;0;0;0;0;0;0;0;0;0;0;0;0;0;0;0;0;0;0;0;0;0;0;0;0;0;0;0;0;0
368;Iraq;Final consumption of renewable energy (PJ) - Electricity consumption;Renewables;IEA (2024), World Energy Balances;8.9;3.1;2.4;2.1;1.9;2;2;2;2;2;2;2.1;1.7;1.5;1.7;16;17.5;13.6;7.4;7.7;12.1;8.7;11.9;13.1;6.9;4.7;5.7;3.8;2.7;6.6;5.8;5.3;4.1
372;Ireland;Total final energy consumption (PJ);Total;IEA (2024), World Energy Balances;289.5;294.8;291.7;296.8;309.3;314.4;329.6;339.9;368.7;389.9;422;436.1;436;450.4;463.6;488.5;509.4;505.5;508.7;464.8;462.8;428.8;421.1;424.1;421.6;435;451.7;449.4;468.6;467.4;447.6;455.7;454.9
372;Ireland;Share in total final energy consumption (%);Renewables;IEA (2024), World Energy Balances;2.3;2.2;2.2;2.1;2.2;1.9;1.9;1.9;2.3;2.1;2;2;2.2;2;2.3;2.9;3.2;3.5;4.2;5.3;5.3;7;6.9;7.7;8.8;9.5;8.6;10.1;10.8;12.3;13.7;12.6;13.9
372;Ireland;Share in total final energy consumption (%);Modern renewables;IEA (2024), World Energy Balances;2.3;2.2;2.2;2.1;2.2;1.9;1.9;1.9;2.3;2.1;2;2;2.2;2;2.3;2.9;3.2;3.5;4.2;5.3;5.3;7;6.9;7.7;8.8;9.5;8.6;10.1;10.8;12.3;13.7;12.6;13.9
372;Ireland;Share in total final energy consumption (%);Municipal waste (renew);IEA (2024), World Energy Balances;0;0;0;0;0;0;0;0;0;0;0;0;0;0;0;0;0;0;0;0;0.1;0.1;0.2;0.3;0.3;0.4;0.4;0.5;0.6;0.6;0.6;0.7;0.7
372;Ireland;Share in total final energy consumption (%);Liquid biofuels;IEA (2024), World Energy Balances;0;0;0;0;0;0;0;0;0;0;0;0;0;0;0;0;0;0.2;0.5;0.7;0.8;0.9;0.8;1;1.1;1.2;1;1.5;1.4;1.7;1.6;1.6;2.1
372;Ireland;Share in total final energy consumption (%);Solid biofuels;IEA (2024), World Energy Balances;1.5;1.4;1.3;1.3;1.2;1.2;1.2;1.1;1.3;1.1;1.1;1.2;1.2;1.1;1.3;1.5;1.5;1.5;1.4;1.6;1.7;1.7;1.7;1.9;2.2;2;2.1;2.1;2;1.9;2;1.9;2
372;Ireland;Share in total final energy consumption (%);Biogases;IEA (2024), World Energy Balances;0;0;0;0.1;0;0;0.1;0.1;0.1;0.1;0.1;0.1;0.1;0.1;0.1;0.1;0.1;0.1;0.2;0.2;0.2;0.2;0.2;0.2;0.2;0.2;0.2;0.2;0.2;0.2;0.2;0.2;0.2
372;Ireland;Share in total final energy consumption (%);Hydro;IEA (2024), World Energy Balances;0.7;0.8;0.8;0.8;0.9;0.7;0.7;0.6;0.8;0.7;0.6;0.4;0.7;0.4;0.4;0.4;0.5;0.4;0.6;0.6;0.4;0.5;0.6;0.5;0.6;0.6;0.5;0.5;0.5;0.6;0.7;0.6;0.5
372;Ireland;Share in total final energy consumption (%);Geothermal;IEA (2024), World Energy Balances;0;0;0;0;0;0;0;0;0;0;0;0;0;0;0;0;0;0;0;0;0;0;0;0;0;0;0;0;0;0;0;0;0
372;Ireland;Share in total final energy consumption (%);Tide, wave and ocean;IEA (2024), World Energy Balances;0;0;0;0;0;0;0;0;0;0;0;0;0;0;0;0;0;0;0;0;0;0;0;0;0;0;0;0;0;0;0;0;0
372;Ireland;Share in total final energy consumption (%);Wind;IEA (2024), World Energy Balances;0;0;0;0;0;0;0;0;0.1;0.1;0.2;0.2;0.3;0.3;0.5;0.8;1.1;1.3;1.5;2.1;2;3.4;3.1;3.7;4.2;5;4.3;5.2;6;7.1;8.3;7.3;8.1
372;Ireland;Share in total final energy consumption (%);Solar;IEA (2024), World Energy Balances;0;0;0;0;0;0;0;0;0;0;0;0;0;0;0;0;0;0;0;0;0.1;0.1;0.1;0.1;0.1;0.1;0.1;0.1;0.1;0.1;0.2;0.2;0.2
372;Ireland;Final consumption of renewable energy (PJ) - Heat raising;Renewables;IEA (2024), World Energy Balances;4.5;4.3;3.8;3.9;3.9;3.8;4.1;4;4.9;4.6;4.9;5.4;5.4;5.3;6.1;7.7;7.8;7.8;7.4;8;8.5;8.1;8.2;8.7;10.1;10.3;10.6;10.9;11.1;10.5;10.4;10.2;10.7
372;Ireland;Final consumption of renewable energy (PJ) - Transport;Renewables;IEA (2024), World Energy Balances;0;0;0;0;0;0;0;0;0;0;0;0;0;0;0;0.1;0.1;0.9;2.4;3.3;3.9;3.9;3.6;4.3;4.8;5.2;4.8;6.8;6.5;8;7.5;7.7;9.7
372;Ireland;Final consumption of renewable energy (PJ) - Electricity consumption;Renewables;IEA (2024), World Energy Balances;2.1;2.2;2.5;2.4;2.8;2.2;2.3;2.5;3.6;3.5;3.7;3.2;4.4;3.8;4.6;6.4;8.5;9.2;11.5;13.4;12.1;17.8;17.3;19.7;22.1;25.9;23.6;27.7;33.1;39.2;43.3;39.5;42.8
833;Isle of Man;Total final energy consumption (PJ);Total;Energy Balances, UN Statistics Division (2024);NaN;NaN;NaN;NaN;NaN;NaN;NaN;NaN;NaN;NaN;NaN;NaN;1.9;1.9;2;2.1;2;2.1;2.2;2.2;2.2;2;2.4;2.4;2.3;2.3;2.3;2.4;2.3;2.4;2.3;2.2;2.1
833;Isle of Man;Share in total final energy consumption (%);Renewables;Energy Balances, UN Statistics Division (2024);NaN;NaN;NaN;NaN;NaN;NaN;NaN;NaN;NaN;NaN;NaN;NaN;1.5;1.1;6.3;2.7;3.3;1.9;1.3;1.9;1.9;2.8;3.5;2.1;1.9;2.2;1.9;1.9;2;1.9;2;3.2;2
833;Isle of Man;Share in total final energy consumption (%);Modern renewables;Energy Balances, UN Statistics Division (2024);NaN;NaN;NaN;NaN;NaN;NaN;NaN;NaN;NaN;NaN;NaN;NaN;1.5;1.1;6.3;2.7;3.3;1.9;1.3;1.9;1.9;2.8;3.5;2.1;1.9;2.2;1.9;1.9;2;1.9;2;3.2;2
833;Isle of Man;Share in total final energy consumption (%);Municipal waste (renew);Energy Balances, UN Statistics Division (2024);NaN;NaN;NaN;NaN;NaN;NaN;NaN;NaN;NaN;NaN;NaN;NaN;0;0;5.1;2.3;2.7;1.6;0.9;1.5;1.5;2.3;2.9;1.7;1.5;1.6;1.5;1.4;1.8;1.6;1.7;2.5;1.8
833;Isle of Man;Share in total final energy consumption (%);Liquid biofuels;Energy Balances, UN Statistics Division (2024);NaN;NaN;NaN;NaN;NaN;NaN;NaN;NaN;NaN;NaN;NaN;NaN;0;0;0;0;0;0;0;0;0;0;0;0;0;0;0;0;0;0;0;0;0
833;Isle of Man;Share in total final energy consumption (%);Solid biofuels;Energy Balances, UN Statistics Division (2024);NaN;NaN;NaN;NaN;NaN;NaN;NaN;NaN;NaN;NaN;NaN;NaN;0;0;0;0;0;0;0;0;0;0;0;0;0;0;0;0;0;0;0;0;0
833;Isle of Man;Share in total final energy consumption (%);Biogases;Energy Balances, UN Statistics Division (2024);NaN;NaN;NaN;NaN;NaN;NaN;NaN;NaN;NaN;NaN;NaN;NaN;0;0;0;0;0;0;0;0;0;0;0;0;0;0;0;0;0;0;0;0;0
833;Isle of Man;Share in total final energy consumption (%);Hydro;Energy Balances, UN Statistics Division (2024);NaN;NaN;NaN;NaN;NaN;NaN;NaN;NaN;NaN;NaN;NaN;NaN;1.5;1.1;1.2;0.4;0.6;0.3;0.4;0.4;0.4;0.5;0.6;0.4;0.4;0.6;0.4;0.5;0.3;0.3;0.4;0.6;0.2
833;Isle of Man;Share in total final energy consumption (%);Geothermal;Energy Balances, UN Statistics Division (2024);NaN;NaN;NaN;NaN;NaN;NaN;NaN;NaN;NaN;NaN;NaN;NaN;0;0;0;0;0;0;0;0;0;0;0;0;0;0;0;0;0;0;0;0;0
833;Isle of Man;Share in total final energy consumption (%);Tide, wave and ocean;Energy Balances, UN Statistics Division (2024);NaN;NaN;NaN;NaN;NaN;NaN;NaN;NaN;NaN;NaN;NaN;NaN;0;0;0;0;0;0;0;0;0;0;0;0;0;0;0;0;0;0;0;0;0
833;Isle of Man;Share in total final energy consumption (%);Wind;Energy Balances, UN Statistics Division (2024);NaN;NaN;NaN;NaN;NaN;NaN;NaN;NaN;NaN;NaN;NaN;NaN;0;0;0;0;0;0;0;0;0;0;0;0;0;0;0;0;0;0;0;0;0
833;Isle of Man;Share in total final energy consumption (%);Solar;Energy Balances, UN Statistics Division (2024);NaN;NaN;NaN;NaN;NaN;NaN;NaN;NaN;NaN;NaN;NaN;NaN;0;0;0;0;0;0;0;0;0;0;0;0;0;0;0;0;0;0;0;0;0
833;Isle of Man;Final consumption of renewable energy (PJ) - Heat raising;Renewables;Energy Balances, UN Statistics Division (2024);NaN;NaN;NaN;NaN;NaN;NaN;NaN;NaN;NaN;NaN;NaN;NaN;0;0;0;0;0;0;0;0;0;0;0;0;0;0;0;0;0;0;0;0;0
833;Isle of Man;Final consumption of renewable energy (PJ) - Transport;Renewables;Energy Balances, UN Statistics Division (2024);NaN;NaN;NaN;NaN;NaN;NaN;NaN;NaN;NaN;NaN;NaN;NaN;0;0;0;0;0;0;0;0;0;0;0;0;0;0;0;0;0;0;0;0;0
833;Isle of Man;Final consumption of renewable energy (PJ) - Electricity consumption;Renewables;Energy Balances, UN Statistics Division (2024);NaN;NaN;NaN;NaN;NaN;NaN;NaN;NaN;NaN;NaN;NaN;NaN;0;0;0.1;0.1;0.1;0;0;0;0;0.1;0.1;0;0;0;0;0;0;0;0;0.1;0
376;Israel;Total final energy consumption (PJ);Total;IEA (2024), World Energy Balances;260.8;265.8;270.8;302.2;329.5;361.7;378.6;382.1;377;392;425.5;422.7;429;450.5;458.9;440.2;457.9;477.3;510.4;526.7;563;524.8;519.8;516.6;526;547.9;554.3;575;571.1;593.5;555.4;564.8;601.3
376;Israel;Share in total final energy consumption (%);Renewables;IEA (2024), World Energy Balances;5.8;6;6.2;5.9;5.7;5.4;5.4;5.7;6.1;5.9;6;6.3;6.5;6.5;6.7;7;6.9;6.7;8.9;8.5;8.6;9.1;2.9;3.3;3.7;3.7;4;3.9;3.8;4.5;5.6;6.2;6.4
376;Israel;Share in total final energy consumption (%);Modern renewables;IEA (2024), World Energy Balances;5.8;6;6.2;5.9;5.7;5.4;5.4;5.7;6.1;5.9;6;6.3;6.5;6.5;6.7;7;6.9;6.7;8.9;8.5;8.6;9.1;2.9;3.3;3.7;3.7;4;3.9;3.8;4.5;5.6;6.2;6.4
376;Israel;Share in total final energy consumption (%);Municipal waste (renew);IEA (2024), World Energy Balances;0;0;0;0;0;0;0;0;0;0;0;0;0;0;0;0;0;0;0;0;0;0;0;0;0;0;0;0.1;0.1;0.1;0.1;0.1;0.1
376;Israel;Share in total final energy consumption (%);Liquid biofuels;IEA (2024), World Energy Balances;0;0;0;0;0;0;0;0;0;0;0;0;0;0;0;0;0;0;0;0;0;0;0;0;0;0;0;0;0;0;0;0;0
376;Israel;Share in total final energy consumption (%);Solid biofuels;IEA (2024), World Energy Balances;0;0;0.1;0.1;0;0.1;0.1;0.1;0.1;0.1;0.1;0.1;0.1;0.1;0.1;0.1;0.1;0.1;0.2;0.1;0.1;0.2;0.1;0.1;0.2;0.2;0.2;0.1;0.2;0.2;0.2;0.2;0.2
376;Israel;Share in total final energy consumption (%);Biogases;IEA (2024), World Energy Balances;0;0;0;0;0;0;0;0;0;0;0;0;0;0;0;0;0;0;0;0;0;0;0;0;0;0;0.1;NaN;NaN;NaN;NaN;NaN;NaN
376;Israel;Share in total final energy consumption (%);Hydro;IEA (2024), World Energy Balances;0;0;0;0;0;0;0;0;0;0;0;0;0;0;0;0;0;0;0;0;0;0;0;0;0;0;NaN;NaN;NaN;NaN;NaN;NaN;NaN
376;Israel;Share in total final energy consumption (%);Geothermal;IEA (2024), World Energy Balances;0;0;0;0;0;0;0;0;0;0;0;0;0;0;0;0;0;0;0;0;0;0;0;0;0;0;0;0;0;0;0;0;0
376;Israel;Share in total final energy consumption (%);Tide, wave and ocean;IEA (2024), World Energy Balances;0;0;0;0;0;0;0;0;0;0;0;0;0;0;0;0;0;0;0;0;0;0;0;0;0;0;0;0;0;0;0;0;0
376;Israel;Share in total final energy consumption (%);Wind;IEA (2024), World Energy Balances;0;0;0;0;0;0;0;0;0;0;0;0;0;0;0;0;0;0;0;0;0;0;0;0;0;0;NaN;0.1;0.1;0.1;0.1;0.1;0.2
376;Israel;Share in total final energy consumption (%);Solar;IEA (2024), World Energy Balances;5.7;6;6.2;5.8;5.6;5.3;5.4;5.6;6;5.8;5.9;6.2;6.4;6.4;6.6;6.9;6.7;6.6;8.7;8.3;8.4;8.9;2.7;3.1;3.5;3.5;3.7;3.6;3.5;4.1;5.2;5.8;6
376;Israel;Final consumption of renewable energy (PJ) - Heat raising;Renewables;IEA (2024), World Energy Balances;15.1;16;16.8;17.7;18.5;19.6;20.5;21.7;22.8;22.9;25.3;26.6;27.8;29.3;30.8;30.8;31.3;32;45.3;44.3;47.6;46.8;13.6;15.1;16.7;16.8;17.2;17.3;16.7;16.8;18.1;18.7;19
376;Israel;Final consumption of renewable energy (PJ) - Transport;Renewables;IEA (2024), World Energy Balances;0;0;0;0;0;0;0;0;0;0;0;0;0;0;0;0;0;0;0;0;0;0;0;0;0;0;0;0;0;0;0;0;0
376;Israel;Final consumption of renewable energy (PJ) - Electricity consumption;Renewables;IEA (2024), World Energy Balances;0;0;0.1;0.1;0.1;0.1;0.1;0.1;0.1;0.1;0.1;0.1;0.1;0.1;0.1;0.1;0.1;0.1;0.1;0.3;0.5;0.9;1.4;1.7;2.8;3.7;5;5.1;5.3;9.8;13.1;16.4;19.3
380;Italy;Total final energy consumption (PJ);Total;IEA (2024), World Energy Balances;4376.1;4485.4;4492;4514.9;4442;4636;4682.8;4713.8;4858.2;5036.1;5041.3;5118.7;5133.4;5406.2;5427.6;5554.9;5478.2;5432.1;5426.4;5121;5199.4;4967.3;4920.9;4801.2;4568.5;4699.2;4671.7;4648.2;4680.3;4635.6;4214.6;4708.7;4530.9
380;Italy;Share in total final energy consumption (%);Renewables;IEA (2024), World Energy Balances;3.8;4.7;4.8;4.8;5.2;4.5;4.7;4.8;4.8;5;5.1;5.4;5.6;6.2;5.9;6.7;7.5;8.7;10.8;12.5;12.8;11.9;14.4;16.3;17.1;16.6;16.1;16.4;17.1;17.3;18.7;17.5;16.3
380;Italy;Share in total final energy consumption (%);Modern renewables;IEA (2024), World Energy Balances;3.8;4.7;4.8;4.8;5.2;4.5;4.7;4.8;4.8;5;5.1;5.4;5.6;6.2;5.9;6.7;7.5;8.7;10.8;12.5;12.8;11.9;14.4;16.3;17.1;16.6;16.1;16.4;17.1;17.3;18.7;17.5;16.3
380;Italy;Share in total final energy consumption (%);Municipal waste (renew);IEA (2024), World Energy Balances;0;0;0;0;0;0;0;0;0;0;0;0;0.1;0.1;0.1;0.1;0.1;0.1;0.1;0.1;0.2;0.2;0.2;0.2;0.2;0.3;0.3;0.3;0.3;0.3;0.3;0.3;0.3
380;Italy;Share in total final energy consumption (%);Liquid biofuels;IEA (2024), World Energy Balances;0;0;0;0;0;0;0;0;0;0;0;0;0;0;0.2;0.1;0.2;0.1;0.6;1.1;1.4;1.4;1.4;1.4;1.3;1.5;1.3;1.3;1.5;1.6;1.7;1.6;1.5
380;Italy;Share in total final energy consumption (%);Solid biofuels;IEA (2024), World Energy Balances;0.7;0.8;1;0.9;1.1;1;1;1.1;1.1;1.2;1.3;1.3;2;3;2.1;3.3;3.9;5.3;6.4;6.6;6.2;4.4;6.3;6.6;6.3;6.8;6.6;7.2;6.7;6.8;7.2;7.1;6.7
380;Italy;Share in total final energy consumption (%);Biogases;IEA (2024), World Energy Balances;0;0;0;0;0;0;0;0;0;0;0;0;0.1;0.1;0.1;0.1;0.1;0.1;0.1;0.1;0.2;0.4;0.5;0.7;0.9;0.8;0.8;0.8;0.8;0.9;0.9;0.7;0.7
380;Italy;Share in total final energy consumption (%);Hydro;IEA (2024), World Energy Balances;2.6;3.4;3.4;3.4;3.7;2.9;3.2;3.2;3.1;3.3;3.2;3.4;2.8;2.5;2.8;2.4;2.4;2.2;2.7;3.5;3.5;3.3;3.1;4;4.7;3.6;3.2;2.8;3.8;3.6;4;3.5;2.3
380;Italy;Share in total final energy consumption (%);Geothermal;IEA (2024), World Energy Balances;0.5;0.4;0.5;0.5;0.5;0.5;0.5;0.5;0.5;0.5;0.5;0.5;0.5;0.5;0.5;0.5;0.5;0.5;0.5;0.6;0.5;0.5;0.5;0.5;0.6;0.6;0.6;0.6;0.6;0.6;0.6;0.6;0.6
380;Italy;Share in total final energy consumption (%);Tide, wave and ocean;IEA (2024), World Energy Balances;0;0;0;0;0;0;0;0;0;0;0;0;0;0;0;0;0;0;0;0;0;0;0;0;0;0;0;0;0;0;0;0;0
380;Italy;Share in total final energy consumption (%);Wind;IEA (2024), World Energy Balances;0;0;0;0;0;0;0;0;0;0;0;0.1;0.1;0.1;0.1;0.2;0.2;0.3;0.3;0.5;0.6;0.7;1;1.1;1.2;1.2;1.4;1.4;1.4;1.6;1.6;1.6;1.7
380;Italy;Share in total final energy consumption (%);Solar;IEA (2024), World Energy Balances;0;0;0;0;0;0;0;0;0;0;0;0;0;0;0;0;0;0;0.1;0.1;0.2;0.9;1.5;1.8;1.9;2;1.9;2.1;2;2;2.3;2.2;2.5
380;Italy;Final consumption of renewable energy (PJ) - Heat raising;Renewables;IEA (2024), World Energy Balances;38.9;44.7;52;49.2;57.3;57;55;60.2;62.8;66.6;72.8;75.6;110.1;165.6;117.8;188.2;222;296.1;350.2;343.5;328.2;232.8;319.5;328.6;298.3;329.5;321.9;347.9;327.7;330.3;319;339.6;313.1
380;Italy;Final consumption of renewable energy (PJ) - Transport;Renewables;IEA (2024), World Energy Balances;4;5.3;5.3;5.3;5.6;4.9;5.6;5.5;5.5;5.9;5.8;6.2;5.6;5.6;16.9;13.2;12.7;11.6;37.8;57;69.3;69.4;69.3;67.5;60.9;64;58.7;58.9;68.8;69.9;68.2;71.8;69.7
380;Italy;Final consumption of renewable energy (PJ) - Electricity consumption;Renewables;IEA (2024), World Energy Balances;122.6;159.4;160;160.9;170.2;144.9;161.7;162;162.8;180.4;179.4;193.7;171.6;166.2;187.5;170.9;176.9;166.6;199.3;241.7;267.7;289.1;319.4;387.4;423.4;385.2;371.2;357;402.7;400.4;400.5;413.9;356.4
388;Jamaica;Total final energy consumption (PJ);Total;IEA (2024), World Energy Balances;87.3;86.2;80;68.1;80;70.2;78.6;80.1;83.4;87.1;87.9;86.6;88.3;89.4;106.8;109.1;137.3;132.7;104.6;76.2;70.7;75.8;72;79;77;73.9;78.5;74.8;92.4;88.1;61.8;69.7;82.9
388;Jamaica;Share in total final energy consumption (%);Renewables;IEA (2024), World Energy Balances;12.5;12.4;13.1;14.3;12.6;13.7;12.6;12.9;10.5;10;9.3;7.9;8;8.1;6.4;5.4;4.8;5.3;5.9;7.4;8.9;9.8;12.2;11.4;11.9;12.1;11.1;11;8.9;9.3;11.7;10.5;8.7
388;Jamaica;Share in total final energy consumption (%);Modern renewables;IEA (2024), World Energy Balances;9.3;9.1;9.6;10.1;9.1;9.7;8.9;9.3;6.9;6.6;6;4.5;4.7;4.8;3.6;2.7;2.6;3.1;3.1;3.6;4.2;6.5;8.7;9.2;10.1;10.3;9.4;9.2;7.4;6.3;8;7.2;5.9
388;Jamaica;Share in total final energy consumption (%);Municipal waste (renew);IEA (2024), World Energy Balances;0;0;0;0;0;0;0;0;0;0;0;0;0;0;0;0;0;0;0;0;0;0;0;0;0;0;0;0;0;0;0;0;0
388;Jamaica;Share in total final energy consumption (%);Liquid biofuels;IEA (2024), World Energy Balances;0;0;0;0;0;0;0;0;0;0;0;0;0;0;0;0;0;0;0;0;0;0;1.8;1.7;1.6;1.7;1.8;1.9;1.6;1.8;2.2;2.1;1.9
388;Jamaica;Share in total final energy consumption (%);Solid biofuels;IEA (2024), World Energy Balances;12.2;12;12.7;14;12.3;13.3;12.1;12.5;10;9.5;8.9;7.7;7.7;7.7;5.9;4.8;4.3;4.8;5.4;6.7;8.1;9;9.4;8.9;9.4;9.5;8.2;7.4;5.7;5.9;7.3;6.4;5.2
388;Jamaica;Share in total final energy consumption (%);Biogases;IEA (2024), World Energy Balances;0;0;0;0;0;0;0;0;0;0;0;0;0;0;0;0;0;0;0;0;0;0;0;0;0;0;0;0;0;0;0;0;0
388;Jamaica;Share in total final energy consumption (%);Hydro;IEA (2024), World Energy Balances;0.3;0.3;0.3;0.3;0.4;0.5;0.4;0.5;0.5;0.4;0.4;0.2;0.3;0.4;0.4;0.4;0.4;0.4;0.4;0.5;0.6;0.5;0.6;0.4;0.5;0.5;0.4;0.5;0.5;0.5;0.6;0.5;0.4
388;Jamaica;Share in total final energy consumption (%);Geothermal;IEA (2024), World Energy Balances;0;0;0;0;0;0;0;0;0;0;0;0;0;0;0;0;0;0;0;0;0;0;0;0;0;0;0;0;0;0;0;0;0
388;Jamaica;Share in total final energy consumption (%);Tide, wave and ocean;IEA (2024), World Energy Balances;0;0;0;0;0;0;0;0;0;0;0;0;0;0;0;0;0;0;0;0;0;0;0;0;0;0;0;0;0;0;0;0;0
388;Jamaica;Share in total final energy consumption (%);Wind;IEA (2024), World Energy Balances;0;0;0;0;0;0;0;0;0;0;0;0;0;0;0.1;0.1;0.1;0.1;0.1;0.2;0.2;0.3;0.4;0.4;0.4;0.4;0.7;1;0.9;0.8;1.2;1;0.8
388;Jamaica;Share in total final energy consumption (%);Solar;IEA (2024), World Energy Balances;0;0;0;0;0;0;0;0;0;0;0;0;0;0;0;0;0;0;0;0;0;0;0;0;0;0;0.1;0.2;0.1;0.3;0.5;0.5;0.4
388;Jamaica;Final consumption of renewable energy (PJ) - Heat raising;Renewables;IEA (2024), World Energy Balances;10.5;10.3;10.1;9.4;9.7;9.2;9.5;9.9;8.3;8.2;7.7;6.5;6.7;6.8;6.1;5.2;5.8;6.3;5.6;5.1;5.7;6.7;6.7;7;7.1;6.9;6.4;5.5;5.3;5.2;4.4;4.4;4.2
388;Jamaica;Final consumption of renewable energy (PJ) - Transport;Renewables;IEA (2024), World Energy Balances;0;0;0;0;0;0;0;0;0;0;0;0;0;0;0;0;0;0;0;0;0;0;1.3;1.4;1.3;1.3;1.4;1.4;1.5;1.6;1.4;1.5;1.6
388;Jamaica;Final consumption of renewable energy (PJ) - Electricity consumption;Renewables;IEA (2024), World Energy Balances;0.4;0.4;0.4;0.3;0.4;0.4;0.4;0.4;0.4;0.4;0.5;0.3;0.4;0.5;0.6;0.7;0.8;0.8;0.6;0.6;0.6;0.7;0.8;0.7;0.8;0.7;1;1.4;1.4;1.4;1.4;1.4;1.4
392;Japan;Total final energy consumption (PJ);Total;IEA (2024), World Energy Balances;10758.2;11009.6;11135.4;11314.4;11645.7;12037.2;12194.2;12186;12042.9;12304.6;12514.8;12416.3;12574.3;12404.9;12546.6;12658.8;12555.9;12469;11783.1;11350.2;11631.2;11461.7;11290.9;11296.2;10985.4;10752.9;10611.5;10700.4;10500.3;10281;9767;9833.4;9701.8
392;Japan;Share in total final energy consumption (%);Renewables;IEA (2024), World Energy Balances;4.4;4.5;4;4.3;3.4;3.7;3.6;3.8;3.8;3.7;3.7;3.5;3.7;4.2;4.3;4;4.4;4.3;4.5;4.5;4.7;4.8;4.7;5.1;5.6;6.2;6.4;6.9;7.3;7.8;8.5;8.8;9.3
392;Japan;Share in total final energy consumption (%);Modern renewables;IEA (2024), World Energy Balances;4.4;4.5;4;4.3;3.4;3.7;3.6;3.8;3.8;3.7;3.7;3.5;3.7;4.2;4.3;4;4.4;4.3;4.5;4.5;4.7;4.8;4.7;5.1;5.6;6.2;6.4;6.9;7.3;7.8;8.5;8.8;9.3
392;Japan;Share in total final energy consumption (%);Municipal waste (renew);IEA (2024), World Energy Balances;0;0;0;0;0;0;0;0;0;0;0;0;0;0;0;0;0;0;0;0;0.1;0.1;0.1;0.1;0.1;0.1;0.1;0.1;0.1;0.1;0.1;0.1;0.1
392;Japan;Share in total final energy consumption (%);Liquid biofuels;IEA (2024), World Energy Balances;0;0;0;0;0;0;0;0;0;0;0;0;0;0;0;0;0;0;0;0;0.1;0.1;0.1;0.1;0.1;0.1;0.2;0.2;0.2;0.2;0.2;0.2;0.2
392;Japan;Share in total final energy consumption (%);Solid biofuels;IEA (2024), World Energy Balances;1.2;1.2;1.1;1;1;1;1;1;1;1;1;1;1.2;1.3;1.4;1.6;1.7;1.9;1.8;1.8;1.7;1.7;1.7;1.8;1.8;1.9;2;2.1;2.2;2.4;2.4;2.7;2.8
392;Japan;Share in total final energy consumption (%);Biogases;IEA (2024), World Energy Balances;0;0;0;0;0;0;0;0;0;0;0;0;0;0;0;0;0;0;0;0;0;0;0;0;0;0;0;0;0;0;0;0;0
392;Japan;Share in total final energy consumption (%);Hydro;IEA (2024), World Energy Balances;2.6;2.8;2.3;2.7;1.8;2.1;2;2.2;2.4;2.2;2.2;2.2;2.1;2.5;2.5;2;2.4;2;2.2;2.3;2.3;2.4;2.2;2.3;2.5;2.6;2.4;2.5;2.5;2.5;2.6;2.6;2.6
392;Japan;Share in total final energy consumption (%);Geothermal;IEA (2024), World Energy Balances;0.1;0.1;0.1;0.1;0.1;0.2;0.2;0.2;0.2;0.2;0.2;0.1;0.1;0.1;0.1;0.1;0.1;0.1;0.1;0.1;0.1;0.1;0.1;0.1;0.1;0.1;0.1;0.1;0.1;0.1;0.2;0.2;0.2
392;Japan;Share in total final energy consumption (%);Tide, wave and ocean;IEA (2024), World Energy Balances;0;0;0;0;0;0;0;0;0;0;0;0;0;0;0;0;0;0;0;0;0;0;0;0;0;0;0;0;0;0;0;0;0
392;Japan;Share in total final energy consumption (%);Wind;IEA (2024), World Energy Balances;0;0;0;0;0;0;0;0;0;0;0;0;0;0;0;0;0.1;0.1;0.1;0.1;0.1;0.1;0.1;0.1;0.2;0.2;0.2;0.2;0.2;0.2;0.3;0.3;0.3
392;Japan;Share in total final energy consumption (%);Solar;IEA (2024), World Energy Balances;0.5;0.5;0.5;0.5;0.5;0.4;0.4;0.4;0.4;0.3;0.3;0.3;0.2;0.2;0.2;0.2;0.2;0.2;0.2;0.2;0.2;0.3;0.3;0.5;0.8;1.1;1.5;1.8;2;2.3;2.7;2.9;3.1
392;Japan;Final consumption of renewable energy (PJ) - Heat raising;Renewables;IEA (2024), World Energy Balances;156;157.6;154.6;148.4;148.3;153;152.7;152.7;137.7;139.3;142.8;124.6;155.2;158.1;171.3;185.1;191.8;213.3;195.3;184.5;194.3;189.5;183;190.9;178.8;176.1;175.6;181.1;184.8;182.1;161.8;171.3;172.7
392;Japan;Final consumption of renewable energy (PJ) - Transport;Renewables;IEA (2024), World Energy Balances;6.9;7.6;6.5;7.5;5.2;6.3;6;6.5;6.7;6.3;6.1;6;5.9;6.9;6.8;6;6.8;5.9;6.2;6.6;14.3;14.4;14.3;16.3;19.4;23.1;25.9;28.4;29.1;29.1;30.7;31.4;31.4
392;Japan;Final consumption of renewable energy (PJ) - Electricity consumption;Renewables;IEA (2024), World Energy Balances;305.7;329.2;286;325.4;237.1;286.4;278.9;307.7;317.8;306.3;315.7;306.2;306.8;356.3;357.8;318.8;359.3;316.7;322.9;322.5;334.9;350.5;332.7;364.3;415.8;464.4;477.3;532.8;550.8;588.7;632.9;664.2;694.5
832;Jersey;Total final energy consumption (PJ);Total;Energy Balances, UN Statistics Division (2024);2.9;2.9;3;3;3.2;3.2;3.5;3.6;3.8;3.9;4;4.3;4.3;4.4;6.3;7.3;7.7;7.4;7.6;7.7;7.5;6.5;6.5;6.6;6.1;6.1;6.1;5.9;6.1;6;5.4;5.7;5.4
832;Jersey;Share in total final energy consumption (%);Renewables;Energy Balances, UN Statistics Division (2024);0;0;0;0;0;0;0;0;0;0;0;0;4.2;11.6;5.4;7.5;7.4;2.8;7.3;4.3;4.4;14.9;6.9;3.9;6.3;15.9;12.4;17.3;17.7;18.2;19.6;18.7;19.3
832;Jersey;Share in total final energy consumption (%);Modern renewables;Energy Balances, UN Statistics Division (2024);0;0;0;0;0;0;0;0;0;0;0;0;4.2;11.6;5.4;7.5;7.4;2.8;7.3;4.3;4.4;14.9;6.9;3.9;6.3;15.9;12.4;17.3;17.7;18.2;19.6;18.7;19.3
832;Jersey;Share in total final energy consumption (%);Municipal waste (renew);Energy Balances, UN Statistics Division (2024);0;0;0;0;0;0;0;0;0;0;0;0;4.2;11.6;5.4;7.5;7.4;2.8;7.3;4.3;4.4;14.9;6.9;3.9;6.3;15.9;12.4;17.3;17.7;18.2;19.6;18.7;19.3
832;Jersey;Share in total final energy consumption (%);Liquid biofuels;Energy Balances, UN Statistics Division (2024);0;0;0;0;0;0;0;0;0;0;0;0;0;0;0;0;0;0;0;0;0;0;0;0;0;0;0;0;0;0;0;0;0
832;Jersey;Share in total final energy consumption (%);Solid biofuels;Energy Balances, UN Statistics Division (2024);0;0;0;0;0;0;0;0;0;0;0;0;0;0;0;0;0;0;0;0;0;0;0;0;0;0;0;0;0;0;0;0;0
832;Jersey;Share in total final energy consumption (%);Biogases;Energy Balances, UN Statistics Division (2024);0;0;0;0;0;0;0;0;0;0;0;0;0;0;0;0;0;0;0;0;0;0;0;0;0;0;0;0;0;0;0;0;0
832;Jersey;Share in total final energy consumption (%);Hydro;Energy Balances, UN Statistics Division (2024);0;0;0;0;0;0;0;0;0;0;0;0;0;0;0;0;0;0;0;0;0;0;0;0;0;0;0;0;0;0;0;0;0
832;Jersey;Share in total final energy consumption (%);Geothermal;Energy Balances, UN Statistics Division (2024);0;0;0;0;0;0;0;0;0;0;0;0;0;0;0;0;0;0;0;0;0;0;0;0;0;0;0;0;0;0;0;0;0
832;Jersey;Share in total final energy consumption (%);Tide, wave and ocean;Energy Balances, UN Statistics Division (2024);0;0;0;0;0;0;0;0;0;0;0;0;0;0;0;0;0;0;0;0;0;0;0;0;0;0;0;0;0;0;0;0;0
832;Jersey;Share in total final energy consumption (%);Wind;Energy Balances, UN Statistics Division (2024);0;0;0;0;0;0;0;0;0;0;0;0;0;0;0;0;0;0;0;0;0;0;0;0;0;0;0;0;0;0;0;0;0
832;Jersey;Share in total final energy consumption (%);Solar;Energy Balances, UN Statistics Division (2024);0;0;0;0;0;0;0;0;0;0;0;0;0;0;0;0;0;0;0;0;0;0;0;0;0;0;0;0;0;0;0;0;0
832;Jersey;Final consumption of renewable energy (PJ) - Heat raising;Renewables;Energy Balances, UN Statistics Division (2024);0;0;0;0;0;0;0;0;0;0;0;0;0;0;0;0;0;0;0;0;0;0;0;0;0;0;0;0;0;0;0;0;0
832;Jersey;Final consumption of renewable energy (PJ) - Transport;Renewables;Energy Balances, UN Statistics Division (2024);0;0;0;0;0;0;0;0;0;0;0;0;0;0;0;0;0;0;0;0;0;0;0;0;0;0;0;0;0;0;0;0;0
832;Jersey;Final consumption of renewable energy (PJ) - Electricity consumption;Renewables;Energy Balances, UN Statistics Division (2024);0;0;0;0;0;0;0;0;0;0;0;0;0.2;0.5;0.3;0.5;0.6;0.2;0.6;0.3;0.3;1;0.4;0.3;0.4;1;0.8;1;1.1;1.1;1.1;1.1;1.1
400;Jordan;Total final energy consumption (PJ);Total;IEA (2024), World Energy Balances;92.3;88.5;101.6;103.4;111.3;117.8;119.9;126.9;128.5;130.9;142.6;141.7;145.7;152.5;171.8;187;188.7;195.6;180.7;192.7;187.6;192.4;213.6;205.3;216.3;229.1;244.2;263.4;259.1;252;229.7;243.4;262.6
400;Jordan;Share in total final energy consumption (%);Renewables;IEA (2024), World Energy Balances;2.8;2.9;2.5;2.5;2.3;2.2;2.2;2.1;2.2;2.2;2.1;2.1;2.1;2;1.8;1.7;2.3;2.3;2.7;2.8;3;3;2.9;3.1;3.1;3.2;4.7;5.3;7.2;8;10.5;11.4;10.8
400;Jordan;Share in total final energy consumption (%);Modern renewables;IEA (2024), World Energy Balances;2.7;2.8;2.5;2.4;2.3;2.1;2.1;2.1;2.1;2.1;2;2.1;2;1.9;1.8;1.6;2.2;2.3;2.7;2.7;2.9;3;2.9;3.1;3.1;3.2;4.2;4.7;6.3;7.2;9.6;10.5;10
400;Jordan;Share in total final energy consumption (%);Municipal waste (renew);IEA (2024), World Energy Balances;0;0;0;0;0;0;0;0;0;0;0;0;0;0;0;0;0;0;0;0;0;0;0;0;0;0;0;0;0;0;0;0;0
400;Jordan;Share in total final energy consumption (%);Liquid biofuels;IEA (2024), World Energy Balances;0;0;0;0;0;0;0;0;0;0;0;0;0;0;0;0;0;0;0;0;0;0;0;0;0;0;0;0;0;0;0;0;0
400;Jordan;Share in total final energy consumption (%);Solid biofuels;IEA (2024), World Energy Balances;0.1;0.1;0.1;0.1;0.1;0.1;0.1;0.1;0.1;0.1;0.1;0.1;0.1;0.1;0.1;0.1;0.1;0.1;0.1;0.1;0.1;0.1;0.1;0.1;0.1;0;0.8;1;1.2;1.2;1.3;1.3;1.1
400;Jordan;Share in total final energy consumption (%);Biogases;IEA (2024), World Energy Balances;0;0;0;0;0;0;0;0;0;0;0;0;0;0;0;0;0;0;0;0;0;0;0;0;0;0;0;0;0;0;0;0;0
400;Jordan;Share in total final energy consumption (%);Hydro;IEA (2024), World Energy Balances;0;0;0;0.1;0;0;0.1;0;0;0;0.1;0.1;0.1;0.1;0.1;0.1;0.1;0.1;0.1;0.1;0.1;0.1;0.1;0.1;0.1;0.1;0.1;0;0;0;0;0;0
400;Jordan;Share in total final energy consumption (%);Geothermal;IEA (2024), World Energy Balances;0;0;0;0;0;0;0;0;0;0;0;0;0;0;0;0;0;0;0;0;0;0;0;0;0;0;0;0;0;0;0;0;0
400;Jordan;Share in total final energy consumption (%);Tide, wave and ocean;IEA (2024), World Energy Balances;0;0;0;0;0;0;0;0;0;0;0;0;0;0;0;0;0;0;0;0;0;0;0;0;0;0;0;0;0;0;0;0;0
400;Jordan;Share in total final energy consumption (%);Wind;IEA (2024), World Energy Balances;0;0;0;0;0;0;0;0;0;0;0;0;0;0;0;0;0;0;0;0;0;0;0;0;0;0.2;0.5;0.5;0.8;1.1;2;2.2;2.1
400;Jordan;Share in total final energy consumption (%);Solar;IEA (2024), World Energy Balances;2.6;2.7;2.4;2.3;2.2;2.1;2;2;2.1;2;1.9;1.9;1.9;1.8;1.6;1.5;2.1;2.1;2.5;2.6;2.8;2.8;2.7;3;2.9;2.9;3.3;3.7;5.2;5.7;7.2;7.9;7.5
400;Jordan;Final consumption of renewable energy (PJ) - Heat raising;Renewables;IEA (2024), World Energy Balances;2.5;2.5;2.5;2.5;2.5;2.5;2.5;2.6;2.8;2.8;2.8;2.9;2.9;2.9;2.9;2.9;4.1;4.3;4.7;5.1;5.3;5.6;6;6.2;6.5;6.8;8.8;9.6;12;10.5;11;11.5;11.6
400;Jordan;Final consumption of renewable energy (PJ) - Transport;Renewables;IEA (2024), World Energy Balances;0;0;0;0;0;0;0;0;0;0;0;0;0;0;0;0;0;0;0;0;0;0;0;0;0;0;0;0;0;0;0;0;0
400;Jordan;Final consumption of renewable energy (PJ) - Electricity consumption;Renewables;IEA (2024), World Energy Balances;0;0;0;0.1;0;0.1;0.1;0.1;0.1;0;0.1;0.2;0.2;0.2;0.2;0.2;0.2;0.2;0.2;0.2;0.2;0.2;0.2;0.2;0.2;0.5;2.6;4.2;6.7;9.7;13.1;16.4;16.8
398;Kazakhstan;Total final energy consumption (PJ);Total;IEA (2024), World Energy Balances;2422.5;2546.6;2649.1;2204;1738;1683.3;1441.3;1232.7;1258.5;1121.4;864.6;859.8;815.1;941.2;1039.1;1232.7;1237.3;1514.5;1641.4;1391.1;1522.3;1750.2;1661.5;1696.9;1662.7;1560.6;1604.4;1637;1705.9;1595.7;1664.4;1755.3;1715.2
398;Kazakhstan;Share in total final energy consumption (%);Renewables;IEA (2024), World Energy Balances;1.4;1.3;1.2;1.3;1.8;1.6;1.6;1.7;1.5;1.8;2.5;2.4;2.8;2.3;1.9;2.1;2.1;1.8;1.2;1.4;1.5;1.4;1.4;1.2;1.3;1.7;2;2;1.9;1.8;1.8;2;2.2
398;Kazakhstan;Share in total final energy consumption (%);Modern renewables;IEA (2024), World Energy Balances;1.4;1.3;1.2;1.3;1.8;1.6;1.6;1.7;1.5;1.8;2.5;2.4;2.8;2.3;1.9;2.1;2.1;1.8;1.2;1.4;1.5;1.4;1.4;1.2;1.3;1.7;2;2;1.9;1.8;1.8;2;2.2
398;Kazakhstan;Share in total final energy consumption (%);Municipal waste (renew);IEA (2024), World Energy Balances;0;0;0;0;0;0;0;0;0;0;0;0;0;0;0;0;0;0;0;0;0;0;0;0;0;0;0;0;0;0;0;0;0
398;Kazakhstan;Share in total final energy consumption (%);Liquid biofuels;IEA (2024), World Energy Balances;0;0;0;0;0;0;0;0;0;0;0;0;0;0;0;0;0;0;0;0;0;0;0;0;0;0;0;0;0;0;0;0;0
398;Kazakhstan;Share in total final energy consumption (%);Solid biofuels;IEA (2024), World Energy Balances;0.2;0.2;0.2;0.1;0.2;0.2;0.2;0.3;0.2;0.3;0.4;0.1;0.1;0.1;0.1;0;0.1;0.1;0.2;0.2;0.1;0.2;0.1;0.2;0;0.1;0.1;0.1;0.1;0.1;0.1;0.1;0.1
398;Kazakhstan;Share in total final energy consumption (%);Biogases;IEA (2024), World Energy Balances;0;0;0;0;0;0;0;0;0;0;0;0;0;0;0;0;0;0;0;0;0;0;0;0;0;0;0;0;0;0;0;0;0
398;Kazakhstan;Share in total final energy consumption (%);Hydro;IEA (2024), World Energy Balances;1.2;1.1;1;1.2;1.6;1.4;1.4;1.4;1.3;1.5;2.1;2.3;2.7;2.2;1.8;2.1;2.1;1.8;1.1;1.2;1.3;1.2;1.2;1;1.3;1.6;1.9;1.8;1.6;1.5;1.3;1.4;1.5
398;Kazakhstan;Share in total final energy consumption (%);Geothermal;IEA (2024), World Energy Balances;0;0;0;0;0;0;0;0;0;0;0;0;0;0;0;0;0;0;0;0;0;0;0;0;0;0;0;0;0;0;0;0;0
398;Kazakhstan;Share in total final energy consumption (%);Tide, wave and ocean;IEA (2024), World Energy Balances;0;0;0;0;0;0;0;0;0;0;0;0;0;0;0;0;0;0;0;0;0;0;0;0;0;0;0;0;0;0;0;0;0
398;Kazakhstan;Share in total final energy consumption (%);Wind;IEA (2024), World Energy Balances;0;0;0;0;0;0;0;0;0;0;0;0;0;0;0;0;0;0;0;0;0;0;0;0;0;0;0;0.1;0.1;0.1;0.1;0.3;0.4
398;Kazakhstan;Share in total final energy consumption (%);Solar;IEA (2024), World Energy Balances;0;0;0;0;0;0;0;0;0;0;0;0;0;0;0;0;0;0;0;0;0;0;0;0;0;0;0;0;0.1;0.1;0.2;0.3;0.3
398;Kazakhstan;Final consumption of renewable energy (PJ) - Heat raising;Renewables;IEA (2024), World Energy Balances;4.8;4.8;4.8;3.3;3.2;3.3;3.1;3.1;3.1;3.1;3.1;0.8;1;1.1;0.9;0.5;0.9;1.1;2.9;2.8;2.1;3.3;2.5;2.8;0.8;1.3;1.3;1.7;1.8;1.5;1.9;1.4;1.5
398;Kazakhstan;Final consumption of renewable energy (PJ) - Transport;Renewables;IEA (2024), World Energy Balances;2;1.9;1.8;1.8;2.2;1.7;1.5;1.4;1.5;1.5;0.8;0.9;0.9;0.9;0.8;1.4;1.5;1.7;1.1;0.9;1.1;1.3;1;0.8;0.8;1;1;1.2;1.2;1.4;1.2;1.5;1.5
398;Kazakhstan;Final consumption of renewable energy (PJ) - Electricity consumption;Renewables;IEA (2024), World Energy Balances;27.3;26.1;24.5;24.5;26.5;21.5;18.9;16.1;14.8;15.4;17.8;19.1;20.7;19.5;17.9;23.9;23.9;25;16.2;15.5;19;19.9;19.2;17;20.5;24.3;29.8;29.9;29;26.6;26.6;32.7;34.8
404;Kenya;Total final energy consumption (PJ);Total;IEA (2024), World Energy Balances;297.5;301.7;307.8;313.6;320.8;334.3;347.1;349.9;359;365.7;374.5;381.2;391.3;387.1;404.4;419.7;437.8;448.5;458.5;481.4;507.7;515.1;518.6;542;569;606.4;628.5;636.9;655.5;666.4;664.1;689.2;695.7
404;Kenya;Share in total final energy consumption (%);Renewables;IEA (2024), World Energy Balances;76.7;77.9;78.5;79.2;79.4;78.2;77.3;78.1;77.9;77.6;76.8;78.4;78.9;81.7;80.5;79.4;78;78.5;78.5;76.1;74.6;75.2;76.7;75.3;73.1;70.4;69.3;69.1;68.8;68.1;69.1;67.6;68
404;Kenya;Share in total final energy consumption (%);Modern renewables;IEA (2024), World Energy Balances;4.6;4.8;4.8;4.9;4.9;4.9;5;4.7;4.6;3.9;2.9;3.8;4.3;4.4;4.4;4.2;4;4.4;4.1;3.4;4;4.1;4.5;4.9;4.7;5.2;5.3;4.8;5.4;5.6;6;6;6.3
404;Kenya;Share in total final energy consumption (%);Municipal waste (renew);IEA (2024), World Energy Balances;0;0;0;0;0;0;0;0;0;0;0;0;0;0;0;0;0;0;0;0;0;0;0;0;0;0;0;0;0;0;0;0;0
404;Kenya;Share in total final energy consumption (%);Liquid biofuels;IEA (2024), World Energy Balances;0;0;0;0;0;0;0;0;0;0;0;0;0;0;0;0;0;0;0;0;0;0;0;0;0;0;0;0;0;0;0;0;0.1
404;Kenya;Share in total final energy consumption (%);Solid biofuels;IEA (2024), World Energy Balances;73.6;74.7;75.2;75.8;75.9;74.7;73.7;74.9;74.7;75.2;75.3;76;76;78.8;77.5;76.6;75.3;75.6;75.8;73.9;72.1;72.6;73.5;71.9;69.8;66.5;65.4;65.5;64.6;63.9;64.7;63.1;63.4
404;Kenya;Share in total final energy consumption (%);Biogases;IEA (2024), World Energy Balances;0;0;0;0;0;0;0;0;0;0;0;0;0;0;0;0;0;0;0;0;0;0;0;0;0;0;0;0;0;0;0;0;0
404;Kenya;Share in total final energy consumption (%);Hydro;IEA (2024), World Energy Balances;2.7;2.9;3;3.1;3.2;3.1;3.2;2.9;2.9;2.1;1.2;2;2.6;2.6;2.3;2.1;2;2.3;2.1;1.3;1.9;1.8;2.3;2.4;1.8;1.7;1.8;1.3;1.7;1.3;1.8;1.5;1.2
404;Kenya;Share in total final energy consumption (%);Geothermal;IEA (2024), World Energy Balances;0.4;0.3;0.3;0.3;0.3;0.4;0.4;0.3;0.3;0.3;0.4;0.4;0.3;0.4;0.7;0.7;0.7;0.6;0.7;0.8;0.6;0.8;0.9;1;1.5;2.2;2.1;2.2;2.2;2.2;2.1;2.1;2.3
404;Kenya;Share in total final energy consumption (%);Tide, wave and ocean;IEA (2024), World Energy Balances;0;0;0;0;0;0;0;0;0;0;0;0;0;0;0;0;0;0;0;0;0;0;0;0;0;0;0;0;0;0;0;0;0
404;Kenya;Share in total final energy consumption (%);Wind;IEA (2024), World Energy Balances;0;0;0;0;0;0;0;0;0;0;0;0;0;0;0;0;0;0;0;0;0;0;0;0;0;0;0;0;0.2;0.7;0.6;0.8;0.9
404;Kenya;Share in total final energy consumption (%);Solar;IEA (2024), World Energy Balances;0;0;0;0;0;0;0;0;0;0;0;0;0;0;0;0;0;0;0;0;0;0;0;0;0;0;0;0;0;0;0;0.1;0.2
404;Kenya;Final consumption of renewable energy (PJ) - Heat raising;Renewables;IEA (2024), World Energy Balances;218.3;224.7;230.8;236.9;243.1;249.3;255.5;261.5;267.7;274.4;281.5;289.2;296.9;304.8;312.9;321.1;329.1;338.5;346.9;355.2;365.1;372.9;380.5;389;396.3;402.3;410.4;416.7;423.2;425.4;428.9;434.4;440.8
404;Kenya;Final consumption of renewable energy (PJ) - Transport;Renewables;IEA (2024), World Energy Balances;0;0;0;0;0;0;0;0;0;0;0;0;0;0;0;0;0;0;0;0;0;0;0;0;0;0;0;0;0;0;0;0;0
404;Kenya;Final consumption of renewable energy (PJ) - Electricity consumption;Renewables;IEA (2024), World Energy Balances;9.7;10.4;10.8;11.4;11.6;12.1;12.7;11.9;11.9;9.4;6.2;9.6;11.8;11.7;12.5;12.2;12.3;13.7;13.3;11.1;13.6;14.7;17.1;19.2;19.6;24.7;25.4;23.2;27.5;28.7;30.3;31.7;32.5
296;Kiribati;Total final energy consumption (PJ);Total;Energy Balances, UN Statistics Division (2024);0.7;0.7;0.7;0.8;0.8;0.8;0.9;0.8;0.8;0.8;0.9;0.9;0.9;1;1;1;1;1.1;1;1;1.1;1.1;1.1;1.2;1.2;1.2;1.2;1.4;1.4;1.4;1.4;1.4;1.4
296;Kiribati;Share in total final energy consumption (%);Renewables;Energy Balances, UN Statistics Division (2024);64;63.6;63.2;59.3;59.9;59.1;55.3;57.5;59.1;59.8;54.7;56.4;53.1;50.5;50.6;48.5;48.1;48.4;49.7;50.4;50.1;50.5;48.7;46.2;48;47.5;48.1;42.5;42.3;42.2;42.2;42.2;41.9
296;Kiribati;Share in total final energy consumption (%);Modern renewables;Energy Balances, UN Statistics Division (2024);0;0;0;0;0;0;0;0;0;0;0;0;0;0;0.1;0.1;0.1;0.1;0.1;0.1;0.2;0.2;0.2;0.2;0.3;0.9;1.2;1;1.1;1.1;1.2;1.1;1.1
296;Kiribati;Share in total final energy consumption (%);Municipal waste (renew);Energy Balances, UN Statistics Division (2024);0;0;0;0;0;0;0;0;0;0;0;0;0;0;0;0;0;0;0;0;0;0;0;0;0;0;0;0;0;0;0;0;0
296;Kiribati;Share in total final energy consumption (%);Liquid biofuels;Energy Balances, UN Statistics Division (2024);0;0;0;0;0;0;0;0;0;0;0;0;0;0;0;0;0;0;0;0;0;0;0;0;0;0;0;0;0;0;0;0;0
296;Kiribati;Share in total final energy consumption (%);Solid biofuels;Energy Balances, UN Statistics Division (2024);64;63.6;63.2;59.3;59.9;59.1;55.3;57.5;59.1;59.8;54.7;56.3;53;50.5;50.4;48.4;48;48.3;49.6;50.3;49.9;50.3;48.5;46;47.7;46.5;46.9;41.5;41.2;41.1;41.1;41.1;40.7
296;Kiribati;Share in total final energy consumption (%);Biogases;Energy Balances, UN Statistics Division (2024);0;0;0;0;0;0;0;0;0;0;0;0;0;0;0;0;0;0;0;0;0;0;0;0;0;0;0;0;0;0;0;0;0
296;Kiribati;Share in total final energy consumption (%);Hydro;Energy Balances, UN Statistics Division (2024);0;0;0;0;0;0;0;0;0;0;0;0;0;0;0;0;0;0;0;0;0;0;0;0;0;0;0;0;0;0;0;0;0
296;Kiribati;Share in total final energy consumption (%);Geothermal;Energy Balances, UN Statistics Division (2024);0;0;0;0;0;0;0;0;0;0;0;0;0;0;0;0;0;0;0;0;0;0;0;0;0;0;0;0;0;0;0;0;0
296;Kiribati;Share in total final energy consumption (%);Tide, wave and ocean;Energy Balances, UN Statistics Division (2024);0;0;0;0;0;0;0;0;0;0;0;0;0;0;0;0;0;0;0;0;0;0;0;0;0;0;0;0;0;0;0;0;0
296;Kiribati;Share in total final energy consumption (%);Wind;Energy Balances, UN Statistics Division (2024);0;0;0;0;0;0;0;0;0;0;0;0;0;0;0;0;0;0;0;0;0;0;0;0;0;0;0;0;0;0;0;0;0
296;Kiribati;Share in total final energy consumption (%);Solar;Energy Balances, UN Statistics Division (2024);0;0;0;0;0;0;0;0;0;0;0;0;0;0;0.1;0.1;0.1;0.1;0.1;0.1;0.2;0.2;0.2;0.2;0.3;0.9;1.2;1;1.1;1.1;1.2;1.1;1.1
296;Kiribati;Final consumption of renewable energy (PJ) - Heat raising;Renewables;Energy Balances, UN Statistics Division (2024);0.4;0.4;0.5;0.5;0.5;0.5;0.5;0.5;0.5;0.5;0.5;0.5;0.5;0.5;0.5;0.5;0.5;0.5;0.5;0.5;0.5;0.5;0.5;0.6;0.6;0.6;0.6;0.6;0.6;0.6;0.6;0.6;0.6
296;Kiribati;Final consumption of renewable energy (PJ) - Transport;Renewables;Energy Balances, UN Statistics Division (2024);0;0;0;0;0;0;0;0;0;0;0;0;0;0;0;0;0;0;0;0;0;0;0;0;0;0;0;0;0;0;0;0;0
296;Kiribati;Final consumption of renewable energy (PJ) - Electricity consumption;Renewables;Energy Balances, UN Statistics Division (2024);0;0;0;0;0;0;0;0;0;0;0;0;0;0;0;0;0;0;0;0;0;0;0;0;0;0;0;0;0;0;0;0;0
412;Kosovo;Total final energy consumption (PJ);Total;IEA (2024), World Energy Balances;NaN;NaN;NaN;NaN;NaN;NaN;NaN;NaN;NaN;NaN;31.9;38.1;38;38.7;38.8;40.8;42.2;44;48.6;48.8;49.7;52.9;50.9;51.4;51.5;56.1;60;63.4;61.6;63.4;63.8;69.4;62.2
412;Kosovo;Share in total final energy consumption (%);Renewables;IEA (2024), World Energy Balances;NaN;NaN;NaN;NaN;NaN;NaN;NaN;NaN;NaN;NaN;28.3;23.9;24.1;23.8;24.1;22.9;22.1;21.2;20.6;20.9;20.8;19.7;20.9;20.9;21.4;20.4;26.5;25.3;27;26.1;25.9;24.1;20.6
412;Kosovo;Share in total final energy consumption (%);Modern renewables;IEA (2024), World Energy Balances;NaN;NaN;NaN;NaN;NaN;NaN;NaN;NaN;NaN;NaN;28.3;23.9;24.1;23.8;24.1;22.9;22.1;21.2;20.6;20.9;20.8;19.7;20.9;20.9;21.4;20.4;26.5;25.3;27;26.1;25.9;24.1;20.6
412;Kosovo;Share in total final energy consumption (%);Municipal waste (renew);IEA (2024), World Energy Balances;NaN;NaN;NaN;NaN;NaN;NaN;NaN;NaN;NaN;NaN;0;0;0;0;0;0;0;0;0;0;0;0;0;0;0;0;0;0;0;0;0;0;0
412;Kosovo;Share in total final energy consumption (%);Liquid biofuels;IEA (2024), World Energy Balances;NaN;NaN;NaN;NaN;NaN;NaN;NaN;NaN;NaN;NaN;0;0;0;0;0;0;0;0;0;0;0;0;0;0;0;0;0;0;0;0;0;0;0
412;Kosovo;Share in total final energy consumption (%);Solid biofuels;IEA (2024), World Energy Balances;NaN;NaN;NaN;NaN;NaN;NaN;NaN;NaN;NaN;NaN;27.8;23.5;23.7;23.4;23.3;22.2;21.5;20.6;20.1;20.1;19.9;19.2;20.4;20.2;20.4;19.7;25.5;24.5;25.6;24.7;24.4;22.2;17.6
412;Kosovo;Share in total final energy consumption (%);Biogases;IEA (2024), World Energy Balances;NaN;NaN;NaN;NaN;NaN;NaN;NaN;NaN;NaN;NaN;0;0;0;0;0;0;0;0;0;0;0;0;0;0;0;0;0;0;0;0;0;0;0
412;Kosovo;Share in total final energy consumption (%);Hydro;IEA (2024), World Energy Balances;NaN;NaN;NaN;NaN;NaN;NaN;NaN;NaN;NaN;NaN;0.5;0.4;0.4;0.4;0.8;0.7;0.6;0.6;0.4;0.7;0.9;0.6;0.5;0.7;0.9;0.7;1;0.7;1.2;0.9;1.1;1.3;1.2
412;Kosovo;Share in total final energy consumption (%);Geothermal;IEA (2024), World Energy Balances;NaN;NaN;NaN;NaN;NaN;NaN;NaN;NaN;NaN;NaN;0;0;0;0;0;0;0;0;0;0;0;0;0;0;0;0;0;0;0;0;0;0;0
412;Kosovo;Share in total final energy consumption (%);Tide, wave and ocean;IEA (2024), World Energy Balances;NaN;NaN;NaN;NaN;NaN;NaN;NaN;NaN;NaN;NaN;0;0;0;0;0;0;0;0;0;0;0;0;0;0;0;0;0;0;0;0;0;0;0
412;Kosovo;Share in total final energy consumption (%);Wind;IEA (2024), World Energy Balances;NaN;NaN;NaN;NaN;NaN;NaN;NaN;NaN;NaN;NaN;0;0;0;0;0;0;0;0;0;0;0;0;0;0;0;0;0;0;0.1;0.4;0.4;0.6;1.7
412;Kosovo;Share in total final energy consumption (%);Solar;IEA (2024), World Energy Balances;NaN;NaN;NaN;NaN;NaN;NaN;NaN;NaN;NaN;NaN;0;0;0;0;0;0;0;0;0;0;0;0;0;0;0;0;0;0;0;0.1;0.1;0.1;0.1
412;Kosovo;Final consumption of renewable energy (PJ) - Heat raising;Renewables;IEA (2024), World Energy Balances;NaN;NaN;NaN;NaN;NaN;NaN;NaN;NaN;NaN;NaN;8.9;9;9;9.1;9.1;9.1;9.1;9.1;9.8;9.8;9.9;10.1;10.4;10.4;10.5;11;15.3;15.6;15.8;15.7;15.6;15.4;11
412;Kosovo;Final consumption of renewable energy (PJ) - Transport;Renewables;IEA (2024), World Energy Balances;NaN;NaN;NaN;NaN;NaN;NaN;NaN;NaN;NaN;NaN;0;0;0;0;0;0;0;0;0;0;0;0;0;0;0;0;0;0;0;0;0;0;0
412;Kosovo;Final consumption of renewable energy (PJ) - Electricity consumption;Renewables;IEA (2024), World Energy Balances;NaN;NaN;NaN;NaN;NaN;NaN;NaN;NaN;NaN;NaN;0.1;0.1;0.1;0.1;0.3;0.3;0.3;0.3;0.2;0.3;0.4;0.3;0.3;0.4;0.5;0.4;0.6;0.5;0.8;0.8;1;1.3;1.9
414;Kuwait;Total final energy consumption (PJ);Total;IEA (2024), World Energy Balances;149.1;69.6;202.1;248.4;238.4;239.5;221.6;220.7;269.6;257;297;294.7;296.6;333.6;338.8;420.8;421.4;372.2;421.6;449.4;492.3;539.2;537.5;550.7;550;587.8;611.9;653.1;673;677.1;631.4;697.4;740.7
414;Kuwait;Share in total final energy consumption (%);Renewables;IEA (2024), World Energy Balances;0.2;0.4;0.2;0.1;0;0.1;0.1;0;0;0;0;0;0;0;0;0;0;0;0;0;0;0;0;0;0;0;0;0;0;0.1;0.1;0.1;0.1
414;Kuwait;Share in total final energy consumption (%);Modern renewables;IEA (2024), World Energy Balances;0;0;0;0;0;0;0;0;0;0;0;0;0;0;0;0;0;0;0;0;0;0;0;0;0;0;0;0;0;0.1;0.1;0.1;0.1
414;Kuwait;Share in total final energy consumption (%);Municipal waste (renew);IEA (2024), World Energy Balances;0;0;0;0;0;0;0;0;0;0;0;0;0;0;0;0;0;0;0;0;0;0;0;0;0;0;0;0;0;0;0;0;0
414;Kuwait;Share in total final energy consumption (%);Liquid biofuels;IEA (2024), World Energy Balances;0;0;0;0;0;0;0;0;0;0;0;0;0;0;0;0;0;0;0;0;0;0;0;0;0;0;0;0;0;0;0;0;0
414;Kuwait;Share in total final energy consumption (%);Solid biofuels;IEA (2024), World Energy Balances;0.2;0.4;0.2;0.1;0;0.1;0.1;0;0;0;0;0;0;0;0;0;0;0;0;0;0;0;0;0;0;0;0;0;0;0;0;0;0
414;Kuwait;Share in total final energy consumption (%);Biogases;IEA (2024), World Energy Balances;0;0;0;0;0;0;0;0;0;0;0;0;0;0;0;0;0;0;0;0;0;0;0;0;0;0;0;0;0;0;0;0;0
414;Kuwait;Share in total final energy consumption (%);Hydro;IEA (2024), World Energy Balances;0;0;0;0;0;0;0;0;0;0;0;0;0;0;0;0;0;0;0;0;0;0;0;0;0;0;0;0;0;0;0;0;0
414;Kuwait;Share in total final energy consumption (%);Geothermal;IEA (2024), World Energy Balances;0;0;0;0;0;0;0;0;0;0;0;0;0;0;0;0;0;0;0;0;0;0;0;0;0;0;0;0;0;0;0;0;0
414;Kuwait;Share in total final energy consumption (%);Tide, wave and ocean;IEA (2024), World Energy Balances;0;0;0;0;0;0;0;0;0;0;0;0;0;0;0;0;0;0;0;0;0;0;0;0;0;0;0;0;0;0;0;0;0
414;Kuwait;Share in total final energy consumption (%);Wind;IEA (2024), World Energy Balances;0;0;0;0;0;0;0;0;0;0;0;0;0;0;0;0;0;0;0;0;0;0;0;0;0;0;0;0;0;0;0;0;0
414;Kuwait;Share in total final energy consumption (%);Solar;IEA (2024), World Energy Balances;0;0;0;0;0;0;0;0;0;0;0;0;0;0;0;0;0;0;0;0;0;0;0;0;0;0;0;0;0;0;0.1;0.1;NaN
414;Kuwait;Final consumption of renewable energy (PJ) - Heat raising;Renewables;IEA (2024), World Energy Balances;0.2;0.2;0.3;0.2;0.1;0.3;0.2;0;0;0;0;0;0;0;0;0;0;0;0;0;0;0;0;0;0;0;0;0;0;0;0;0;0
414;Kuwait;Final consumption of renewable energy (PJ) - Transport;Renewables;IEA (2024), World Energy Balances;0;0;0;0;0;0;0;0;0;0;0;0;0;0;0;0;0;0;0;0;0;0;0;0;0;0;0;0;0;0;0;0;0
414;Kuwait;Final consumption of renewable energy (PJ) - Electricity consumption;Renewables;IEA (2024), World Energy Balances;0;0;0;0;0;0;0;0;0;0;0;0;0;0;0;0;0;0;0;0;0;0;0;0.1;0.1;0.1;0.1;0.1;0.2;0.3;0.6;0.5;0.4
417;Kyrgyzstan;Total final energy consumption (PJ);Total;IEA (2024), World Energy Balances;289.1;259.3;188.2;146.5;102.4;74.1;83.8;79.3;89.9;76.3;71.1;59.6;72.6;82;78.4;75.5;77;93.5;100;92.6;92;113.4;144.5;139.8;136.1;138.6;143.3;147;168.8;144.3;132.7;144.2;144.6
417;Kyrgyzstan;Share in total final energy consumption (%);Renewables;IEA (2024), World Energy Balances;7.9;9;13;16.2;26.5;35;29.5;28.7;25.1;34.5;35.2;36;28.3;30.5;27.7;28;27.8;24.5;22;24.7;25.6;25.9;22.5;24.8;26.6;23.5;22.2;24.7;23.4;28.3;30;27.6;28.1
417;Kyrgyzstan;Share in total final energy consumption (%);Modern renewables;IEA (2024), World Energy Balances;7.9;9;13;16.2;26.5;35;29.5;28.7;25.1;34.5;35.2;36;28.3;30.5;27.7;28;27.8;24.5;22;24.7;25.6;25.9;22.5;24.8;26.6;23.5;22.2;24.7;23.4;28.3;30;27.6;28.1
417;Kyrgyzstan;Share in total final energy consumption (%);Municipal waste (renew);IEA (2024), World Energy Balances;0;0;0;0;0;0;0;0;0;0;0;0;0;0;0;0;0;0;0;0;0;0;0;0;0;0;0;0;0;0;0;0;0
417;Kyrgyzstan;Share in total final energy consumption (%);Liquid biofuels;IEA (2024), World Energy Balances;0;0;0;0;0;0;0;0;0;0;0;0;0;0;0;0;0;0;0;0;0;0;0;0;0;0;0;0;0;0;0;0;0
417;Kyrgyzstan;Share in total final energy consumption (%);Solid biofuels;IEA (2024), World Energy Balances;0.1;0.1;0.1;0.1;0.2;0.2;0.2;0.2;0.2;0.2;0.2;0.3;0.2;0.2;0.2;0.2;0.2;0.2;0.2;0.2;0.2;0.1;0.1;0.1;0.1;0.1;0;0;0.1;0.1;0;0;0
417;Kyrgyzstan;Share in total final energy consumption (%);Biogases;IEA (2024), World Energy Balances;0;0;0;0;0;0;0;0;0;0;0;0;0;0;0;0;0;0;0;0;0;0;0;0;0;0;0;0;0;0;0;0;0
417;Kyrgyzstan;Share in total final energy consumption (%);Hydro;IEA (2024), World Energy Balances;7.9;8.9;12.9;16.1;26.3;34.8;29.3;28.6;24.9;34.3;35;35.7;28.1;30.3;27.5;27.8;27.6;24.3;21.9;24.6;25.4;25.8;22.3;24.7;26.5;23.4;22.1;24.7;23.3;28.3;30;27.6;28.1
417;Kyrgyzstan;Share in total final energy consumption (%);Geothermal;IEA (2024), World Energy Balances;0;0;0;0;0;0;0;0;0;0;0;0;0;0;0;0;0;0;0;0;0;0;0;0;0;0;0;0;0;0;0;0;0
417;Kyrgyzstan;Share in total final energy consumption (%);Tide, wave and ocean;IEA (2024), World Energy Balances;0;0;0;0;0;0;0;0;0;0;0;0;0;0;0;0;0;0;0;0;0;0;0;0;0;0;0;0;0;0;0;0;0
417;Kyrgyzstan;Share in total final energy consumption (%);Wind;IEA (2024), World Energy Balances;0;0;0;0;0;0;0;0;0;0;0;0;0;0;0;0;0;0;0;0;0;0;0;0;0;0;0;0;0;0;0;0;0
417;Kyrgyzstan;Share in total final energy consumption (%);Solar;IEA (2024), World Energy Balances;0;0;0;0;0;0;0;0;0;0;0;0;0;0;0;0;0;0;0;0;0;0;0;0;0;0;0;0;0;0;0;0;0
417;Kyrgyzstan;Final consumption of renewable energy (PJ) - Heat raising;Renewables;IEA (2024), World Energy Balances;0.2;0.2;0.2;0.1;0.2;0.2;0.2;0.2;0.2;0.2;0.2;0.2;0.2;0.2;0.2;0.2;0.2;0.2;0.2;0.2;0.2;0.2;0.2;0.1;0.1;0.1;0;0.1;0.1;0.1;0.1;0;0.1
417;Kyrgyzstan;Final consumption of renewable energy (PJ) - Transport;Renewables;IEA (2024), World Energy Balances;0.3;0.3;0.2;0.4;0.4;0.4;0.4;0.3;0.3;0.3;0.4;0.4;0.4;0.4;0.4;0;0;0;0;0;0;0;0;0.1;0.8;0.5;0.1;0.2;0.1;0.1;0.1;0.1;0.1
417;Kyrgyzstan;Final consumption of renewable energy (PJ) - Electricity consumption;Renewables;IEA (2024), World Energy Balances;22.4;22.9;24.1;23.2;26.6;25.4;24.2;22.3;22;25.9;24.5;20.9;20;24.5;21.1;21;21.2;22.7;21.9;22.7;23.4;29.3;32.3;34.4;35.3;31.9;31.6;36.1;39.2;40.7;39.8;39.7;40.6
418;Lao People's Democratic Republic;Total final energy consumption (PJ);Total;Energy Balances, UN Statistics Division (2024);42.2;42.9;44;44.7;45.7;47.2;48.7;50;49.6;50.6;50.9;52.6;54.7;57.4;63;64.9;72.3;77.8;86.7;91.7;94.4;95.2;97.3;106.3;110.7;122.3;123.7;123.9;125.5;120.6;123.6;130.7;142.2
418;Lao People's Democratic Republic;Share in total final energy consumption (%);Renewables;Energy Balances, UN Statistics Division (2024);83.9;83.4;82.1;81.9;81.7;81.1;80.5;80.3;83;83.3;81.5;81.1;80.2;78.7;74;73.9;69.8;70.7;69.3;66.5;64.9;63.6;62.4;58.6;58.3;53.3;51.7;50.6;50.2;54.4;56.5;57.1;56.7
418;Lao People's Democratic Republic;Share in total final energy consumption (%);Modern renewables;Energy Balances, UN Statistics Division (2024);1.3;1.8;2;2;2.1;2.5;2.7;3;3.4;3.7;20.6;20.7;20.7;20.7;19.8;20.1;20.4;21;21.2;22;22.7;22.9;23.5;24.1;24.8;22.7;22;21.2;21.5;25;27.9;30.3;32.4
418;Lao People's Democratic Republic;Share in total final energy consumption (%);Municipal waste (renew);Energy Balances, UN Statistics Division (2024);0;0;0;0;0;0;0;0;0;0;0;0;0;0;0;0;0;0;0;0;0;0;0;0;0;0;0;0;0;0;0;0;0
418;Lao People's Democratic Republic;Share in total final energy consumption (%);Liquid biofuels;Energy Balances, UN Statistics Division (2024);0;0;0;0;0;0;0;0;0;0;0;0;0;0;0;0;0;0;0;0;0;0;0;0;0;0;0;0;0;0;0;0;0
418;Lao People's Democratic Republic;Share in total final energy consumption (%);Solid biofuels;Energy Balances, UN Statistics Division (2024);82.6;81.7;80.2;79.9;79.5;78.6;77.7;77.2;79.5;79.6;77.4;76.7;75.6;73.7;68.8;68.3;62.8;63.2;61.3;57.6;55.5;54;51;47.1;45.9;42.6;42;41.6;40.5;42.4;40.9;38.6;35.4
418;Lao People's Democratic Republic;Share in total final energy consumption (%);Biogases;Energy Balances, UN Statistics Division (2024);0;0;0;0;0;0;0;0;0;0;0;0;0;0;0;0;0;0;0;0;0;0;0;0;0;0;0;0;0;0;0;0;0
418;Lao People's Democratic Republic;Share in total final energy consumption (%);Hydro;Energy Balances, UN Statistics Division (2024);1.3;1.8;2;2;2.1;2.5;2.7;3;3.4;3.7;4.1;4.4;4.6;5;5.2;5.6;7;7.5;8;8.9;9.3;9.7;11.4;11.4;12.3;10.6;9.7;9;9.7;11.9;15.6;18.5;21.3
418;Lao People's Democratic Republic;Share in total final energy consumption (%);Geothermal;Energy Balances, UN Statistics Division (2024);0;0;0;0;0;0;0;0;0;0;0;0;0;0;0;0;0;0;0;0;0;0;0;0;0;0;0;0;0;0;0;0;0
418;Lao People's Democratic Republic;Share in total final energy consumption (%);Tide, wave and ocean;Energy Balances, UN Statistics Division (2024);0;0;0;0;0;0;0;0;0;0;0;0;0;0;0;0;0;0;0;0;0;0;0;0;0;0;0;0;0;0;0;0;0
418;Lao People's Democratic Republic;Share in total final energy consumption (%);Wind;Energy Balances, UN Statistics Division (2024);0;0;0;0;0;0;0;0;0;0;0;0;0;0;0;0;0;0;0;0;0;0;0;0;0;0;0;0;0;0;0;0;0
418;Lao People's Democratic Republic;Share in total final energy consumption (%);Solar;Energy Balances, UN Statistics Division (2024);0;0;0;0;0;0;0;0;0;0;0;0;0;0;0;0;0;0;0;0;0;0;0;0;0;0;0;0;0;0;0;0;0
418;Lao People's Democratic Republic;Final consumption of renewable energy (PJ) - Heat raising;Renewables;Energy Balances, UN Statistics Division (2024);34.9;35.1;35.3;35.7;36.4;37.1;37.8;38.6;39.4;40.2;39.4;40.4;41.3;42.3;43.3;44.4;45.4;49.2;53.2;52.8;52.4;51.4;49.6;50.1;50.8;52.2;52;51.5;50.8;51.1;50.5;50.4;50.3
418;Lao People's Democratic Republic;Final consumption of renewable energy (PJ) - Transport;Renewables;Energy Balances, UN Statistics Division (2024);0;0;0;0;0;0;0;0;0;0;0;0;0;0;0;0;0;0;0;0;0;0;0;0;0;0;0;0;0;0;0;0;0.3
418;Lao People's Democratic Republic;Final consumption of renewable energy (PJ) - Electricity consumption;Renewables;Energy Balances, UN Statistics Division (2024);0.6;0.8;0.9;0.9;1;1.2;1.3;1.5;1.7;1.9;2.1;2.3;2.5;2.9;3.2;3.6;5.1;5.8;6.9;8.1;8.8;9.2;11.1;12.2;13.6;13;12;11.2;12.3;14.5;19.3;24.2;30
428;Latvia;Total final energy consumption (PJ);Total;IEA (2024), World Energy Balances;265.5;258;214.9;186.4;169;160;157.2;154.3;149.2;140.6;135.1;148.5;150.4;157.5;161.7;166.2;173;179.1;170;165;167.7;157.2;163.8;156.4;158.3;154.2;155;162.4;168.6;164.4;159.1;166.8;160.1
428;Latvia;Share in total final energy consumption (%);Renewables;IEA (2024), World Energy Balances;17.6;18.7;21.6;25.4;28.3;32.4;32;32.9;35.3;36.3;35.8;35.3;34.4;34.3;36.1;36.3;34;33.1;33.7;38.4;33.1;35.5;40.4;39.6;40.2;38.1;38.5;42.6;41;41.5;43.7;44;47.2
428;Latvia;Share in total final energy consumption (%);Modern renewables;IEA (2024), World Energy Balances;17.6;18.7;21.6;25.4;28.3;32.4;32;32.9;35.3;36.3;35.8;35.3;34.4;34.3;36.1;36.3;34;33.1;33.7;38.4;33.1;35.5;40.4;39.6;40.2;38.1;38.5;42.6;41;41.5;43.7;44;47.2
428;Latvia;Share in total final energy consumption (%);Municipal waste (renew);IEA (2024), World Energy Balances;0;0;0;0;0;0;0;0;0;0;0;0;0;0;0;0;0;0;0;0;0;0;0;0;0;0;0;0.5;0.6;0.6;0.9;1;1.1
428;Latvia;Share in total final energy consumption (%);Liquid biofuels;IEA (2024), World Energy Balances;0;0;0;0;0;0;0;0;0;0;0;0;0;0;0;0.1;0.1;0;0;0.1;0.7;0.7;0.6;0.6;0.6;0.7;0.3;0.3;1;0.9;1.3;1.2;0.5
428;Latvia;Share in total final energy consumption (%);Solid biofuels;IEA (2024), World Energy Balances;9.9;12.2;14.6;18.7;21.4;25;26.4;26.5;27.3;28.7;27.7;28;27.1;27.3;27.8;27.5;26.6;25.1;25.1;29.7;25;27.6;29.5;30.4;31.7;30.2;30.2;31.6;32.5;33.5;32.8;33.3;35.6
428;Latvia;Share in total final energy consumption (%);Biogases;IEA (2024), World Energy Balances;0;0;0;0;0;0;0;0;0;0;0;0;0;0.1;0.2;0.2;0.2;0.2;0.2;0.2;0.2;0.4;1;1.2;1.6;1.8;1.7;1.5;1.4;1.4;1.5;1.3;1.3
428;Latvia;Share in total final energy consumption (%);Hydro;IEA (2024), World Energy Balances;7.6;6.5;7;6.7;7;7.4;5.6;6.4;8.1;7.7;8.1;7.4;7.2;6.8;8;8.4;7.1;7.6;8.3;8.3;7.1;6.7;9;7.1;5.8;5.1;5.9;8.4;5.1;4.8;6.7;6.7;8
428;Latvia;Share in total final energy consumption (%);Geothermal;IEA (2024), World Energy Balances;0;0;0;0;0;0;0;0;0;0;0;0;0;0;0;0;0;0;0;0;0;0;0;0;0;0;0;0;0;0;0;0;0
428;Latvia;Share in total final energy consumption (%);Tide, wave and ocean;IEA (2024), World Energy Balances;0;0;0;0;0;0;0;0;0;0;0;0;0;0;0;0;0;0;0;0;0;0;0;0;0;0;0;0;0;0;0;0;0
428;Latvia;Share in total final energy consumption (%);Wind;IEA (2024), World Energy Balances;0;0;0;0;0;0;0;0;0;0;0;0;0;0.1;0.1;0.1;0.1;0.1;0.2;0.1;0.1;0.2;0.3;0.3;0.4;0.4;0.3;0.3;0.3;0.3;0.5;0.4;0.6
428;Latvia;Share in total final energy consumption (%);Solar;IEA (2024), World Energy Balances;0;0;0;0;0;0;0;0;0;0;0;0;0;0;0;0;0;0;0;0;0;0;0;0;0;0;0;0;0;0;0;0;0.1
428;Latvia;Final consumption of renewable energy (PJ) - Heat raising;Renewables;IEA (2024), World Energy Balances;26.4;31.5;31.4;34.8;36.1;40;41.5;40.9;40.7;40.3;37.4;41.5;40.7;43.1;45.1;45.9;46.1;45.1;42.7;49.1;42;43.6;48.9;47.7;49.8;46.1;46.5;51.8;55;54.9;52.8;56;57.3
428;Latvia;Final consumption of renewable energy (PJ) - Transport;Renewables;IEA (2024), World Energy Balances;0.6;0.5;0.5;0.5;0.5;0.5;0.4;0.4;0.5;0.4;0.4;0.4;0.3;0.3;0.3;0.5;0.4;0.4;0.4;0.5;1.4;1.3;1.1;1;1.2;1.1;0.7;0.7;1.8;1.6;2.1;2.2;0.9
428;Latvia;Final consumption of renewable energy (PJ) - Electricity consumption;Renewables;IEA (2024), World Energy Balances;19.6;16.3;14.5;12;11.3;11.4;8.5;9.5;11.6;10.4;10.6;10.5;10.7;10.7;12.9;14;12.3;13.8;14.2;13.8;12;11;16.1;13.2;12.7;11.5;12.4;16.7;12.3;11.7;14.8;15.2;17.3
422;Lebanon;Total final energy consumption (PJ);Total;IEA (2024), World Energy Balances;47.5;67.2;77.5;115.4;125.6;148.5;143.9;161.5;135.2;144.1;134.7;145.3;135.7;136.4;153.2;145.5;129.1;113.1;144.4;183.9;159.5;159.4;195.5;189;192;213.1;221.3;235.4;217.4;218.1;187.7;160.3;128.1
422;Lebanon;Share in total final energy consumption (%);Renewables;IEA (2024), World Energy Balances;11.3;8.5;8;5.4;5.3;4.4;5;4.4;5.5;4.3;4.9;4.6;5.7;7;6.1;6.4;6.4;7.3;5.1;4.3;5.7;6.2;5.6;5.9;4.3;4.2;4;4;4.7;5.1;6.3;6.9;11.9
422;Lebanon;Share in total final energy consumption (%);Modern renewables;IEA (2024), World Energy Balances;4;3.2;3.4;2.2;2.3;1.7;2.2;1.8;2.2;1;1.6;1.4;2.3;3.6;3;3.1;2.6;2.8;1.5;1.7;2.7;3.2;3.1;3.4;1.8;2;1.8;2;2.6;3;3.8;4;8.2
422;Lebanon;Share in total final energy consumption (%);Municipal waste (renew);IEA (2024), World Energy Balances;0;0;0;0;0;0;0;0;0;0;0;0;0;0;0;0;0;0;0;0;0;0;0;0;0;0;0;0;0;0;0;0;0
422;Lebanon;Share in total final energy consumption (%);Liquid biofuels;IEA (2024), World Energy Balances;0;0;0;0;0;0;0;0;0;0;0;0;0;0;0;0;0;0;0;0;0;0;0;0;0;0;0;0;0;0;0;0;0
422;Lebanon;Share in total final energy consumption (%);Solid biofuels;IEA (2024), World Energy Balances;8;5.8;5.1;3.5;3.3;2.9;3.1;2.8;3.5;3.4;3.6;3.6;3.9;4;3.5;3.7;4.3;4.9;3.9;2.8;3.5;3.5;2.9;2.9;3;2.4;2.4;2.3;2.9;2.5;3;3.5;4.8
422;Lebanon;Share in total final energy consumption (%);Biogases;IEA (2024), World Energy Balances;0;0;0;0;0;0;0;0;0;0;0;0;0;0;0;0;0;0;0;0;0;0;0;0;0;0;0;0;0;0.1;0;0;0
422;Lebanon;Share in total final energy consumption (%);Hydro;IEA (2024), World Energy Balances;3.4;2.7;3;2;2;1.4;1.9;1.5;1.8;0.7;1.2;0.8;1.7;2.9;2.4;2.5;1.9;2;0.9;1.2;1.8;1.7;1.8;2.1;0.3;0.7;0.6;0.6;0.5;1.4;1.8;1.3;1.8
422;Lebanon;Share in total final energy consumption (%);Geothermal;IEA (2024), World Energy Balances;0;0;0;0;0;0;0;0;0;0;0;0;0;0;0;0;0;0;0;0;0;0;0;0;0;0;0;0;0;0;0;0;0
422;Lebanon;Share in total final energy consumption (%);Tide, wave and ocean;IEA (2024), World Energy Balances;0;0;0;0;0;0;0;0;0;0;0;0;0;0;0;0;0;0;0;0;0;0;0;0;0;0;0;0;0;0;0;0;0
422;Lebanon;Share in total final energy consumption (%);Wind;IEA (2024), World Energy Balances;0;0;0;0;0;0;0;0;0;0;0;0;0;0;0;0;0;0;0;0;0;0;0;0;0;0;0;0;0;0;0;0;0
422;Lebanon;Share in total final energy consumption (%);Solar;IEA (2024), World Energy Balances;0;0;0;0;0;0;0;0.1;0.1;0.1;0.1;0.1;0.2;0.2;0.2;0.2;0.3;0.4;0.3;0.3;0.4;0.9;0.8;0.9;1;1;1;1.1;1.3;1.1;1.4;2.1;5.3
422;Lebanon;Final consumption of renewable energy (PJ) - Heat raising;Renewables;IEA (2024), World Energy Balances;3.8;3.9;3.9;4;4.2;4.4;4.5;4.6;4.9;5.1;5;5.4;5.5;5.6;5.6;5.8;5.9;6;6.1;5.7;6.2;7.1;7.4;7.2;7.5;7.2;7.4;7.8;8.9;7.5;7.8;7.9;8.8
422;Lebanon;Final consumption of renewable energy (PJ) - Transport;Renewables;IEA (2024), World Energy Balances;0;0;0;0;0;0;0;0;0;0;0;0;0;0;0;0;0;0;0;0;0;0;0;0;0;0;0;0;0;0;0;0;0
422;Lebanon;Final consumption of renewable energy (PJ) - Electricity consumption;Renewables;IEA (2024), World Energy Balances;1.6;1.8;2.3;2.3;2.5;2.1;2.7;2.5;2.5;1;1.6;1.2;2.3;3.9;3.7;3.6;2.4;2.3;1.3;2.2;2.9;2.7;3.5;4;0.7;1.7;1.4;1.6;1.4;3.6;3.9;3.2;6.4
426;Lesotho;Total final energy consumption (PJ);Total;Energy Balances, UN Statistics Division (2024);34.2;35.4;36.4;37.3;38.2;38.9;39.7;40.6;41.2;45.2;45.5;45.9;46.3;46.7;47.4;48;48.6;49.4;50.3;51.9;52.1;55.9;55.3;46.8;47;46.6;45.8;47.5;45.9;45.8;42.8;55.5;49.4
426;Lesotho;Share in total final energy consumption (%);Renewables;Energy Balances, UN Statistics Division (2024);52;51.9;51.4;51;50.8;50.8;50.8;50.6;50.6;56.9;56.7;56.5;56.2;55.9;55.4;55.3;55.5;55.3;55;54;53;42.3;40.8;46.1;43.2;47.1;46.3;42;42.7;41.8;43.6;34;36.8
426;Lesotho;Share in total final energy consumption (%);Modern renewables;Energy Balances, UN Statistics Division (2024);0;0;0;0;0;0;0;0;0;2.4;2.3;2.4;2.5;2.5;2.4;2.6;3.1;3.4;3.6;3.7;3.9;4.2;4.4;5.5;5.2;5.4;6;5.3;6.3;6.2;5.7;4.5;6.2
426;Lesotho;Share in total final energy consumption (%);Municipal waste (renew);Energy Balances, UN Statistics Division (2024);0;0;0;0;0;0;0;0;0;0;0;0;0;0;0;0;0;0;0;0;0;0;0;0;0;0;0;0;0;0;0;0;0
426;Lesotho;Share in total final energy consumption (%);Liquid biofuels;Energy Balances, UN Statistics Division (2024);0;0;0;0;0;0;0;0;0;0;0;0;0;0;0;0;0;0;0;0;0;0;0;0;0;0;0;0;0;0;0;0;0
426;Lesotho;Share in total final energy consumption (%);Solid biofuels;Energy Balances, UN Statistics Division (2024);52;51.9;51.4;51;50.8;50.8;50.8;50.6;50.6;54.5;54.4;54.1;53.7;53.4;53;52.7;52.4;51.9;51.4;50.3;49.1;38.2;36.4;40.6;38.1;41.8;40.3;36.8;36.4;35.6;37.9;29.5;30.6
426;Lesotho;Share in total final energy consumption (%);Biogases;Energy Balances, UN Statistics Division (2024);0;0;0;0;0;0;0;0;0;0;0;0;0;0;0;0;0;0;0;0;0;0;0;0;0;0;0;0;0;0;0;0;0
426;Lesotho;Share in total final energy consumption (%);Hydro;Energy Balances, UN Statistics Division (2024);0;0;0;0;0;0;0;0;0;2.4;2.3;2.4;2.5;2.5;2.4;2.6;3.1;3.4;3.6;3.7;3.9;4.2;4.4;5.5;5.2;5.4;6;5.3;6.3;6.2;5.7;4.5;6.2
426;Lesotho;Share in total final energy consumption (%);Geothermal;Energy Balances, UN Statistics Division (2024);0;0;0;0;0;0;0;0;0;0;0;0;0;0;0;0;0;0;0;0;0;0;0;0;0;0;0;0;0;0;0;0;0
426;Lesotho;Share in total final energy consumption (%);Tide, wave and ocean;Energy Balances, UN Statistics Division (2024);0;0;0;0;0;0;0;0;0;0;0;0;0;0;0;0;0;0;0;0;0;0;0;0;0;0;0;0;0;0;0;0;0
426;Lesotho;Share in total final energy consumption (%);Wind;Energy Balances, UN Statistics Division (2024);0;0;0;0;0;0;0;0;0;0;0;0;0;0;0;0;0;0;0;0;0;0;0;0;0;0;0;0;0;0;0;0;0
426;Lesotho;Share in total final energy consumption (%);Solar;Energy Balances, UN Statistics Division (2024);0;0;0;0;0;0;0;0;0;0;0;0;0;0;0;0;0;0;0;0;0;0;0;0;0;0;0;0;0;0;0;0;0
426;Lesotho;Final consumption of renewable energy (PJ) - Heat raising;Renewables;Energy Balances, UN Statistics Division (2024);17.8;18.4;18.7;19;19.4;19.8;20.2;20.5;20.9;24.6;24.8;24.8;24.9;24.9;25.1;25.3;25.5;25.6;25.8;26.1;25.6;21.3;20.1;19;17.9;19.5;18.5;17.5;16.7;16.3;16.2;16.4;15.1
426;Lesotho;Final consumption of renewable energy (PJ) - Transport;Renewables;Energy Balances, UN Statistics Division (2024);0;0;0;0;0;0;0;0;0;0;0;0;0;0;0;0;0;0;0;0;0;0;0;0;0;0;0;0;0;0;0;0;0
426;Lesotho;Final consumption of renewable energy (PJ) - Electricity consumption;Renewables;Energy Balances, UN Statistics Division (2024);0;0;0;0;0;0;0;0;0;1.1;1.1;1.1;1.1;1.2;1.1;1.2;1.5;1.7;1.8;1.9;2;2.3;2.4;2.6;2.4;2.5;2.8;2.5;2.9;2.8;2.4;2.5;3.1
430;Liberia;Total final energy consumption (PJ);Total;Energy Balances, UN Statistics Division (2024);32.5;31.1;29.4;27.5;26.3;26.4;28.2;31.5;35.2;38.7;43;44.7;46.8;49.2;51.7;54.9;55.9;57.8;58.7;61;65.6;69.1;72.2;73.6;73.1;75;76.8;78.9;80.7;87.6;87.3;90.1;94.3
430;Liberia;Share in total final energy consumption (%);Renewables;Energy Balances, UN Statistics Division (2024);89.1;90.1;89;87.6;87.1;87;87.5;88.1;88.5;90.5;91.3;91.6;91.1;90.3;89.6;87.8;87.6;89.8;91.8;91.8;88.6;87.1;86.2;87.5;91.2;91.9;92.8;93.6;94.4;89.7;93;93.2;92
430;Liberia;Share in total final energy consumption (%);Modern renewables;Energy Balances, UN Statistics Division (2024);0.1;0.1;0.1;0.1;0.1;0;0;0;0;0;0;0;0;0;0;0;0;0;0;0;0.1;0.1;0.1;0.1;0.1;0.1;0.1;0.4;0.4;0.4;0.4;0.6;0.6
430;Liberia;Share in total final energy consumption (%);Municipal waste (renew);Energy Balances, UN Statistics Division (2024);0;0;0;0;0;0;0;0;0;0;0;0;0;0;0;0;0;0;0;0;0;0;0;0;0;0;0;0;0;0;0;0;0
430;Liberia;Share in total final energy consumption (%);Liquid biofuels;Energy Balances, UN Statistics Division (2024);0;0;0;0;0;0;0;0;0;0;0;0;0;0;0;0;0;0;0;0;0;0;0;0;0;0;0;0;0;0;0;0;0
430;Liberia;Share in total final energy consumption (%);Solid biofuels;Energy Balances, UN Statistics Division (2024);89.1;90.1;89;87.6;87.1;87;87.5;88.1;88.5;90.5;91.3;91.6;91.1;90.3;89.6;87.8;87.6;89.8;91.8;91.8;88.5;87;86.1;87.4;91.1;91.8;92.7;93.1;94;89.4;92.6;92.6;91.4
430;Liberia;Share in total final energy consumption (%);Biogases;Energy Balances, UN Statistics Division (2024);0;0;0;0;0;0;0;0;0;0;0;0;0;0;0;0;0;0;0;0;0;0;0;0;0;0;0;0;0;0;0;0;0
430;Liberia;Share in total final energy consumption (%);Hydro;Energy Balances, UN Statistics Division (2024);0;0;0;0;0;0;0;0;0;0;0;0;0;0;0;0;0;0;0;0;0.1;0.1;0.1;0.1;0.1;0.1;0.1;0.4;0.4;0.3;0.3;0.6;0.6
430;Liberia;Share in total final energy consumption (%);Geothermal;Energy Balances, UN Statistics Division (2024);0;0;0;0;0;0;0;0;0;0;0;0;0;0;0;0;0;0;0;0;0;0;0;0;0;0;0;0;0;0;0;0;0
430;Liberia;Share in total final energy consumption (%);Tide, wave and ocean;Energy Balances, UN Statistics Division (2024);0;0;0;0;0;0;0;0;0;0;0;0;0;0;0;0;0;0;0;0;0;0;0;0;0;0;0;0;0;0;0;0;0
430;Liberia;Share in total final energy consumption (%);Wind;Energy Balances, UN Statistics Division (2024);0;0;0;0;0;0;0;0;0;0;0;0;0;0;0;0;0;0;0;0;0;0;0;0;0;0;0;0;0;0;0;0;0
430;Liberia;Share in total final energy consumption (%);Solar;Energy Balances, UN Statistics Division (2024);0;0;0;0;0;0;0;0;0;0;0;0;0;0;0;0;0;0;0;0;0;0;0;0;0;0;0;0;0;0;0;0;0
430;Liberia;Final consumption of renewable energy (PJ) - Heat raising;Renewables;Energy Balances, UN Statistics Division (2024);29;28;26.2;24.1;22.9;23;24.6;27.8;31.1;35;39.3;40.9;42.7;44.4;46.3;48.2;49;51.9;53.9;56;58.1;60.1;62.2;64.4;66.6;68.9;71.1;73.5;75.8;78.3;80.8;83.4;86.1
430;Liberia;Final consumption of renewable energy (PJ) - Transport;Renewables;Energy Balances, UN Statistics Division (2024);0;0;0;0;0;0;0;0;0;0;0;0;0;0;0;0;0;0;0;0;0;0;0;0;0;0;0;0;0;0;0;0;0
430;Liberia;Final consumption of renewable energy (PJ) - Electricity consumption;Renewables;Energy Balances, UN Statistics Division (2024);0;0;0;0;0;0;0;0;0;0;0;0;0;0;0;0;0;0;0;0;0.1;0.1;0.1;0.1;0.1;0.1;0.1;0.3;0.3;0.3;0.3;0.5;0.6
434;Libya;Total final energy consumption (PJ);Total;IEA (2024), World Energy Balances;167.3;173.8;181.4;193.8;221.5;238.9;254.4;257.3;259.8;278.8;285.7;298.2;310.4;317.4;336.4;357.6;339.5;325.6;350.8;393.4;422.3;318.5;413.8;468.8;492.4;404;417.1;406.9;402;401.7;371.9;401.2;416
434;Libya;Share in total final energy consumption (%);Renewables;IEA (2024), World Energy Balances;3.1;3;2.9;2.7;2.4;2.2;2.1;2.1;2.2;2;2;2.9;2.9;2.9;2.8;2.7;2.9;3.1;2.9;2.6;2.5;3.2;2.4;2.2;2.1;2.6;2.5;2.6;2.7;2.7;3;2.8;2.7
434;Libya;Share in total final energy consumption (%);Modern renewables;IEA (2024), World Energy Balances;0;0;0;0;0;0;0;0;0;0;0;0;0;0;0;0;0;0;0;0;0;0;0;0;0;0;0;0;0;0;0;0;0
434;Libya;Share in total final energy consumption (%);Municipal waste (renew);IEA (2024), World Energy Balances;0;0;0;0;0;0;0;0;0;0;0;0;0;0;0;0;0;0;0;0;0;0;0;0;0;0;0;0;0;0;0;0;0
434;Libya;Share in total final energy consumption (%);Liquid biofuels;IEA (2024), World Energy Balances;0;0;0;0;0;0;0;0;0;0;0;0;0;0;0;0;0;0;0;0;0;0;0;0;0;0;0;0;0;0;0;0;0
434;Libya;Share in total final energy consumption (%);Solid biofuels;IEA (2024), World Energy Balances;3.1;3;2.9;2.7;2.4;2.2;2.1;2.1;2.2;2;2;2.9;2.9;2.9;2.8;2.7;2.9;3.1;2.9;2.6;2.5;3.2;2.4;2.2;2.1;2.6;2.5;2.6;2.7;2.7;3;2.8;2.7
434;Libya;Share in total final energy consumption (%);Biogases;IEA (2024), World Energy Balances;0;0;0;0;0;0;0;0;0;0;0;0;0;0;0;0;0;0;0;0;0;0;0;0;0;0;0;0;0;0;0;0;0
434;Libya;Share in total final energy consumption (%);Hydro;IEA (2024), World Energy Balances;0;0;0;0;0;0;0;0;0;0;0;0;0;0;0;0;0;0;0;0;0;0;0;0;0;0;0;0;0;0;0;0;0
434;Libya;Share in total final energy consumption (%);Geothermal;IEA (2024), World Energy Balances;0;0;0;0;0;0;0;0;0;0;0;0;0;0;0;0;0;0;0;0;0;0;0;0;0;0;0;0;0;0;0;0;0
434;Libya;Share in total final energy consumption (%);Tide, wave and ocean;IEA (2024), World Energy Balances;0;0;0;0;0;0;0;0;0;0;0;0;0;0;0;0;0;0;0;0;0;0;0;0;0;0;0;0;0;0;0;0;0
434;Libya;Share in total final energy consumption (%);Wind;IEA (2024), World Energy Balances;0;0;0;0;0;0;0;0;0;0;0;0;0;0;0;0;0;0;0;0;0;0;0;0;0;0;0;0;0;0;0;0;0
434;Libya;Share in total final energy consumption (%);Solar;IEA (2024), World Energy Balances;0;0;0;0;0;0;0;0;0;0;0;0;0;0;0;0;0;0;0;0;0;0;0;0;0;0;0;0;0;0;0;0;0
434;Libya;Final consumption of renewable energy (PJ) - Heat raising;Renewables;IEA (2024), World Energy Balances;5.2;5.2;5.2;5.2;5.2;5.2;5.4;5.5;5.6;5.7;5.8;8.8;9;9.2;9.4;9.6;9.8;10;10.2;10.4;10.6;10.2;9.9;10.1;10.3;10.4;10.6;10.7;10.9;11;11.1;11.3;11.4
434;Libya;Final consumption of renewable energy (PJ) - Transport;Renewables;IEA (2024), World Energy Balances;0;0;0;0;0;0;0;0;0;0;0;0;0;0;0;0;0;0;0;0;0;0;0;0;0;0;0;0;0;0;0;0;0
434;Libya;Final consumption of renewable energy (PJ) - Electricity consumption;Renewables;IEA (2024), World Energy Balances;0;0;0;0;0;0;0;0;0;0;0;0;0;0;0;0;0;0;0;0;0;0;0;0;0;0;0;0;0;0;0;0;0
438;Liechtenstein;Total final energy consumption (PJ);Total;Energy Balances, UN Statistics Division (2024);1.3;1.4;1.5;1.5;1.6;1.7;1.8;1.8;1.9;2.1;2.1;2.2;2.3;2.4;2.5;2.6;2.7;2.8;2.8;2.7;3;2.9;3;3;2.9;3;3;3;3;3;3;3.1;2.9
438;Liechtenstein;Share in total final energy consumption (%);Renewables;Energy Balances, UN Statistics Division (2024);64.8;59.8;57.7;56.1;56.5;55;51.8;53.2;52.6;52;53.9;51.6;51.3;50.2;50.3;49.9;50.8;53.4;53;55.2;52.3;55.3;55.5;53.5;55;55.5;55.8;55.3;56.4;55.8;55.2;53.5;57
438;Liechtenstein;Share in total final energy consumption (%);Modern renewables;Energy Balances, UN Statistics Division (2024);64.8;59.8;57.7;56.1;56.5;55;51.8;53.2;52.6;52;53.9;51.6;51.3;50.2;50.3;49.9;50.8;53.4;53;55.2;52.3;55.3;55.5;53.5;55;55.5;55.8;55.3;56.4;55.8;55.2;53.5;57
438;Liechtenstein;Share in total final energy consumption (%);Municipal waste (renew);Energy Balances, UN Statistics Division (2024);0;0;0;0;0;0;0;0;0;0;0;0;0;0;0;0;0;0;0;0;0;0;0;0;0;0;0;0;0;0;0;0;0
438;Liechtenstein;Share in total final energy consumption (%);Liquid biofuels;Energy Balances, UN Statistics Division (2024);0;0;0;0;0;0;0;0;0;0;0;0;0;0;0;0;0;0;0;0;0;0;0;0;0;0;0;0;0;0;0;0;0
438;Liechtenstein;Share in total final energy consumption (%);Solid biofuels;Energy Balances, UN Statistics Division (2024);3.3;2.1;2.9;2.6;3.1;2.2;1.9;2.3;2.4;2.4;4.2;2.4;2.5;3.1;3.2;3.4;3.8;5;4.9;6.3;6.1;6.8;6.8;5.7;6.5;7.1;6.8;6.2;6.7;6.2;5;4.5;5.8
438;Liechtenstein;Share in total final energy consumption (%);Biogases;Energy Balances, UN Statistics Division (2024);0;0.1;0.8;0.7;0.9;0.7;0.8;1;0.9;0.9;0.9;0.9;0.8;1.1;0.8;1.1;0.7;0.7;0.7;0.6;0.5;0.6;0.6;0.5;0.7;0.8;0.7;0.8;0.8;0.8;0.9;0.8;0.7
438;Liechtenstein;Share in total final energy consumption (%);Hydro;Energy Balances, UN Statistics Division (2024);61.5;57.6;54;52.8;52.5;52.1;49.1;49.8;49.1;48.5;48.7;48;47.6;45.6;45.8;44.8;45.7;46.9;46.4;46.7;43.1;42.4;42;39;26.6;33.4;36.5;35.6;33.9;35.3;34.2;33.2;30.1
438;Liechtenstein;Share in total final energy consumption (%);Geothermal;Energy Balances, UN Statistics Division (2024);0;0;0;0;0;0;0;0;0;0;0;0;0;0;0;0;0;0;0;0;0;0;0;0;0;0;0;0;0;0;0;0;0
438;Liechtenstein;Share in total final energy consumption (%);Tide, wave and ocean;Energy Balances, UN Statistics Division (2024);0;0;0;0;0;0;0;0;0;0;0;0;0;0;0;0;0;0;0;0;0;0;0;0;0;0;0;0;0;0;0;0;0
438;Liechtenstein;Share in total final energy consumption (%);Wind;Energy Balances, UN Statistics Division (2024);0;0;0;0;0;0;0;0;0;0;0;0;0;0;0;0;0;0;0;0;0;0;0;0;0;0;0;0;0;0;0;0;0
438;Liechtenstein;Share in total final energy consumption (%);Solar;Energy Balances, UN Statistics Division (2024);0;0;0;0;0;0;0;0.1;0.1;0.2;0.2;0.3;0.3;0.4;0.5;0.6;0.7;0.8;1;1.6;2.7;5.3;6.1;8.3;21.1;14.3;11.8;12.7;15;13.5;15.2;14.9;20.3
438;Liechtenstein;Final consumption of renewable energy (PJ) - Heat raising;Renewables;Energy Balances, UN Statistics Division (2024);0;0;0;0;0;0;0;0;0;0.1;0.1;0.1;0.1;0.1;0.1;0.1;0.1;0.2;0.2;0.2;0.2;0.2;0.2;0.2;0.2;0.3;0.3;0.2;0.3;0.2;0.2;0.2;0.2
438;Liechtenstein;Final consumption of renewable energy (PJ) - Transport;Renewables;Energy Balances, UN Statistics Division (2024);0;0;0;0;0;0;0;0;0;0;0;0;0;0;0;0;0;0;0;0;0;0;0;0;0;0;0;0;0;0;0;0;0
438;Liechtenstein;Final consumption of renewable energy (PJ) - Electricity consumption;Renewables;Energy Balances, UN Statistics Division (2024);0.8;0.8;0.8;0.8;0.8;0.9;0.9;0.9;1;1;1;1.1;1.1;1.1;1.2;1.2;1.3;1.3;1.3;1.3;1.4;1.4;1.4;1.4;1.3;1.4;1.4;1.4;1.4;1.4;1.4;1.5;1.5
440;Lithuania;Total final energy consumption (PJ);Total;IEA (2024), World Energy Balances;399.6;418.6;264;203.9;196.4;190.6;186.1;187.9;186;168.5;156.5;162.6;169.7;174.8;182.5;193.3;203.9;214.5;210.7;192.1;198.4;197.2;201.8;196.5;200.2;199.8;209.1;219;227.5;227.1;219.5;233.9;221.1
440;Lithuania;Share in total final energy consumption (%);Renewables;IEA (2024), World Energy Balances;3.1;2.9;4.6;8.9;9.8;10.3;11.5;11.6;12.9;15;17.2;17.6;17.9;18.1;18.1;17.5;17.5;17.1;18.3;20.1;21.5;22.7;23.9;26.3;27.7;29;31.5;33.8;33.7;33.5;31.7;33.2;35.8
440;Lithuania;Share in total final energy consumption (%);Modern renewables;IEA (2024), World Energy Balances;3.1;2.9;4.6;8.9;9.8;10.3;11.5;11.6;12.9;15;17.2;17.6;17.9;18.1;18.1;17.5;17.5;17.1;18.3;20.1;21.5;22.7;23.9;26.3;27.7;29;31.5;33.8;33.7;33.5;31.7;33.2;35.8
440;Lithuania;Share in total final energy consumption (%);Municipal waste (renew);IEA (2024), World Energy Balances;0;0;0;0;0;0;0;0;0;0;0;0;0;0;0;0;0;0;0;0;0;0;0;0.2;0.3;0.3;0.4;0.6;0.4;0.4;0.5;1.1;1.2
440;Lithuania;Share in total final energy consumption (%);Liquid biofuels;IEA (2024), World Energy Balances;0;0;0;0;0;0;0;0;0;0;0;0;0;0;0;0.1;0.4;1;1.2;1.1;0.9;1;1.3;1.2;1.3;1.4;1.1;1.4;1.4;1.4;2;2.3;2.3
440;Lithuania;Share in total final energy consumption (%);Solid biofuels;IEA (2024), World Energy Balances;2.9;2.8;4.4;8.6;9.3;10;11.2;11.4;12.6;14.5;16.8;17.3;17.5;17.7;17.7;16.9;16.5;15.4;16.4;18.2;18;18;19;20;20.6;21.8;21.6;21.7;21.7;21.2;21.4;21.4;21.9
440;Lithuania;Share in total final energy consumption (%);Biogases;IEA (2024), World Energy Balances;0;0;0;0;0;0;0;0;0;0;0;0;0;0;0;0;0;0;0;0.1;0.2;0.2;0.2;0.4;0.5;0.5;0.8;0.8;1;1;0.7;0.8;0.9
440;Lithuania;Share in total final energy consumption (%);Hydro;IEA (2024), World Energy Balances;0.2;0.1;0.2;0.3;0.6;0.3;0.3;0.3;0.3;0.4;0.4;0.3;0.3;0.3;0.3;0.5;0.5;0.5;0.5;0.5;1.6;1.8;1.5;2;1.8;1.4;2.1;2.8;2.4;1.7;1.1;1.5;1.9
440;Lithuania;Share in total final energy consumption (%);Geothermal;IEA (2024), World Energy Balances;0;0;0;0;0;0;0;0;0;0;0;0;0.1;0;0;0;0;0;0;0;0;0;0;0;0;0;0;0;0;0;0;0;0
440;Lithuania;Share in total final energy consumption (%);Tide, wave and ocean;IEA (2024), World Energy Balances;0;0;0;0;0;0;0;0;0;0;0;0;0;0;0;0;0;0;0;0;0;0;0;0;0;0;0;0;0;0;0;0;0
440;Lithuania;Share in total final energy consumption (%);Wind;IEA (2024), World Energy Balances;0;0;0;0;0;0;0;0;0;0;0;0;0;0;0;0;0;0.1;0.2;0.2;0.7;1.8;1.9;2.3;2.9;3.2;5.2;6.3;6.3;7.4;5.6;5.4;6.2
440;Lithuania;Share in total final energy consumption (%);Solar;IEA (2024), World Energy Balances;0;0;0;0;0;0;0;0;0;0;0;0;0;0;0;0;0;0;0;0;0;0;0;0.2;0.3;0.3;0.3;0.3;0.5;0.5;0.5;0.7;1.4
440;Lithuania;Final consumption of renewable energy (PJ) - Heat raising;Renewables;IEA (2024), World Energy Balances;11.7;11.6;11.6;17.4;18.2;19.1;20.9;21.3;23.5;24.5;26.2;28.1;29.9;31.1;32.3;32.8;33.7;33;34.6;35;35.2;34.9;37.4;37.7;39.3;41.8;43.4;45.5;45.8;45.2;45;48.3;46.7
440;Lithuania;Final consumption of renewable energy (PJ) - Transport;Renewables;IEA (2024), World Energy Balances;0;0;0;0;0;0;0;0;0;0;0;0;0;0;0;0.1;0.8;2.2;2.6;2.2;1.9;2;2.6;2.5;2.7;2.9;2.5;3.2;3.5;3.4;4.4;5.5;5.2
440;Lithuania;Final consumption of renewable energy (PJ) - Electricity consumption;Renewables;IEA (2024), World Energy Balances;0.6;0.5;0.5;0.7;1.1;0.6;0.5;0.5;0.6;0.7;0.7;0.5;0.5;0.5;0.6;0.9;1.1;1.4;1.5;1.4;5.4;8;8.3;11.6;13.5;13.2;19.9;25.3;27.5;27.6;20.1;23.9;27.3
442;Luxembourg;Total final energy consumption (PJ);Total;IEA (2024), World Energy Balances;115.4;124.7;126.1;129.2;126.6;115.2;119.3;120;120.3;125.5;134;140;140.3;149.8;166.6;170.1;168.4;164.2;165.8;153.8;163.6;163.4;159.6;157.6;151.1;148.4;148.3;151.5;156.9;159.1;137.2;144.3;127.1
442;Luxembourg;Share in total final energy consumption (%);Renewables;IEA (2024), World Energy Balances;1.7;1.7;2;2;2.8;4;3.1;4.4;6.7;5.9;6.8;3.4;1.3;1.3;1.4;1.9;2.1;3.6;4;3.7;3.7;3.8;4.1;5.7;6.8;9.1;13.5;15.3;16;16.5;20.8;20.5;23.5
442;Luxembourg;Share in total final energy consumption (%);Modern renewables;IEA (2024), World Energy Balances;1.7;1.7;2;2;2.8;4;3.1;4.4;6.7;5.9;6.8;3.4;1.3;1.3;1.4;1.9;2.1;3.6;4;3.7;3.7;3.8;4.1;5.7;6.8;9.1;13.5;15.3;16;16.5;20.8;20.5;23.5
442;Luxembourg;Share in total final energy consumption (%);Municipal waste (renew);IEA (2024), World Energy Balances;0.3;0.2;0.2;0.3;0.3;0.6;0.5;0.6;0.7;0.8;0.7;0.3;0.1;0.1;0.1;0.1;0.1;0.1;0.1;0.1;0.1;0.2;0.2;0.3;0.3;0.5;0.8;0.8;0.7;0.6;0.6;0.6;0.6
442;Luxembourg;Share in total final energy consumption (%);Liquid biofuels;IEA (2024), World Energy Balances;0;0;0;0;0;0;0;0;0;0;0;0;0;0;0;0;0;1.2;1.1;1.2;1.1;1.2;1.3;1.5;2;2.4;2.5;3.1;3.3;3.4;4.3;4;4.3
442;Luxembourg;Share in total final energy consumption (%);Solid biofuels;IEA (2024), World Energy Balances;0;0;0.5;0.5;0.5;0.6;0.5;0.5;0.5;0.5;0.5;0.5;0.5;0.5;0.5;1;1;1.1;1.2;1.2;1.2;1.1;1.1;1.2;1.8;1.9;2.2;2.7;3.4;4.2;6.9;7.2;8
442;Luxembourg;Share in total final energy consumption (%);Biogases;IEA (2024), World Energy Balances;0;0;0;0;0;0;0;0;0;0;0.2;0.2;0.1;0.1;0.1;0.2;0.2;0.3;0.4;0.4;0.4;0.4;0.4;0.6;0.6;0.8;1.6;1.4;1.4;1.1;1;0.9;0.9
442;Luxembourg;Share in total final energy consumption (%);Hydro;IEA (2024), World Energy Balances;1.5;1.5;1.3;1.2;2;2.8;2;3.1;5;3.7;4.6;2;0.5;0.4;0.4;0.4;0.4;0.5;0.7;0.5;0.5;0.3;0.5;0.9;0.8;1.1;2.3;1.4;1.4;1.5;1.2;1.4;0.9
442;Luxembourg;Share in total final energy consumption (%);Geothermal;IEA (2024), World Energy Balances;0;0;0;0;0;0;0;0;0;0;0;0;0;0;0;0;0;0;0;0;0;0;0;0;0;0;0;0;0;0;0;0;0
442;Luxembourg;Share in total final energy consumption (%);Tide, wave and ocean;IEA (2024), World Energy Balances;0;0;0;0;0;0;0;0;0;0;0;0;0;0;0;0;0;0;0;0;0;0;0;0;0;0;0;0;0;0;0;0;0
442;Luxembourg;Share in total final energy consumption (%);Wind;IEA (2024), World Energy Balances;0;0;0;0;0;0;0;0.1;0.5;0.8;0.9;0.4;0.1;0.1;0.2;0.2;0.2;0.3;0.3;0.3;0.2;0.3;0.4;0.6;0.6;1.2;2;4;3.9;3.8;4.6;4.1;4.6
442;Luxembourg;Share in total final energy consumption (%);Solar;IEA (2024), World Energy Balances;0;0;0;0;0;0;0;0;0;0;0;0;0;0;0;0.1;0.1;0.1;0.1;0.1;0.1;0.2;0.2;0.6;0.8;1.2;2;1.9;1.9;1.8;2.2;2.4;4.2
442;Luxembourg;Final consumption of renewable energy (PJ) - Heat raising;Renewables;IEA (2024), World Energy Balances;0;0;0.6;0.6;0.6;0.6;0.6;0.6;0.6;0.7;0.7;0.7;0.7;0.8;0.9;1.8;1.8;2.1;2.2;2.1;2.3;2;2.1;2.2;2.7;2.8;2.9;3.1;3.4;3.5;5;5.3;5.5
442;Luxembourg;Final consumption of renewable energy (PJ) - Transport;Renewables;IEA (2024), World Energy Balances;0;0;0;0;0;0.1;0.1;0.1;0.1;0.1;0.1;0;0;0;0;0;0;2;1.9;1.8;1.8;2;2.1;2.4;3.1;3.6;4;5.1;5.5;5.8;6.4;6.3;6
442;Luxembourg;Final consumption of renewable energy (PJ) - Electricity consumption;Renewables;IEA (2024), World Energy Balances;1.9;2.1;1.9;1.9;2.9;3.9;3;4.5;7.3;6.6;8.4;4;1.1;1.1;1.3;1.4;1.6;2;2.4;1.8;1.9;2.1;2.5;4.4;4.5;7.1;13.1;15;16.2;16.8;17;18;18.4
450;Madagascar;Total final energy consumption (PJ);Total;Energy Balances, UN Statistics Division (2024);84;87;89.9;93.1;96.3;100.2;102.7;110;106.8;119;121.4;127.3;117.8;124.3;127.9;129.8;130.9;135.6;142.4;146.1;149.5;160.9;171.9;174.7;189.7;205;217.4;230.2;248.9;263.8;268.9;285.9;286.5
450;Madagascar;Share in total final energy consumption (%);Renewables;Energy Balances, UN Statistics Division (2024);87.2;86.6;86.7;87;86;86.1;85.5;83.1;82.6;82.7;82.2;84.1;87.2;84.8;84.3;84.9;85.9;86.2;86.4;87.2;86.7;84.5;83.3;81.4;82.2;83.9;83.8;81.9;84.2;82.5;84.9;83.9;83.8
450;Madagascar;Share in total final energy consumption (%);Modern renewables;Energy Balances, UN Statistics Division (2024);16.8;16.8;17.5;18.7;30.1;31.2;31;31.1;32.1;31.4;30.2;29;36.3;35.8;36.2;37;39.2;39.7;42.5;43.3;29.5;27.9;26.8;26.5;26.5;26.8;25.6;24.9;31.1;30.6;31.3;30.7;30.8
450;Madagascar;Share in total final energy consumption (%);Municipal waste (renew);Energy Balances, UN Statistics Division (2024);0;0;0;0;0;0;0;0;0;0;0;0;0;0;0;0;0;0;0;0;0;0;0;0;0;0;0;0;0;0;0;0;0
450;Madagascar;Share in total final energy consumption (%);Liquid biofuels;Energy Balances, UN Statistics Division (2024);0;0;0;0;0;0;0;0;0;0;0;0;0;0;0;0;0;0;0;0;0;0;0;0;0;0;0;0;0;0;0;0;0
450;Madagascar;Share in total final energy consumption (%);Solid biofuels;Energy Balances, UN Statistics Division (2024);85.8;85.3;85.5;85.7;84.7;84.8;84.1;81.7;81.1;81.3;80.7;82.7;85.7;83.2;82.7;83.3;84.3;84.5;84.7;85.5;85.1;83.1;81.8;79.8;80.6;82.4;82.5;80.7;82.8;81.3;83.9;83;82.8
450;Madagascar;Share in total final energy consumption (%);Biogases;Energy Balances, UN Statistics Division (2024);0;0;0;0;0;0;0;0;0;0;0;0;0;0;0;0;0;0;0;0;0;0;0;0;0;0;0;0;0;0;0;0;0
450;Madagascar;Share in total final energy consumption (%);Hydro;Energy Balances, UN Statistics Division (2024);1.3;1.2;1.2;1.3;1.3;1.3;1.4;1.4;1.5;1.4;1.4;1.4;1.5;1.6;1.6;1.6;1.6;1.7;1.7;1.7;1.6;1.4;1.5;1.5;1.5;1.5;1.3;1.1;1.3;1.1;1;0.9;1
450;Madagascar;Share in total final energy consumption (%);Geothermal;Energy Balances, UN Statistics Division (2024);0;0;0;0;0;0;0;0;0;0;0;0;0;0;0;0;0;0;0;0;0;0;0;0;0;0;0;0;0;0;0;0;0
450;Madagascar;Share in total final energy consumption (%);Tide, wave and ocean;Energy Balances, UN Statistics Division (2024);0;0;0;0;0;0;0;0;0;0;0;0;0;0;0;0;0;0;0;0;0;0;0;0;0;0;0;0;0;0;0;0;0
450;Madagascar;Share in total final energy consumption (%);Wind;Energy Balances, UN Statistics Division (2024);0;0;0;0;0;0;0;0;0;0;0;0;0;0;0;0;0;0;0;0;0;0;0;0;0;0;0;0;0;0;0;0;0
450;Madagascar;Share in total final energy consumption (%);Solar;Energy Balances, UN Statistics Division (2024);0;0;0;0;0;0;0;0;0;0;0;0;0;0;0;0;0;0;0;0;0;0;0;0;0;0;0;0;0;0;0;0;0.1
450;Madagascar;Final consumption of renewable energy (PJ) - Heat raising;Renewables;Energy Balances, UN Statistics Division (2024);72.1;74.2;76.9;79.8;81.5;84.9;86.3;89.8;86.6;96.8;98;105.3;101;103.4;105.7;108.1;110.3;114.6;120.6;124.8;127.2;133.6;140.6;139.4;152.9;168.8;179.3;185.7;206.2;214.5;225.5;237.1;237.1
450;Madagascar;Final consumption of renewable energy (PJ) - Transport;Renewables;Energy Balances, UN Statistics Division (2024);0;0;0;0;0;0;0;0;0;0;0;0;0;0;0;0;0;0;0;0;0;0;0;0;0;0;0;0;0;0;0;0;0
450;Madagascar;Final consumption of renewable energy (PJ) - Electricity consumption;Renewables;Energy Balances, UN Statistics Division (2024);1.1;1.1;1.1;1.2;1.3;1.3;1.4;1.6;1.7;1.7;1.8;1.9;1.8;2;2.1;2.1;2.1;2.4;2.4;2.6;2.5;2.4;2.6;2.8;3;3.2;3.1;2.7;3.4;3.1;2.9;2.8;3
454;Malawi;Total final energy consumption (PJ);Total;Energy Balances, UN Statistics Division (2024);76.1;79.1;81.2;81.2;84.1;83.9;83.3;84.1;85;86.3;87.6;89;92.6;94.8;97.5;99.8;101.5;105.9;115.6;118.1;119.5;123.8;126.3;129.4;130.8;134.3;138.4;142.7;146.5;153;154;155;158.5
454;Malawi;Share in total final energy consumption (%);Renewables;Energy Balances, UN Statistics Division (2024);88.6;87.9;88.2;88.1;88.3;88.3;88.3;88.4;88.9;88.6;89.7;90.2;90.3;90.2;90.1;90.7;90.8;90.5;89.8;89.8;90.6;90.1;90.3;90.3;92;91.2;90.2;89.5;87.6;86.3;86.3;87.3;86.7
454;Malawi;Share in total final energy consumption (%);Modern renewables;Energy Balances, UN Statistics Division (2024);12.1;12.1;11.9;9.5;11.6;12.4;12.2;11.6;11.5;10.7;11.3;11.2;12.5;12.3;12.3;10.2;9.2;10.1;14.2;13.8;13.6;13.8;13.5;13.2;13.7;13.1;12.5;12.3;10.8;11.1;10.1;9.9;9.4
454;Malawi;Share in total final energy consumption (%);Municipal waste (renew);Energy Balances, UN Statistics Division (2024);0;0;0;0;0;0;0;0;0;0;0;0;0;0;0;0;0;0;0;0;0;0;0;0;0;0;0;0;0;0;0;0;0
454;Malawi;Share in total final energy consumption (%);Liquid biofuels;Energy Balances, UN Statistics Division (2024);0;0;0;0;0;0;0;0;0;0;0;0;0;0;0;0;0;0;0;0;0;0;0.2;0.2;0.2;0.3;0.3;0.2;0.3;0.2;0.2;0.2;0.1
454;Malawi;Share in total final energy consumption (%);Solid biofuels;Energy Balances, UN Statistics Division (2024);85.7;85;85.1;85.1;85.4;85.4;85.3;85.1;85.6;85.1;86.1;86.5;86.6;86.5;86.2;86.7;86.7;86.4;85.6;85.2;85.9;85.4;86.3;86.2;87.4;87.1;86.2;85.4;84.4;82.3;82.5;83.2;83.1
454;Malawi;Share in total final energy consumption (%);Biogases;Energy Balances, UN Statistics Division (2024);0;0;0;0;0;0;0;0;0;0;0;0;0;0;0;0;0;0;0;0;0;0;0;0;0;0;0;0;0;0;0;0;0
454;Malawi;Share in total final energy consumption (%);Hydro;Energy Balances, UN Statistics Division (2024);2.9;3;3;3;2.9;2.9;3;3.3;3.4;3.5;3.6;3.7;3.7;3.8;4;4.1;4.1;4;4.3;4.6;4.7;4.7;3.8;3.9;4.3;3.8;3.8;3.8;2.7;3.4;3.6;3.8;3.2
454;Malawi;Share in total final energy consumption (%);Geothermal;Energy Balances, UN Statistics Division (2024);0;0;0;0;0;0;0;0;0;0;0;0;0;0;0;0;0;0;0;0;0;0;0;0;0;0;0;0;0;0;0;0;0
454;Malawi;Share in total final energy consumption (%);Tide, wave and ocean;Energy Balances, UN Statistics Division (2024);0;0;0;0;0;0;0;0;0;0;0;0;0;0;0;0;0;0;0;0;0;0;0;0;0;0;0;0;0;0;0;0;0
454;Malawi;Share in total final energy consumption (%);Wind;Energy Balances, UN Statistics Division (2024);0;0;0;0;0;0;0;0;0;0;0;0;0;0;0;0;0;0;0;0;0;0;0;0;0;0;0;0;0;0;0;0;0
454;Malawi;Share in total final energy consumption (%);Solar;Energy Balances, UN Statistics Division (2024);0;0;0;0;0;0;0;0;0;0;0;0;0;0;0;0;0;0;0;0;0;0;0;0;0;0;0;0.1;0.1;0.3;0;0.1;0.3
454;Malawi;Final consumption of renewable energy (PJ) - Heat raising;Renewables;Energy Balances, UN Statistics Division (2024);65.2;67.2;69.1;69;71.8;71.6;71;71.5;72.6;73.3;75.2;76.8;80;81.8;83.8;86.3;87.8;91.4;98.7;100.5;102.6;105.6;108.9;111.4;114.2;116.9;119.1;121.7;123.6;125.8;127;128.8;131.5
454;Malawi;Final consumption of renewable energy (PJ) - Transport;Renewables;Energy Balances, UN Statistics Division (2024);0;0;0;0;0;0;0;0;0;0;0;0;0;0;0;0;0;0;0;0;0;0;0.3;0.3;0.3;0.4;0.4;0.3;0.4;0.4;0.3;0.3;0.2
454;Malawi;Final consumption of renewable energy (PJ) - Electricity consumption;Renewables;Energy Balances, UN Statistics Division (2024);2.2;2.4;2.5;2.5;2.5;2.5;2.5;2.9;3;3.2;3.4;3.5;3.6;3.8;4.1;4.2;4.3;4.5;5.1;5.6;5.8;6;4.9;5.2;5.8;5.3;5.4;5.7;4.3;5.9;5.7;6.2;5.8
458;Malaysia;Total final energy consumption (PJ);Total;IEA (2024), World Energy Balances;525.5;572;630.8;658;728.1;792.9;923.6;979.8;959.4;1044.8;1123.9;1189.3;1255.5;1314.3;1428.6;1470.3;1524;1683.6;1715.4;1494.7;1592.9;1561.8;1638.4;1826.7;1916.1;1870.5;1940.9;2006.6;2059.8;2103.8;1845.9;1892.7;2023.6
458;Malaysia;Share in total final energy consumption (%);Renewables;IEA (2024), World Energy Balances;8.3;7.6;6.9;6.7;6.9;6.1;4.9;4.2;4.5;4.9;4.4;4.2;3.5;3.3;3.2;3;3.1;2.8;3;2.3;2;2.2;2.5;2.7;3;3.4;4.4;5.2;5.3;5.7;7;7.5;7.1
458;Malaysia;Share in total final energy consumption (%);Modern renewables;IEA (2024), World Energy Balances;4.3;4.2;3.9;3.9;4.4;3.9;3.1;2.5;2.9;3.5;3.2;3.1;2.6;2.4;2.4;2.3;2.5;2.3;2.5;1.7;1.5;1.8;2.3;2.6;3;3.4;4.4;5.2;5.3;5.7;7;7.5;7.1
458;Malaysia;Share in total final energy consumption (%);Municipal waste (renew);IEA (2024), World Energy Balances;0;0;0;0;0;0;0;0;0;0;0;0;0;0;0;0;0;0;0;0;0;0;0;0;0;0;0;0;0;0;0;0;0
458;Malaysia;Share in total final energy consumption (%);Liquid biofuels;IEA (2024), World Energy Balances;0;0;0;0;0;0;0;0;0;0;0;0;0;0;0;0;0;0.1;0.1;0;0;0.1;0.3;0.4;0.6;0.9;0.8;0.8;0.9;1.3;1.8;1.8;1.7
458;Malaysia;Share in total final energy consumption (%);Solid biofuels;IEA (2024), World Energy Balances;6;5.3;4.7;4.5;4;3.7;3.1;2.9;2.9;2.7;2.4;2.3;2.1;2;1.8;1.8;1.7;1.5;1.4;0.8;0.6;0.6;0.4;0.4;0.2;0.1;0.1;0.1;0.1;0.1;0.1;0.1;0.1
458;Malaysia;Share in total final energy consumption (%);Biogases;IEA (2024), World Energy Balances;0;0;0;0;0;0;0;0;0;0;0;0;0;0;0;0;0;0;0;0;0;0;0;0;0;0;0;0;0.1;0.1;0.1;0.1;0.1
458;Malaysia;Share in total final energy consumption (%);Hydro;IEA (2024), World Energy Balances;2.4;2.3;2.2;2.2;2.8;2.4;1.7;1.3;1.6;2.2;2;2;1.4;1.3;1.4;1.2;1.4;1.3;1.5;1.5;1.3;1.5;1.8;1.9;2.2;2.4;3.4;4.2;4.1;4;4.7;5.1;4.9
458;Malaysia;Share in total final energy consumption (%);Geothermal;IEA (2024), World Energy Balances;0;0;0;0;0;0;0;0;0;0;0;0;0;0;0;0;0;0;0;0;0;0;0;0;0;0;0;0;0;0;0;0;0
458;Malaysia;Share in total final energy consumption (%);Tide, wave and ocean;IEA (2024), World Energy Balances;0;0;0;0;0;0;0;0;0;0;0;0;0;0;0;0;0;0;0;0;0;0;0;0;0;0;0;0;0;0;0;0;0
458;Malaysia;Share in total final energy consumption (%);Wind;IEA (2024), World Energy Balances;0;0;0;0;0;0;0;0;0;0;0;0;0;0;0;0;0;0;0;0;0;0;0;0;0;0;0;0;0;0;0;0;0
458;Malaysia;Share in total final energy consumption (%);Solar;IEA (2024), World Energy Balances;0;0;0;0;0;0;0;0;0;0;0;0;0;0;0;0;0;0;0;0;0;0;0;0;0;0;0.1;0.1;0.1;0.2;0.3;0.3;0.3
458;Malaysia;Final consumption of renewable energy (PJ) - Heat raising;Renewables;IEA (2024), World Energy Balances;31.4;30.1;29.8;29.8;29.4;29.1;29;28.6;28.2;27.8;27.4;27.1;26.8;26.5;26.1;25.8;25.5;25.2;24.8;7.7;7;5.7;4.4;3;1.5;0;0;0;0;0;0;0;0
458;Malaysia;Final consumption of renewable energy (PJ) - Transport;Renewables;IEA (2024), World Energy Balances;0;0;0;0;0;0;0;0;0;0;0;0;0;0;0;0;0.3;1.3;1.8;0.2;0.2;1;4.9;7.9;11.8;16.4;16.4;16.2;18.5;27.4;33.4;34.9;34.8
458;Malaysia;Final consumption of renewable energy (PJ) - Electricity consumption;Renewables;IEA (2024), World Energy Balances;12.4;13.4;13.8;14.4;20.5;19.3;15.9;12.3;15.3;23.2;22.1;23.2;17.7;17;19.7;18.2;21.8;21.4;25.5;25.9;23.9;27;32;39.3;44.8;47.4;69.7;88.7;90.9;91.5;95.9;106.5;108.8
462;Maldives;Total final energy consumption (PJ);Total;Energy Balances, UN Statistics Division (2024);1.9;2;2.9;2.4;2.4;3;3.3;3.9;3.5;4.9;4.7;5;6.4;5.3;7.2;6.5;7.9;8.4;8.7;9.2;10.2;10.7;12.3;12.1;13.9;13;15.2;15.8;18.4;22;17.8;20.6;23.2
462;Maldives;Share in total final energy consumption (%);Renewables;Energy Balances, UN Statistics Division (2024);4.5;4.5;3.1;3.8;4;3.3;3.2;2.7;3;2.2;2.3;2.3;1.8;2.2;1.7;1.9;1.6;1.5;1.5;1.5;1.4;1.3;1.2;1.3;1.2;1.5;1.2;1.3;1.3;1.2;1.5;1.4;1.3
462;Maldives;Share in total final energy consumption (%);Modern renewables;Energy Balances, UN Statistics Division (2024);0;0;0;0;0;0;0;0;0;0;0;0;0;0;0;0;0;0;0;0.1;0.1;0.1;0.1;0.1;0.2;0.2;0.3;0.4;0.5;0.5;0.8;0.7;0.7
462;Maldives;Share in total final energy consumption (%);Municipal waste (renew);Energy Balances, UN Statistics Division (2024);0;0;0;0;0;0;0;0;0;0;0;0;0;0;0;0;0;0;0;0;0;0;0;0;0;0;0;0;0;0;0;0;0
462;Maldives;Share in total final energy consumption (%);Liquid biofuels;Energy Balances, UN Statistics Division (2024);0;0;0;0;0;0;0;0;0;0;0;0;0;0;0;0;0;0;0;0;0;0;0;0;0;0;0;0;0;0;0;0;0
462;Maldives;Share in total final energy consumption (%);Solid biofuels;Energy Balances, UN Statistics Division (2024);4.5;4.5;3.1;3.8;4;3.3;3.2;2.7;3;2.2;2.3;2.3;1.8;2.2;1.7;1.9;1.6;1.5;1.5;1.4;1.3;1.2;1.1;1.1;1;1.2;0.9;0.9;0.8;0.7;0.8;0.7;0.6
462;Maldives;Share in total final energy consumption (%);Biogases;Energy Balances, UN Statistics Division (2024);0;0;0;0;0;0;0;0;0;0;0;0;0;0;0;0;0;0;0;0;0;0;0;0;0;0;0;0;0;0;0;0;0
462;Maldives;Share in total final energy consumption (%);Hydro;Energy Balances, UN Statistics Division (2024);0;0;0;0;0;0;0;0;0;0;0;0;0;0;0;0;0;0;0;0;0;0;0;0;0;0;0;0;0;0;0;0;0
462;Maldives;Share in total final energy consumption (%);Geothermal;Energy Balances, UN Statistics Division (2024);0;0;0;0;0;0;0;0;0;0;0;0;0;0;0;0;0;0;0;0;0;0;0;0;0;0;0;0;0;0;0;0;0
462;Maldives;Share in total final energy consumption (%);Tide, wave and ocean;Energy Balances, UN Statistics Division (2024);0;0;0;0;0;0;0;0;0;0;0;0;0;0;0;0;0;0;0;0;0;0;0;0;0;0;0;0;0;0;0;0;0
462;Maldives;Share in total final energy consumption (%);Wind;Energy Balances, UN Statistics Division (2024);0;0;0;0;0;0;0;0;0;0;0;0;0;0;0;0;0;0;0;0.1;0.1;0.1;0.1;0.1;0.1;0.1;0.1;0.1;0;0;0;0;0
462;Maldives;Share in total final energy consumption (%);Solar;Energy Balances, UN Statistics Division (2024);0;0;0;0;0;0;0;0;0;0;0;0;0;0;0;0;0;0;0;0;0;0;0.1;0.1;0.1;0.2;0.2;0.3;0.4;0.5;0.7;0.7;0.7
462;Maldives;Final consumption of renewable energy (PJ) - Heat raising;Renewables;Energy Balances, UN Statistics Division (2024);0.1;0.1;0.1;0.1;0.1;0.1;0.1;0.1;0.1;0.1;0.1;0.1;0.1;0.1;0.1;0.1;0.1;0.1;0.1;0.1;0.1;0.1;0.1;0.1;0.1;0.2;0.1;0.1;0.2;0.2;0.1;0.1;0.1
462;Maldives;Final consumption of renewable energy (PJ) - Transport;Renewables;Energy Balances, UN Statistics Division (2024);0;0;0;0;0;0;0;0;0;0;0;0;0;0;0;0;0;0;0;0;0;0;0;0;0;0;0;0;0;0;0;0;0
462;Maldives;Final consumption of renewable energy (PJ) - Electricity consumption;Renewables;Energy Balances, UN Statistics Division (2024);0;0;0;0;0;0;0;0;0;0;0;0;0;0;0;0;0;0;0;0;0;0;0;0;0;0;0;0.1;0.1;0.1;0.1;0.1;0.2
466;Mali;Total final energy consumption (PJ);Total;Energy Balances, UN Statistics Division (2024);43.8;45.9;47.2;49.5;52.9;54.6;56;57.7;58.1;59.3;60.3;63.8;69.5;79;84.7;85.4;87.9;95;100.6;105;144.4;149.2;147.1;143.6;142.2;151;162.9;161.8;162.6;170.6;178.8;188;181.7
466;Mali;Share in total final energy consumption (%);Renewables;Energy Balances, UN Statistics Division (2024);87.2;87.6;86.9;86.6;85.6;85.1;85.4;84.6;84.8;84.6;83.5;82.1;83.6;85.8;81.5;82.3;81.6;78.9;75;78.7;84;83.1;81.5;83;82.2;77.6;73.2;71.1;70.4;66.8;63.3;59.2;63.7
466;Mali;Share in total final energy consumption (%);Modern renewables;Energy Balances, UN Statistics Division (2024);8.9;8.8;8.8;8.7;8.2;8.1;7.8;7.7;7.7;7.6;7.5;8.2;8.1;7.7;8.2;8.2;8.2;8;7.7;7.7;5.1;5.7;5.9;6.3;7.2;6.7;6.8;6.8;7.7;7.5;7.9;6.9;7.5
466;Mali;Share in total final energy consumption (%);Municipal waste (renew);Energy Balances, UN Statistics Division (2024);0;0;0;0;0;0;0;0;0;0;0;0;0;0;0;0;0;0;0;0;0;0;0;0;0;0;0;0;0;0;0;0;0
466;Mali;Share in total final energy consumption (%);Liquid biofuels;Energy Balances, UN Statistics Division (2024);0;0;0;0;0;0;0;0;0;0;0;0;0;0;0;0;0;0;0;0;0;0;0;0;0;0;0;0;0;0;0;0;0
466;Mali;Share in total final energy consumption (%);Solid biofuels;Energy Balances, UN Statistics Division (2024);85.9;86.3;85.5;85.2;84.3;83.8;84.2;83.3;83.6;83.3;82.3;80.3;81.8;84;79.7;80.6;79.8;77.1;73.2;77;82.7;81.6;79.9;81.1;80;75.7;71.4;69.1;68.1;64.2;60.5;56.7;60.8
466;Mali;Share in total final energy consumption (%);Biogases;Energy Balances, UN Statistics Division (2024);0;0;0;0;0;0;0;0;0;0;0;0;0;0;0;0;0;0;0;0;0;0;0;0;0;0;0;0;0;0;0;0;0
466;Mali;Share in total final energy consumption (%);Hydro;Energy Balances, UN Statistics Division (2024);1.3;1.3;1.4;1.4;1.3;1.3;1.2;1.3;1.3;1.2;1.2;1.8;1.8;1.8;1.8;1.8;1.8;1.8;1.8;1.7;1.2;1.4;1.5;1.9;2.1;1.9;1.8;1.9;2.3;2.5;2.6;2.3;2.7
466;Mali;Share in total final energy consumption (%);Geothermal;Energy Balances, UN Statistics Division (2024);0;0;0;0;0;0;0;0;0;0;0;0;0;0;0;0;0;0;0;0;0;0;0;0;0;0;0;0;0;0;0;0;0
466;Mali;Share in total final energy consumption (%);Tide, wave and ocean;Energy Balances, UN Statistics Division (2024);0;0;0;0;0;0;0;0;0;0;0;0;0;0;0;0;0;0;0;0;0;0;0;0;0;0;0;0;0;0;0;0;0
466;Mali;Share in total final energy consumption (%);Wind;Energy Balances, UN Statistics Division (2024);0;0;0;0;0;0;0;0;0;0;0;0;0;0;0;0;0;0;0;0;0;0;0;0;0;0;0;0;0;0;0;0;0
466;Mali;Share in total final energy consumption (%);Solar;Energy Balances, UN Statistics Division (2024);0;0;0;0;0;0;0;0;0;0;0;0;0;0;0;0;0;0;0;0;0;0;0;0.1;0.1;0.1;0;0.1;0.1;0.1;0.2;0.2;0.2
466;Mali;Final consumption of renewable energy (PJ) - Heat raising;Renewables;Energy Balances, UN Statistics Division (2024);37.6;39.5;40.2;42.1;44.5;45.6;47;47.9;48.5;49.2;49.4;51;56.7;66.3;67.3;68.7;70;73.1;73.5;80.7;119.3;121.7;117.3;116.3;113.6;114.1;116.1;111.7;110.5;109.3;107.9;106.5;110.3
466;Mali;Final consumption of renewable energy (PJ) - Transport;Renewables;Energy Balances, UN Statistics Division (2024);0;0;0;0;0;0;0;0;0;0;0;0;0;0;0;0;0;0;0;0;0;0;0;0;0;0;0;0;0;0;0;0;0
466;Mali;Final consumption of renewable energy (PJ) - Electricity consumption;Renewables;Energy Balances, UN Statistics Division (2024);0.7;0.7;0.8;0.8;0.8;0.8;0.8;0.8;0.9;0.9;0.9;1.3;1.4;1.5;1.7;1.6;1.7;1.9;1.9;1.9;2;2.3;2.5;3;3.2;3.2;3.1;3.3;4;4.6;5.2;4.9;5.5
470;Malta;Total final energy consumption (PJ);Total;IEA (2024), World Energy Balances;10.9;12.8;13.3;14.3;14.1;15.8;14.5;17.1;15.6;15.4;13.3;12.9;11.5;13.2;14.2;15.8;15.8;16.3;17;15.2;16.9;16.3;17.1;17.7;18.3;19.4;19.3;20.3;21.2;22.4;20.4;21.4;24.1
470;Malta;Share in total final energy consumption (%);Renewables;IEA (2024), World Energy Balances;0;0;0;0;0;0;0;0;0;0;0;0;0.1;0.1;0.1;0.1;0.2;0.2;0.2;0.3;1.2;2;2.7;3.2;4.5;6;9.2;7.3;7.6;7.4;9.2;8.3;8.4
470;Malta;Share in total final energy consumption (%);Modern renewables;IEA (2024), World Energy Balances;0;0;0;0;0;0;0;0;0;0;0;0;0.1;0.1;0.1;0.1;0.2;0.2;0.2;0.3;1.2;2;2.7;3.2;4.5;6;9.2;7.3;7.6;7.4;9.2;8.3;8.4
470;Malta;Share in total final energy consumption (%);Municipal waste (renew);IEA (2024), World Energy Balances;0;0;0;0;0;0;0;0;0;0;0;0;0;0;0;0;0;0;0;0;0;0;0;0;0;0;0;0;0;0;0;0;0
470;Malta;Share in total final energy consumption (%);Liquid biofuels;IEA (2024), World Energy Balances;0;0;0;0;0;0;0;0;0;0;0;0;0;0;0;0;0;0;0;0;0.1;0.4;0.7;1.2;1.7;1.5;1.4;1.5;2.1;2.1;3;2.2;2.3
470;Malta;Share in total final energy consumption (%);Solid biofuels;IEA (2024), World Energy Balances;0;0;0;0;0;0;0;0;0;0;0;0;0;0;0;0;0;0;0;0;0.2;0.2;0.2;0.2;0.2;0.2;0.2;0.3;0.3;0.3;0.3;0.3;0.2
470;Malta;Share in total final energy consumption (%);Biogases;IEA (2024), World Energy Balances;0;0;0;0;0;0;0;0;0;0;0;0;0;0;0;0;0;0;0;0;0;0.3;0.5;0.3;0.3;0.4;0.6;0.4;0.3;0.3;0.3;0.3;0.3
470;Malta;Share in total final energy consumption (%);Hydro;IEA (2024), World Energy Balances;0;0;0;0;0;0;0;0;0;0;0;0;0;0;0;0;0;0;0;0;0;0;0;0;0;0;0;0;0;0;0;0;0
470;Malta;Share in total final energy consumption (%);Geothermal;IEA (2024), World Energy Balances;0;0;0;0;0;0;0;0;0;0;0;0;0;0;0;0;0;0;0;0;0;0;0;0;0;0;0;0;0;0;0;0;0
470;Malta;Share in total final energy consumption (%);Tide, wave and ocean;IEA (2024), World Energy Balances;0;0;0;0;0;0;0;0;0;0;0;0;0;0;0;0;0;0;0;0;0;0;0;0;0;0;0;0;0;0;0;0;0
470;Malta;Share in total final energy consumption (%);Wind;IEA (2024), World Energy Balances;0;0;0;0;0;0;0;0;0;0;0;0;0;0;0;0;0;0;0;0;0;0;0;0;0;0;0;0;0;0;0;0;0
470;Malta;Share in total final energy consumption (%);Solar;IEA (2024), World Energy Balances;0;0;0;0;0;0;0;0;0;0;0;0;0.1;0.1;0.1;0.1;0.2;0.2;0.2;0.3;0.9;1.1;1.3;1.5;2.3;3.9;7;5.1;4.9;4.7;5.7;5.6;5.6
470;Malta;Final consumption of renewable energy (PJ) - Heat raising;Renewables;IEA (2024), World Energy Balances;0;0;0;0;0;0;0;0;0;0;0;0;0;0;0;0;0;0;0;0;0.2;0.2;0.3;0.3;0.3;0.3;0.3;0.3;0.3;0.3;0.3;0.3;0.2
470;Malta;Final consumption of renewable energy (PJ) - Transport;Renewables;IEA (2024), World Energy Balances;0;0;0;0;0;0;0;0;0;0;0;0;0;0;0;0;0;0;0;0;0;0.1;0.1;0.2;0.3;0.3;0.3;0.3;0.4;0.4;0.6;0.5;0.5
470;Malta;Final consumption of renewable energy (PJ) - Electricity consumption;Renewables;IEA (2024), World Energy Balances;0;0;0;0;0;0;0;0;0;0;0;0;0;0;0;0;0;0;0;0;0;0;0.1;0.1;0.2;0.6;1.2;0.9;0.9;0.9;1;1.1;1.3
584;Marshall Islands;Total final energy consumption (PJ);Total;Energy Balances, UN Statistics Division (2024);NaN;NaN;0.8;0.8;0.9;0.9;0.9;0.9;0.9;0.9;1;1;1.1;1.1;1.1;1.1;1.3;1.4;1.5;1.5;1.5;1.6;1.6;1.6;1.6;1.7;1.7;1.7;1.7;1.7;1.7;1.7;1.7
584;Marshall Islands;Share in total final energy consumption (%);Renewables;Energy Balances, UN Statistics Division (2024);NaN;NaN;19.3;19;19.4;19.4;19.6;19.7;19.6;19.5;19.6;19.1;18.6;18.6;18.4;18.4;17;15.2;14.8;14;13.7;12.3;12;12.4;11.7;11.3;11.8;11.7;11.7;11.7;11.6;11.9;11.7
584;Marshall Islands;Share in total final energy consumption (%);Modern renewables;Energy Balances, UN Statistics Division (2024);NaN;NaN;0;0;0;0;0;0;0;0;0;0;0;0;0;0;0;0;0;0;0;0;0;0;0.2;0.2;0.4;0.4;0.4;0.4;0.4;0.4;0.4
584;Marshall Islands;Share in total final energy consumption (%);Municipal waste (renew);Energy Balances, UN Statistics Division (2024);NaN;NaN;0;0;0;0;0;0;0;0;0;0;0;0;0;0;0;0;0;0;0;0;0;0;0;0;0;0;0;0;0;0;0
584;Marshall Islands;Share in total final energy consumption (%);Liquid biofuels;Energy Balances, UN Statistics Division (2024);NaN;NaN;0;0;0;0;0;0;0;0;0;0;0;0;0;0;0;0;0;0;0;0;0;0;0;0;0;0;0;0;0;0;0
584;Marshall Islands;Share in total final energy consumption (%);Solid biofuels;Energy Balances, UN Statistics Division (2024);NaN;NaN;19.3;19;19.4;19.4;19.6;19.7;19.6;19.5;19.6;19.1;18.6;18.6;18.4;18.4;17;15.2;14.8;14;13.7;12.3;12;12.3;11.6;11.1;11.4;11.4;11.4;11.3;11.3;11.5;11.3
584;Marshall Islands;Share in total final energy consumption (%);Biogases;Energy Balances, UN Statistics Division (2024);NaN;NaN;0;0;0;0;0;0;0;0;0;0;0;0;0;0;0;0;0;0;0;0;0;0;0;0;0;0;0;0;0;0;0
584;Marshall Islands;Share in total final energy consumption (%);Hydro;Energy Balances, UN Statistics Division (2024);NaN;NaN;0;0;0;0;0;0;0;0;0;0;0;0;0;0;0;0;0;0;0;0;0;0;0;0;0;0;0;0;0;0;0
584;Marshall Islands;Share in total final energy consumption (%);Geothermal;Energy Balances, UN Statistics Division (2024);NaN;NaN;0;0;0;0;0;0;0;0;0;0;0;0;0;0;0;0;0;0;0;0;0;0;0;0;0;0;0;0;0;0;0
584;Marshall Islands;Share in total final energy consumption (%);Tide, wave and ocean;Energy Balances, UN Statistics Division (2024);NaN;NaN;0;0;0;0;0;0;0;0;0;0;0;0;0;0;0;0;0;0;0;0;0;0;0;0;0;0;0;0;0;0;0
584;Marshall Islands;Share in total final energy consumption (%);Wind;Energy Balances, UN Statistics Division (2024);NaN;NaN;0;0;0;0;0;0;0;0;0;0;0;0;0;0;0;0;0;0;0;0;0;0;0;0;0;0;0;0;0;0;0
584;Marshall Islands;Share in total final energy consumption (%);Solar;Energy Balances, UN Statistics Division (2024);NaN;NaN;0;0;0;0;0;0;0;0;0;0;0;0;0;0;0;0;0;0;0;0;0;0;0.2;0.2;0.4;0.4;0.4;0.4;0.4;0.4;0.4
584;Marshall Islands;Final consumption of renewable energy (PJ) - Heat raising;Renewables;Energy Balances, UN Statistics Division (2024);NaN;NaN;0.2;0.2;0.2;0.2;0.2;0.2;0.2;0.2;0.2;0.2;0.2;0.2;0.2;0.2;0.2;0.2;0.2;0.2;0.2;0.2;0.2;0.2;0.2;0.2;0.2;0.2;0.2;0.2;0.2;0.2;0.2
584;Marshall Islands;Final consumption of renewable energy (PJ) - Transport;Renewables;Energy Balances, UN Statistics Division (2024);NaN;NaN;0;0;0;0;0;0;0;0;0;0;0;0;0;0;0;0;0;0;0;0;0;0;0;0;0;0;0;0;0;0;0
584;Marshall Islands;Final consumption of renewable energy (PJ) - Electricity consumption;Renewables;Energy Balances, UN Statistics Division (2024);NaN;NaN;0;0;0;0;0;0;0;0;0;0;0;0;0;0;0;0;0;0;0;0;0;0;0;0;0;0;0;0;0;0;0
474;Martinique;Total final energy consumption (PJ);Total;Energy Balances, UN Statistics Division (2024);11.1;11.3;12;12.4;12.7;13;13.2;14.9;14.5;15.1;15.2;15.6;16;16.2;15.8;16.2;16.2;17;17.6;17.9;17.5;NaN;NaN;NaN;NaN;NaN;NaN;NaN;NaN;NaN;NaN;NaN;NaN
474;Martinique;Share in total final energy consumption (%);Renewables;Energy Balances, UN Statistics Division (2024);1.8;1.9;1.7;1.7;1.7;1.7;1.7;1.6;1.7;1.6;1.7;1.6;1.6;1.7;1.7;1.8;1.8;2.4;2.3;2.4;2.5;NaN;NaN;NaN;NaN;NaN;NaN;NaN;NaN;NaN;NaN;NaN;NaN
474;Martinique;Share in total final energy consumption (%);Modern renewables;Energy Balances, UN Statistics Division (2024);1.5;1.5;1.3;1.4;1.3;1.3;1.3;1.2;1.3;1.3;1.3;1.3;1.3;1.3;1.4;1.5;1.5;2;2;2.1;2.2;NaN;NaN;NaN;NaN;NaN;NaN;NaN;NaN;NaN;NaN;NaN;NaN
474;Martinique;Share in total final energy consumption (%);Municipal waste (renew);Energy Balances, UN Statistics Division (2024);0;0;0;0;0;0;0;0;0;0;0;0;0;0;0;0;0;0.6;0.6;0.6;0.5;NaN;NaN;NaN;NaN;NaN;NaN;NaN;NaN;NaN;NaN;NaN;NaN
474;Martinique;Share in total final energy consumption (%);Liquid biofuels;Energy Balances, UN Statistics Division (2024);0;0;0;0;0;0;0;0;0;0;0;0;0;0;0;0;0;0;0;0;0;NaN;NaN;NaN;NaN;NaN;NaN;NaN;NaN;NaN;NaN;NaN;NaN
474;Martinique;Share in total final energy consumption (%);Solid biofuels;Energy Balances, UN Statistics Division (2024);1.8;1.9;1.7;1.7;1.7;1.7;1.7;1.5;1.6;1.6;1.6;1.6;1.6;1.6;1.7;1.7;1.7;1.7;1.6;1.7;1.7;NaN;NaN;NaN;NaN;NaN;NaN;NaN;NaN;NaN;NaN;NaN;NaN
474;Martinique;Share in total final energy consumption (%);Biogases;Energy Balances, UN Statistics Division (2024);0;0;0;0;0;0;0;0;0;0;0;0;0;0;0;0;0;0;0;0;0;NaN;NaN;NaN;NaN;NaN;NaN;NaN;NaN;NaN;NaN;NaN;NaN
474;Martinique;Share in total final energy consumption (%);Hydro;Energy Balances, UN Statistics Division (2024);0;0;0;0;0;0;0;0;0;0;0;0;0;0;0;0;0;0;0;0;0;NaN;NaN;NaN;NaN;NaN;NaN;NaN;NaN;NaN;NaN;NaN;NaN
474;Martinique;Share in total final energy consumption (%);Geothermal;Energy Balances, UN Statistics Division (2024);0;0;0;0;0;0;0;0;0;0;0;0;0;0;0;0;0;0;0;0;0;NaN;NaN;NaN;NaN;NaN;NaN;NaN;NaN;NaN;NaN;NaN;NaN
474;Martinique;Share in total final energy consumption (%);Tide, wave and ocean;Energy Balances, UN Statistics Division (2024);0;0;0;0;0;0;0;0;0;0;0;0;0;0;0;0;0;0;0;0;0;NaN;NaN;NaN;NaN;NaN;NaN;NaN;NaN;NaN;NaN;NaN;NaN
474;Martinique;Share in total final energy consumption (%);Wind;Energy Balances, UN Statistics Division (2024);0;0;0;0;0;0;0;0;0;0;0;0;0;0;0;0;0;0;0;0;0;NaN;NaN;NaN;NaN;NaN;NaN;NaN;NaN;NaN;NaN;NaN;NaN
474;Martinique;Share in total final energy consumption (%);Solar;Energy Balances, UN Statistics Division (2024);0;0;0;0;0;0;0;0;0;0;0;0;0;0.1;0.1;0.1;0.1;0.1;0.1;0.2;0.3;NaN;NaN;NaN;NaN;NaN;NaN;NaN;NaN;NaN;NaN;NaN;NaN
474;Martinique;Final consumption of renewable energy (PJ) - Heat raising;Renewables;Energy Balances, UN Statistics Division (2024);0.2;0.2;0.2;0.2;0.2;0.2;0.2;0.2;0.2;0.2;0.2;0.2;0.3;0.3;0.3;0.3;0.3;0.3;0.3;0.3;0.3;NaN;NaN;NaN;NaN;NaN;NaN;NaN;NaN;NaN;NaN;NaN;NaN
474;Martinique;Final consumption of renewable energy (PJ) - Transport;Renewables;Energy Balances, UN Statistics Division (2024);0;0;0;0;0;0;0;0;0;0;0;0;0;0;0;0;0;0;0;0;0;NaN;NaN;NaN;NaN;NaN;NaN;NaN;NaN;NaN;NaN;NaN;NaN
474;Martinique;Final consumption of renewable energy (PJ) - Electricity consumption;Renewables;Energy Balances, UN Statistics Division (2024);0;0;0;0;0;0;0;0;0;0;0;0;0;0;0;0;0;0.1;0.1;0.1;0.1;NaN;NaN;NaN;NaN;NaN;NaN;NaN;NaN;NaN;NaN;NaN;NaN
478;Mauritania;Total final energy consumption (PJ);Total;Energy Balances, UN Statistics Division (2024);17.9;18.3;18.7;19;19.5;19.9;20.8;21.1;20.5;21.7;21.9;22.5;24.1;25.8;27.5;27.9;28.3;31.8;32.3;35.3;35.5;37;39.5;37.2;42.9;49.1;44.7;56.5;69.2;71.6;74.3;71.6;81.6
478;Mauritania;Share in total final energy consumption (%);Renewables;Energy Balances, UN Statistics Division (2024);47;46.7;46.4;46.1;45.5;45.2;43.9;43.8;46;43.9;44.4;44.2;42.1;40.2;38.6;38.8;39.1;35.6;35.8;33.4;34;33.3;31.9;35.1;31;28.3;31.7;25.5;21.6;21.2;20.9;22.1;19.6
478;Mauritania;Share in total final energy consumption (%);Modern renewables;Energy Balances, UN Statistics Division (2024);0.4;0.4;0.4;0.4;0.4;0.5;0.5;0.5;0.4;0;0;0;0;0;0;0;0;0;0;0;0;0;0;0.4;0.4;1;1.3;1;1.2;1.2;1.3;1.4;1.1
478;Mauritania;Share in total final energy consumption (%);Municipal waste (renew);Energy Balances, UN Statistics Division (2024);0;0;0;0;0;0;0;0;0;0;0;0;0;0;0;0;0;0;0;0;0;0;0;0;0;0;0;0;0;0;0;0;0
478;Mauritania;Share in total final energy consumption (%);Liquid biofuels;Energy Balances, UN Statistics Division (2024);0;0;0;0;0;0;0;0;0;0;0;0;0;0;0;0;0;0;0;0;0;0;0;0;0;0;0;0;0;0;0;0;0
478;Mauritania;Share in total final energy consumption (%);Solid biofuels;Energy Balances, UN Statistics Division (2024);46.6;46.2;46;45.6;45;44.8;43.4;43.3;45.6;43.9;44.4;44.2;42.1;40.2;38.6;38.8;39.1;35.6;35.8;33.4;34;33.3;31.8;34.7;30.6;27.3;30.4;24.5;20.4;20;19.6;20.7;18.5
478;Mauritania;Share in total final energy consumption (%);Biogases;Energy Balances, UN Statistics Division (2024);0;0;0;0;0;0;0;0;0;0;0;0;0;0;0;0;0;0;0;0;0;0;0;0;0;0;0;0;0;0;0;0;0
478;Mauritania;Share in total final energy consumption (%);Hydro;Energy Balances, UN Statistics Division (2024);0.4;0.4;0.4;0.4;0.4;0.5;0.5;0.5;0.4;0;0;0;0;0;0;0;0;0;0;0;0;0;0;0;0;0;0;0;0;0;0;0;0
478;Mauritania;Share in total final energy consumption (%);Geothermal;Energy Balances, UN Statistics Division (2024);0;0;0;0;0;0;0;0;0;0;0;0;0;0;0;0;0;0;0;0;0;0;0;0;0;0;0;0;0;0;0;0;0
478;Mauritania;Share in total final energy consumption (%);Tide, wave and ocean;Energy Balances, UN Statistics Division (2024);0;0;0;0;0;0;0;0;0;0;0;0;0;0;0;0;0;0;0;0;0;0;0;0;0;0;0;0;0;0;0;0;0
478;Mauritania;Share in total final energy consumption (%);Wind;Energy Balances, UN Statistics Division (2024);0;0;0;0;0;0;0;0;0;0;0;0;0;0;0;0;0;0;0;0;0;0;0;0.2;0.1;0.8;0.8;0.6;0.5;0.5;0.6;0.7;0.6
478;Mauritania;Share in total final energy consumption (%);Solar;Energy Balances, UN Statistics Division (2024);0;0;0;0;0;0;0;0;0;0;0;0;0;0;0;0;0;0;0;0;0;0;0;0.3;0.3;0.2;0.4;0.3;0.7;0.7;0.7;0.7;0.6
478;Mauritania;Final consumption of renewable energy (PJ) - Heat raising;Renewables;Energy Balances, UN Statistics Division (2024);8.3;8.4;8.6;8.7;8.8;8.9;9;9.2;9.4;9.5;9.7;9.9;10.2;10.4;10.6;10.8;11.1;11.3;11.6;11.8;12.1;12.3;12.6;12.9;13.1;13.4;13.6;13.8;14.1;14.3;14.6;14.8;15.1
478;Mauritania;Final consumption of renewable energy (PJ) - Transport;Renewables;Energy Balances, UN Statistics Division (2024);0;0;0;0;0;0;0;0;0;0;0;0;0;0;0;0;0;0;0;0;0;0;0;0;0;0;0;0;0;0;0;0;0
478;Mauritania;Final consumption of renewable energy (PJ) - Electricity consumption;Renewables;Energy Balances, UN Statistics Division (2024);0.1;0.1;0.1;0.1;0.1;0.1;0.1;0.1;0.1;0;0;0;0;0;0;0;0;0;0;0;0;0;0;0.2;0.2;0.5;0.6;0.5;0.8;0.9;1;1;0.9
480;Mauritius;Total final energy consumption (PJ);Total;IEA (2024), World Energy Balances;22.2;22;23.5;24.8;23.5;25.1;24.4;25.3;25.3;25.7;27.2;27.9;27.8;29.2;29.7;30;31.1;30.4;30;29.7;31.1;31;31.2;31.6;32.3;33.4;34;34.4;34.7;36.2;31.7;32.3;34.8
480;Mauritius;Share in total final energy consumption (%);Renewables;IEA (2024), World Energy Balances;47.1;43.3;43.2;38.8;35.4;38.8;35.6;36.4;33.5;21;20.4;20.1;17.9;18.9;19.1;17.7;16.4;15.7;12.7;12.8;12.8;12;11.5;11.4;10.6;11.5;10.3;9.4;9.2;8.9;9.4;8.6;7.2
480;Mauritius;Share in total final energy consumption (%);Modern renewables;IEA (2024), World Energy Balances;40.6;38.4;39.5;35.8;32.9;36.8;33.8;35;32.2;19.9;19.5;19.2;17;18;18.2;16.8;15.5;14.8;11.8;11.9;11.9;11.2;10.6;10.6;9.9;10.8;9.7;8.8;8.6;8.5;9;8.2;6.8
480;Mauritius;Share in total final energy consumption (%);Municipal waste (renew);IEA (2024), World Energy Balances;0;0;0;0;0;0;0;0;0;0;0;0;0;0;0;0;0;0;0;0;0;0;0;0;0;0;0;0;0;0;0;0;0
480;Mauritius;Share in total final energy consumption (%);Liquid biofuels;IEA (2024), World Energy Balances;0;0;0;0;0;0;0;0;0;0;0;0;0;0;0;0;0;0;0;0;0;0;0;0;0;0;0;0;0;0;0;0;0
480;Mauritius;Share in total final energy consumption (%);Solid biofuels;IEA (2024), World Energy Balances;45.8;42.2;41.6;37.4;34.4;37.1;34.2;35.3;32.2;20.6;19.3;19.3;16.9;17.6;17.8;16.4;15.6;14.8;11.6;11.4;11.7;11.4;10.4;10.1;9.2;9.8;8.7;7.9;7.2;6.5;6.2;5.6;4.2
480;Mauritius;Share in total final energy consumption (%);Biogases;IEA (2024), World Energy Balances;0;0;0;0;0;0;0;0;0;0;0;0;0;0;0;0;0;0;0;0;0;0;0.2;0.2;0.2;0.2;0.2;0.2;0.2;0.2;0.3;0.2;0.2
480;Mauritius;Share in total final energy consumption (%);Hydro;IEA (2024), World Energy Balances;1.2;1.1;1.6;1.4;1;1.7;1.4;1.2;1.3;0.4;1.1;0.8;1;1.3;1.3;1.2;0.8;0.9;1.2;1.3;1.1;0.6;0.8;1;0.9;1.2;1;0.9;1.2;0.9;1.2;1.1;1.2
480;Mauritius;Share in total final energy consumption (%);Geothermal;IEA (2024), World Energy Balances;0;0;0;0;0;0;0;0;0;0;0;0;0;0;0;0;0;0;0;0;0;0;0;0;0;0;0;0;0;0;0;0;0
480;Mauritius;Share in total final energy consumption (%);Tide, wave and ocean;IEA (2024), World Energy Balances;0;0;0;0;0;0;0;0;0;0;0;0;0;0;0;0;0;0;0;0;0;0;0;0;0;0;0;0;0;0;0;0;0
480;Mauritius;Share in total final energy consumption (%);Wind;IEA (2024), World Energy Balances;0;0;0;0;0;0;0;0;0;0;0;0;0;0;0;0;0;0;0;0;0;0;0;0;0;0;0.2;0.1;0.1;0.1;0.2;0.2;0.1
480;Mauritius;Share in total final energy consumption (%);Solar;IEA (2024), World Energy Balances;0;0;0;0;0;0;0;0;0;0;0;0;0;0;0;0;0;0;0;0;0;0;0;0;0.3;0.3;0.3;0.4;0.5;1.2;1.5;1.6;1.5
480;Mauritius;Final consumption of renewable energy (PJ) - Heat raising;Renewables;IEA (2024), World Energy Balances;9.6;8.7;9.2;8.7;7.6;8.7;7.6;8.1;7.1;4.3;3.8;3.8;3.2;3.7;3.7;3.5;3.4;3;1.9;1.8;2.1;1.9;1.7;1.6;1.4;1.6;1.3;1.2;1;0.9;0.7;0.7;0.5
480;Mauritius;Final consumption of renewable energy (PJ) - Transport;Renewables;IEA (2024), World Energy Balances;0;0;0;0;0;0;0;0;0;0;0;0;0;0;0;0;0;0;0;0;0;0;0;0;0;0;0;0;0;0;0;0;0
480;Mauritius;Final consumption of renewable energy (PJ) - Electricity consumption;Renewables;IEA (2024), World Energy Balances;0.8;0.8;1;0.9;0.8;1;1.1;1.1;1.4;1.1;1.7;1.8;1.7;1.8;1.9;1.8;1.7;1.8;1.9;2;1.9;1.8;1.9;2;2;2.3;2.2;2.1;2.2;2.3;2.3;2.1;2
175;Mayotte;Total final energy consumption (PJ);Total;Energy Balances, UN Statistics Division (2024);1;1.1;1.1;1.2;1.3;1.3;1.4;1.5;1.5;1.6;1.6;1.7;1.8;1.9;2;2.1;2.2;2.3;2.5;2.6;2.7;NaN;NaN;NaN;NaN;NaN;NaN;NaN;NaN;NaN;NaN;NaN;NaN
175;Mayotte;Share in total final energy consumption (%);Renewables;Energy Balances, UN Statistics Division (2024);33.4;31.4;29.5;27.9;26.6;25.2;24.1;22.8;21.6;20.5;16.2;15.4;14.9;14.1;13.3;11.4;11;10.4;9.7;9.4;10;NaN;NaN;NaN;NaN;NaN;NaN;NaN;NaN;NaN;NaN;NaN;NaN
175;Mayotte;Share in total final energy consumption (%);Modern renewables;Energy Balances, UN Statistics Division (2024);0;0;0;0;0;0;0;0;0;0;0;0;0;0;0;0;0;0;0;0.2;0.8;NaN;NaN;NaN;NaN;NaN;NaN;NaN;NaN;NaN;NaN;NaN;NaN
175;Mayotte;Share in total final energy consumption (%);Municipal waste (renew);Energy Balances, UN Statistics Division (2024);0;0;0;0;0;0;0;0;0;0;0;0;0;0;0;0;0;0;0;0;0;NaN;NaN;NaN;NaN;NaN;NaN;NaN;NaN;NaN;NaN;NaN;NaN
175;Mayotte;Share in total final energy consumption (%);Liquid biofuels;Energy Balances, UN Statistics Division (2024);0;0;0;0;0;0;0;0;0;0;0;0;0;0;0;0;0;0;0;0;0;NaN;NaN;NaN;NaN;NaN;NaN;NaN;NaN;NaN;NaN;NaN;NaN
175;Mayotte;Share in total final energy consumption (%);Solid biofuels;Energy Balances, UN Statistics Division (2024);33.4;31.4;29.5;27.9;26.6;25.2;24.1;22.8;21.6;20.5;16.2;15.4;14.9;14.1;13.3;11.4;11;10.4;9.7;9.3;9.1;NaN;NaN;NaN;NaN;NaN;NaN;NaN;NaN;NaN;NaN;NaN;NaN
175;Mayotte;Share in total final energy consumption (%);Biogases;Energy Balances, UN Statistics Division (2024);0;0;0;0;0;0;0;0;0;0;0;0;0;0;0;0;0;0;0;0;0;NaN;NaN;NaN;NaN;NaN;NaN;NaN;NaN;NaN;NaN;NaN;NaN
175;Mayotte;Share in total final energy consumption (%);Hydro;Energy Balances, UN Statistics Division (2024);0;0;0;0;0;0;0;0;0;0;0;0;0;0;0;0;0;0;0;0;0;NaN;NaN;NaN;NaN;NaN;NaN;NaN;NaN;NaN;NaN;NaN;NaN
175;Mayotte;Share in total final energy consumption (%);Geothermal;Energy Balances, UN Statistics Division (2024);0;0;0;0;0;0;0;0;0;0;0;0;0;0;0;0;0;0;0;0;0;NaN;NaN;NaN;NaN;NaN;NaN;NaN;NaN;NaN;NaN;NaN;NaN
175;Mayotte;Share in total final energy consumption (%);Tide, wave and ocean;Energy Balances, UN Statistics Division (2024);0;0;0;0;0;0;0;0;0;0;0;0;0;0;0;0;0;0;0;0;0;NaN;NaN;NaN;NaN;NaN;NaN;NaN;NaN;NaN;NaN;NaN;NaN
175;Mayotte;Share in total final energy consumption (%);Wind;Energy Balances, UN Statistics Division (2024);0;0;0;0;0;0;0;0;0;0;0;0;0;0;0;0;0;0;0;0;0;NaN;NaN;NaN;NaN;NaN;NaN;NaN;NaN;NaN;NaN;NaN;NaN
175;Mayotte;Share in total final energy consumption (%);Solar;Energy Balances, UN Statistics Division (2024);0;0;0;0;0;0;0;0;0;0;0;0;0;0;0;0;0;0;0;0.2;0.8;NaN;NaN;NaN;NaN;NaN;NaN;NaN;NaN;NaN;NaN;NaN;NaN
175;Mayotte;Final consumption of renewable energy (PJ) - Heat raising;Renewables;Energy Balances, UN Statistics Division (2024);0.3;0.3;0.3;0.3;0.3;0.3;0.3;0.3;0.3;0.3;0.3;0.3;0.3;0.3;0.3;0.2;0.2;0.2;0.2;0.2;0.2;NaN;NaN;NaN;NaN;NaN;NaN;NaN;NaN;NaN;NaN;NaN;NaN
175;Mayotte;Final consumption of renewable energy (PJ) - Transport;Renewables;Energy Balances, UN Statistics Division (2024);0;0;0;0;0;0;0;0;0;0;0;0;0;0;0;0;0;0;0;0;0;NaN;NaN;NaN;NaN;NaN;NaN;NaN;NaN;NaN;NaN;NaN;NaN
175;Mayotte;Final consumption of renewable energy (PJ) - Electricity consumption;Renewables;Energy Balances, UN Statistics Division (2024);0;0;0;0;0;0;0;0;0;0;0;0;0;0;0;0;0;0;0;0;0;NaN;NaN;NaN;NaN;NaN;NaN;NaN;NaN;NaN;NaN;NaN;NaN
484;Mexico;Total final energy consumption (PJ);Total;IEA (2024), World Energy Balances;3107.5;3198.5;3236.2;3242.1;3369.4;3267.8;3360.1;3451.5;3548.8;3532.6;3682.6;3598.3;3679.5;3838.4;4025;4190;4401.6;4489.2;4633.1;4387.3;4601.6;4750.7;4764.1;4768.8;4705.2;4793.4;4872.4;4927.9;4712.4;4706.3;4088.9;3958.5;4401.4
484;Mexico;Share in total final energy consumption (%);Renewables;IEA (2024), World Energy Balances;14.4;13.2;13.4;13.3;11.9;13.3;13.1;12.7;12.2;12.7;12.2;11.3;10.7;10.2;10.2;10.3;9.8;9.5;9.8;9.2;9.4;9.1;9;9.2;9.8;9.2;9.2;10;10.3;10.3;12.3;13.1;13.3
484;Mexico;Share in total final energy consumption (%);Modern renewables;IEA (2024), World Energy Balances;14.4;13.2;13.4;13.3;11.9;13.3;13.1;12.7;12.2;12.7;12.2;11.3;10.7;10.2;10.2;10.3;9.8;9.5;9.8;9.2;9.4;9.1;9;9.2;9.8;9.2;9.2;10;10.3;10.3;12.3;13.1;13.3
484;Mexico;Share in total final energy consumption (%);Municipal waste (renew);IEA (2024), World Energy Balances;0;0;0;0;0;0;0;0;0;0;0;0;0;0;0;0;0;0;0;0;0;0;0;0;0;0;0;0;0;0;0;0;0
484;Mexico;Share in total final energy consumption (%);Liquid biofuels;IEA (2024), World Energy Balances;0;0;0;0;0;0;0;0;0;0;0;0;0;0;0;0;0;0;0;0;0;0;0;0;0;0;0;0;0;0;0;0;0
484;Mexico;Share in total final energy consumption (%);Solid biofuels;IEA (2024), World Energy Balances;11.5;10.8;10.7;10.5;9.7;10.4;10.2;10.3;10.1;9.9;9.4;8.9;8.6;8.3;8;7.9;7.4;7.2;6.9;6.9;6.5;6.3;6.3;6.7;6.3;6.1;6;6.7;6.6;6.7;6.8;7.5;7.1
484;Mexico;Share in total final energy consumption (%);Biogases;IEA (2024), World Energy Balances;0;0;0;0;0;0;0;0;0;0;0;0;0;0;0;0;0;0;0;0;0;0;0;0;0;0;0;0;0;0;0;0;0
484;Mexico;Share in total final energy consumption (%);Hydro;IEA (2024), World Energy Balances;2.4;1.9;2.3;2.3;1.7;2.4;2.4;2;1.7;2.3;2.3;2;1.7;1.4;1.7;1.8;1.9;1.7;2.4;1.7;2.3;2.1;1.9;1.7;2.5;1.9;1.9;2;2.1;1.5;2.2;2.4;2.6
484;Mexico;Share in total final energy consumption (%);Geothermal;IEA (2024), World Energy Balances;0.5;0.5;0.5;0.5;0.5;0.5;0.4;0.4;0.4;0.4;0.4;0.4;0.4;0.4;0.4;0.5;0.4;0.5;0.4;0.4;0.4;0.4;0.4;0.4;0.4;0.4;0.4;0.4;0.3;0.3;0.4;0.3;0.3
484;Mexico;Share in total final energy consumption (%);Tide, wave and ocean;IEA (2024), World Energy Balances;0;0;0;0;0;0;0;0;0;0;0;0;0;0;0;0;0;0;0;0;0;0;0;0;0;0;0;0;0;0;0;0;0
484;Mexico;Share in total final energy consumption (%);Wind;IEA (2024), World Energy Balances;0;0;0;0;0;0;0;0;0;0;0;0;0;0;0;0;0;0;0;0;0.1;0.1;0.2;0.3;0.4;0.5;0.6;0.6;0.8;1;1.6;1.5;1.5
484;Mexico;Share in total final energy consumption (%);Solar;IEA (2024), World Energy Balances;0;0;0;0;0;0;0;0;0;0;0;0.1;0.1;0.1;0.1;0.1;0.1;0.1;0.1;0.1;0.1;0.1;0.1;0.2;0.2;0.2;0.2;0.3;0.4;0.7;1.2;1.3;1.9
484;Mexico;Final consumption of renewable energy (PJ) - Heat raising;Renewables;IEA (2024), World Energy Balances;358.9;342;339.7;334.1;321.1;331.6;340.2;352.2;354;349;344.5;317.6;311.9;315.1;316.7;328.1;325.4;321.2;320.7;306.3;301.8;305.4;304.2;324.6;299.9;299.1;300;336;319.2;321.7;287.2;309.8;324.7
484;Mexico;Final consumption of renewable energy (PJ) - Transport;Renewables;IEA (2024), World Energy Balances;0.7;0.6;0.8;0.8;0.6;0.8;0.9;0.7;0.6;0.8;0.8;0.7;0.6;0.5;0.6;0.6;0.6;0.6;0.7;0.5;0.7;0.6;0.6;0.5;0.7;0.6;0.6;0.6;0.6;0.6;0.7;1.1;1.4
484;Mexico;Final consumption of renewable energy (PJ) - Electricity consumption;Renewables;IEA (2024), World Energy Balances;88.4;79.5;94.1;96.5;78;100.9;97.9;85.4;79.7;100.6;102.8;90;80.6;74.7;93.9;103.2;106.5;102.8;131.3;95.4;128.2;124.7;122.4;115.1;158.6;141;148.6;158.6;163.6;160.5;213.5;206.3;259.4
583;Micronesia (Federated States of);Total final energy consumption (PJ);Total;Energy Balances, UN Statistics Division (2024);NaN;NaN;1.4;1.5;1.6;1.9;1.9;2;2.1;2.1;2;1.8;1.6;1.7;1.5;1.1;1.1;1.3;1.1;1.5;0.9;1.2;1.3;1.3;1.4;1.4;1.4;1.4;1.4;1.4;1.4;1.4;1.5
583;Micronesia (Federated States of);Share in total final energy consumption (%);Renewables;Energy Balances, UN Statistics Division (2024);NaN;NaN;1;1;0.9;0.8;0.8;0.8;0.8;0.6;1.3;1.4;1.6;0.9;1;1.3;1.4;1.2;1.4;1.1;2;1.6;1.4;1.4;1.5;1.7;1.9;1.7;2;2;1.9;1.8;2.1
583;Micronesia (Federated States of);Share in total final energy consumption (%);Modern renewables;Energy Balances, UN Statistics Division (2024);NaN;NaN;0;0;0;0;0;0;0;0.4;1;1.1;1.3;0.5;0.6;0.8;0.9;0.8;0.9;0.8;1.3;1.1;1;1;1.1;1.3;1.4;1.5;1.7;1.7;1.6;1.6;1.8
583;Micronesia (Federated States of);Share in total final energy consumption (%);Municipal waste (renew);Energy Balances, UN Statistics Division (2024);NaN;NaN;0;0;0;0;0;0;0;0;0;0;0;0;0;0;0;0;0;0;0;0;0;0;0;0;0;0;0;0;0;0;0
583;Micronesia (Federated States of);Share in total final energy consumption (%);Liquid biofuels;Energy Balances, UN Statistics Division (2024);NaN;NaN;0;0;0;0;0;0;0;0;0;0;0;0;0;0;0;0;0;0;0;0;0;0;0;0;0;0;0;0;0;0;0
583;Micronesia (Federated States of);Share in total final energy consumption (%);Solid biofuels;Energy Balances, UN Statistics Division (2024);NaN;NaN;1;1;0.9;0.8;0.8;0.8;0.8;0.5;0.7;0.8;0.9;0.8;1;1.3;1.3;1.1;1.4;1;1.7;1.4;1.2;1.2;1.2;1.2;1.2;1.1;1.1;1;1.1;1.1;1
583;Micronesia (Federated States of);Share in total final energy consumption (%);Biogases;Energy Balances, UN Statistics Division (2024);NaN;NaN;0;0;0;0;0;0;0;0;0;0;0;0;0;0;0;0;0;0;0;0;0;0;0;0;0;0;0;0;0;0;0
583;Micronesia (Federated States of);Share in total final energy consumption (%);Hydro;Energy Balances, UN Statistics Division (2024);NaN;NaN;0;0;0;0;0;0;0;0;0.6;0.6;0.7;0;0;0;0;0;0;0;0;0;0;0;0.1;0.2;0.2;0.2;0.2;0.2;0.2;0.2;0.2
583;Micronesia (Federated States of);Share in total final energy consumption (%);Geothermal;Energy Balances, UN Statistics Division (2024);NaN;NaN;0;0;0;0;0;0;0;0;0;0;0;0;0;0;0;0;0;0;0;0;0;0;0;0;0;0;0;0;0;0;0
583;Micronesia (Federated States of);Share in total final energy consumption (%);Tide, wave and ocean;Energy Balances, UN Statistics Division (2024);NaN;NaN;0;0;0;0;0;0;0;0;0;0;0;0;0;0;0;0;0;0;0;0;0;0;0;0;0;0;0;0;0;0;0
583;Micronesia (Federated States of);Share in total final energy consumption (%);Wind;Energy Balances, UN Statistics Division (2024);NaN;NaN;0;0;0;0;0;0;0;0;0;0;0;0;0;0;0;0;0;0;0;0;0;0;0;0;0;0;0.2;0.2;0;0;0.2
583;Micronesia (Federated States of);Share in total final energy consumption (%);Solar;Energy Balances, UN Statistics Division (2024);NaN;NaN;0;0;0;0;0;0;0;0;0;0;0;0;0;0;0;0.1;0.1;0.1;0.2;0.2;0.2;0.2;0.2;0.2;0.4;0.4;0.5;0.5;0.6;0.6;0.6
583;Micronesia (Federated States of);Final consumption of renewable energy (PJ) - Heat raising;Renewables;Energy Balances, UN Statistics Division (2024);NaN;NaN;0;0;0;0;0;0;0;0;0;0;0;0;0;0;0;0;0;0;0;0;0;0;0;0;0;0;0;0;0;0;0
583;Micronesia (Federated States of);Final consumption of renewable energy (PJ) - Transport;Renewables;Energy Balances, UN Statistics Division (2024);NaN;NaN;0;0;0;0;0;0;0;0;0;0;0;0;0;0;0;0;0;0;0;0;0;0;0;0;0;0;0;0;0;0;0
583;Micronesia (Federated States of);Final consumption of renewable energy (PJ) - Electricity consumption;Renewables;Energy Balances, UN Statistics Division (2024);NaN;NaN;0;0;0;0;0;0;0;0;0;0;0;0;0;0;0;0;0;0;0;0;0;0;0;0;0;0;0;0;0;0;0
496;Mongolia;Total final energy consumption (PJ);Total;IEA (2024), World Energy Balances;116;110.6;91.7;83.3;72.8;73.4;64;65.8;59.4;61.9;59.7;64.3;66.7;71.5;75.8;81.8;97.9;101.2;103.3;108.5;109.8;123.4;134.4;140.8;134.7;128.6;137.4;145.7;160.7;182.5;174.2;184.2;190.5
496;Mongolia;Share in total final energy consumption (%);Renewables;IEA (2024), World Energy Balances;1.7;1;1.1;1.2;1;0.7;0.8;0.8;0.7;0.7;3.2;3.5;4;3.7;3.5;3.1;2.9;2.8;2.8;2.6;2.7;2.4;1.5;1.6;1.8;2;2;1.8;2.1;2.3;2.9;3;2.8
496;Mongolia;Share in total final energy consumption (%);Modern renewables;IEA (2024), World Energy Balances;0.6;0.3;0.3;0.3;0.2;0.1;0.1;0.1;0;0;1;1.1;1.3;1.2;1.2;1;1;0.9;0.9;0.9;0.9;0.9;0.5;0.7;0.9;1;1;0.9;1.3;1.6;1.9;2.1;1.9
496;Mongolia;Share in total final energy consumption (%);Municipal waste (renew);IEA (2024), World Energy Balances;0;0;0;0;0;0;0;0;0;0;0;0;0;0;0;0;0;0;0;0;0;0;0;0;0;0;0;0;0;0;0;0;0
496;Mongolia;Share in total final energy consumption (%);Liquid biofuels;IEA (2024), World Energy Balances;0;0;0;0;0;0;0;0;0;0;0;0;0;0;0;0;0;0;0;0;0;0;0;0;0;0;0;0;0;0;0;0;0
496;Mongolia;Share in total final energy consumption (%);Solid biofuels;IEA (2024), World Energy Balances;1.7;1;1.1;1.2;1;0.7;0.8;0.8;0.7;0.7;3.2;3.5;4;3.7;3.5;3.1;2.9;2.8;2.8;2.6;2.5;2.3;1.4;1.3;1.3;1.4;1.4;1.2;1.1;1;1.4;1.3;1.3
496;Mongolia;Share in total final energy consumption (%);Biogases;IEA (2024), World Energy Balances;0;0;0;0;0;0;0;0;0;0;0;0;0;0;0;0;0;0;0;0;0;0;0;0;0;0;0;0;0;0;0;0;0
496;Mongolia;Share in total final energy consumption (%);Hydro;IEA (2024), World Energy Balances;0;0;0;0;0;0;0;0;0;0;0;0;0;0;0;0;0;0;0;0;0.1;0.1;0.1;0.1;0.2;0.2;0.2;0.2;0.2;0.2;0.2;0.2;0.1
496;Mongolia;Share in total final energy consumption (%);Geothermal;IEA (2024), World Energy Balances;0;0;0;0;0;0;0;0;0;0;0;0;0;0;0;0;0;0;0;0;0;0;0;0;0;0;0;0;0;0;0;0;0
496;Mongolia;Share in total final energy consumption (%);Tide, wave and ocean;IEA (2024), World Energy Balances;0;0;0;0;0;0;0;0;0;0;0;0;0;0;0;0;0;0;0;0;0;0;0;0;0;0;0;0;0;0;0;0;0
496;Mongolia;Share in total final energy consumption (%);Wind;IEA (2024), World Energy Balances;0;0;0;0;0;0;0;0;0;0;0;0;0;0;0;0;0;0;0;0;0;0;0;0.1;0.3;0.4;0.4;0.3;0.7;0.9;1;1.2;1
496;Mongolia;Share in total final energy consumption (%);Solar;IEA (2024), World Energy Balances;0;0;0;0;0;0;0;0;0;0;0;0;0;0;0;0;0;0;0;0;0;0;0;0;0;0;0;0.1;0.1;0.2;0.2;0.3;0.4
496;Mongolia;Final consumption of renewable energy (PJ) - Heat raising;Renewables;IEA (2024), World Energy Balances;2;1.1;1;1;0.7;0.5;0.5;0.5;0.4;0.4;1.9;2.2;2.6;2.6;2.6;2.6;2.8;2.8;2.8;2.8;2.8;2.8;1.9;1.9;1.8;1.8;1.9;1.8;1.8;1.7;2.5;2.5;2.5
496;Mongolia;Final consumption of renewable energy (PJ) - Transport;Renewables;IEA (2024), World Energy Balances;0;0;0;0;0;0;0;0;0;0;0;0;0;0;0;0;0;0;0;0;0;0;0;0;0;0;0;0;0;0;0;0;0
496;Mongolia;Final consumption of renewable energy (PJ) - Electricity consumption;Renewables;IEA (2024), World Energy Balances;0;0;0;0;0;0;0;0;0;0;0;0;0;0;0;0;0;0;0;0.1;0.1;0.2;0.2;0.4;0.7;0.8;0.9;0.9;1.6;2.4;2.5;3.1;2.9
499;Montenegro;Total final energy consumption (PJ);Total;IEA (2024), World Energy Balances;NaN;NaN;NaN;NaN;NaN;NaN;NaN;NaN;NaN;NaN;NaN;NaN;NaN;NaN;NaN;31.1;32;35.2;35.4;30.2;29.8;30;29.2;26.8;26.3;27.7;28.8;30.5;30.5;31.8;29.1;33.3;31.4
499;Montenegro;Share in total final energy consumption (%);Renewables;IEA (2024), World Energy Balances;NaN;NaN;NaN;NaN;NaN;NaN;NaN;NaN;NaN;NaN;NaN;NaN;NaN;NaN;NaN;47.6;44.8;42.3;38.8;49.2;49.1;42.8;45.9;49.3;45.9;43;43.9;37.8;40.6;38.7;39.6;39.6;35.8
499;Montenegro;Share in total final energy consumption (%);Modern renewables;IEA (2024), World Energy Balances;NaN;NaN;NaN;NaN;NaN;NaN;NaN;NaN;NaN;NaN;NaN;NaN;NaN;NaN;NaN;47.6;44.8;42.3;38.8;49.2;49.1;42.8;45.9;49.3;45.9;43;43.9;37.8;40.6;38.7;39.6;39.6;35.8
499;Montenegro;Share in total final energy consumption (%);Municipal waste (renew);IEA (2024), World Energy Balances;NaN;NaN;NaN;NaN;NaN;NaN;NaN;NaN;NaN;NaN;NaN;NaN;NaN;NaN;NaN;0;0;0;0;0;0;0;0;0;0;0;0;0;0;0;0;0;0
499;Montenegro;Share in total final energy consumption (%);Liquid biofuels;IEA (2024), World Energy Balances;NaN;NaN;NaN;NaN;NaN;NaN;NaN;NaN;NaN;NaN;NaN;NaN;NaN;NaN;NaN;0;0;0;0;0;0;0;0;0;0;0;0;0;0;0;0;0;0
499;Montenegro;Share in total final energy consumption (%);Solid biofuels;IEA (2024), World Energy Balances;NaN;NaN;NaN;NaN;NaN;NaN;NaN;NaN;NaN;NaN;NaN;NaN;NaN;NaN;NaN;19.3;19.1;18.1;18.1;22.1;22.6;24.2;25.2;26.2;26.2;25.6;24.3;22.5;20.7;19.3;21.3;19.7;19.9
499;Montenegro;Share in total final energy consumption (%);Biogases;IEA (2024), World Energy Balances;NaN;NaN;NaN;NaN;NaN;NaN;NaN;NaN;NaN;NaN;NaN;NaN;NaN;NaN;NaN;0;0;0;0;0;0;0;0;0;0;0;0;0;0;0;0;0;0
499;Montenegro;Share in total final energy consumption (%);Hydro;IEA (2024), World Energy Balances;NaN;NaN;NaN;NaN;NaN;NaN;NaN;NaN;NaN;NaN;NaN;NaN;NaN;NaN;NaN;28.4;25.7;24.1;20.7;27;26.5;18.6;20.6;23.1;19.8;17.3;19.6;13.9;18.6;16.5;15;17.2;13
499;Montenegro;Share in total final energy consumption (%);Geothermal;IEA (2024), World Energy Balances;NaN;NaN;NaN;NaN;NaN;NaN;NaN;NaN;NaN;NaN;NaN;NaN;NaN;NaN;NaN;0;0;0;0;0;0;0;0;0;0;0;0;0;0;0;0;0;0
499;Montenegro;Share in total final energy consumption (%);Tide, wave and ocean;IEA (2024), World Energy Balances;NaN;NaN;NaN;NaN;NaN;NaN;NaN;NaN;NaN;NaN;NaN;NaN;NaN;NaN;NaN;0;0;0;0;0;0;0;0;0;0;0;0;0;0;0;0;0;0
499;Montenegro;Share in total final energy consumption (%);Wind;IEA (2024), World Energy Balances;NaN;NaN;NaN;NaN;NaN;NaN;NaN;NaN;NaN;NaN;NaN;NaN;NaN;NaN;NaN;0;0;0;0;0;0;0;0;0;0;0;0;1.3;1.3;3;3.3;2.7;2.9
499;Montenegro;Share in total final energy consumption (%);Solar;IEA (2024), World Energy Balances;NaN;NaN;NaN;NaN;NaN;NaN;NaN;NaN;NaN;NaN;NaN;NaN;NaN;NaN;NaN;0;0;0;0;0;0;0;0;0;0;0;0;0;0;0;0.1;0;0.1
499;Montenegro;Final consumption of renewable energy (PJ) - Heat raising;Renewables;IEA (2024), World Energy Balances;NaN;NaN;NaN;NaN;NaN;NaN;NaN;NaN;NaN;NaN;NaN;NaN;NaN;NaN;NaN;6;6.1;6.4;6.4;6.7;6.7;7.3;7.4;7;6.9;7.1;7;6.9;6.3;6.1;6.2;6.6;6.3
499;Montenegro;Final consumption of renewable energy (PJ) - Transport;Renewables;IEA (2024), World Energy Balances;NaN;NaN;NaN;NaN;NaN;NaN;NaN;NaN;NaN;NaN;NaN;NaN;NaN;NaN;NaN;0.1;0;0.1;0;0;0.1;0;0;0;0;0;0;0;0;0;0;0;0
499;Montenegro;Final consumption of renewable energy (PJ) - Electricity consumption;Renewables;IEA (2024), World Energy Balances;NaN;NaN;NaN;NaN;NaN;NaN;NaN;NaN;NaN;NaN;NaN;NaN;NaN;NaN;NaN;8.8;8.2;8.4;7.3;8.1;7.8;5.6;6;6.1;5.2;4.8;5.6;4.6;6;6.1;5.3;6.6;5
500;Montserrat;Total final energy consumption (PJ);Total;Energy Balances, UN Statistics Division (2024);0.3;0.3;0.3;0.3;0.4;0.3;0.4;0.3;0.3;0.3;0.3;0.3;0.5;0.4;0.5;0.4;0.4;0.4;0.4;0.4;0.6;0.4;0.4;0.4;0.4;0.4;0.3;0.2;0.3;0.2;0.2;0.2;0.2
500;Montserrat;Share in total final energy consumption (%);Renewables;Energy Balances, UN Statistics Division (2024);0;0;0;0;0;0;0;0;0;0;0;0;0;0;0;0;0;0;0;0;0;0;0;0;0;0;0;0;0;0.4;0.7;0.5;0.2
500;Montserrat;Share in total final energy consumption (%);Modern renewables;Energy Balances, UN Statistics Division (2024);0;0;0;0;0;0;0;0;0;0;0;0;0;0;0;0;0;0;0;0;0;0;0;0;0;0;0;0;0;0.4;0.7;0.5;0.2
500;Montserrat;Share in total final energy consumption (%);Municipal waste (renew);Energy Balances, UN Statistics Division (2024);0;0;0;0;0;0;0;0;0;0;0;0;0;0;0;0;0;0;0;0;0;0;0;0;0;0;0;0;0;0;0;0;0
500;Montserrat;Share in total final energy consumption (%);Liquid biofuels;Energy Balances, UN Statistics Division (2024);0;0;0;0;0;0;0;0;0;0;0;0;0;0;0;0;0;0;0;0;0;0;0;0;0;0;0;0;0;0;0;0;0
500;Montserrat;Share in total final energy consumption (%);Solid biofuels;Energy Balances, UN Statistics Division (2024);0;0;0;0;0;0;0;0;0;0;0;0;0;0;0;0;0;0;0;0;0;0;0;0;0;0;0;0;0;0;0;0;0
500;Montserrat;Share in total final energy consumption (%);Biogases;Energy Balances, UN Statistics Division (2024);0;0;0;0;0;0;0;0;0;0;0;0;0;0;0;0;0;0;0;0;0;0;0;0;0;0;0;0;0;0;0;0;0
500;Montserrat;Share in total final energy consumption (%);Hydro;Energy Balances, UN Statistics Division (2024);0;0;0;0;0;0;0;0;0;0;0;0;0;0;0;0;0;0;0;0;0;0;0;0;0;0;0;0;0;0;0;0;0
500;Montserrat;Share in total final energy consumption (%);Geothermal;Energy Balances, UN Statistics Division (2024);0;0;0;0;0;0;0;0;0;0;0;0;0;0;0;0;0;0;0;0;0;0;0;0;0;0;0;0;0;0;0;0;0
500;Montserrat;Share in total final energy consumption (%);Tide, wave and ocean;Energy Balances, UN Statistics Division (2024);0;0;0;0;0;0;0;0;0;0;0;0;0;0;0;0;0;0;0;0;0;0;0;0;0;0;0;0;0;0;0;0;0
500;Montserrat;Share in total final energy consumption (%);Wind;Energy Balances, UN Statistics Division (2024);0;0;0;0;0;0;0;0;0;0;0;0;0;0;0;0;0;0;0;0;0;0;0;0;0;0;0;0;0;0;0;0;0
500;Montserrat;Share in total final energy consumption (%);Solar;Energy Balances, UN Statistics Division (2024);0;0;0;0;0;0;0;0;0;0;0;0;0;0;0;0;0;0;0;0;0;0;0;0;0;0;0;0;0;0.4;0.7;0.5;0.2
500;Montserrat;Final consumption of renewable energy (PJ) - Heat raising;Renewables;Energy Balances, UN Statistics Division (2024);0;0;0;0;0;0;0;0;0;0;0;0;0;0;0;0;0;0;0;0;0;0;0;0;0;0;0;0;0;0;0;0;0
500;Montserrat;Final consumption of renewable energy (PJ) - Transport;Renewables;Energy Balances, UN Statistics Division (2024);0;0;0;0;0;0;0;0;0;0;0;0;0;0;0;0;0;0;0;0;0;0;0;0;0;0;0;0;0;0;0;0;0
500;Montserrat;Final consumption of renewable energy (PJ) - Electricity consumption;Renewables;Energy Balances, UN Statistics Division (2024);0;0;0;0;0;0;0;0;0;0;0;0;0;0;0;0;0;0;0;0;0;0;0;0;0;0;0;0;0;0;0;0;0
504;Morocco;Total final energy consumption (PJ);Total;IEA (2024), World Energy Balances;227.8;246.2;264.3;265.2;284.7;283.8;300.6;311.2;324.7;337.4;345.6;356.7;364.3;362.5;444.3;455.5;464.9;478.3;506.2;511.3;531.7;563.2;580.5;590.8;591.3;608.4;620;651.4;659.5;677.1;632.6;685;666.5
504;Morocco;Share in total final energy consumption (%);Renewables;IEA (2024), World Energy Balances;19.5;19.6;18.1;17.6;17.1;17.2;17.9;17.5;16.9;15.4;15.3;15.1;14.9;15.7;22.4;20;18.3;16.6;14.5;14.2;13.9;11.9;10.9;11.6;11.1;11.2;11.1;10.5;10.9;10.6;11;10.9;11
504;Morocco;Share in total final energy consumption (%);Modern renewables;IEA (2024), World Energy Balances;10.7;11.2;10.3;9.7;9.5;9.5;10.5;10.3;9.9;8.6;8.5;8.5;8.4;9.1;11.2;9.9;9.1;8.3;7.3;7.9;8.1;6.7;6.3;7.3;7;7.2;7.3;7;7.7;7.6;7.9;8;8.2
504;Morocco;Share in total final energy consumption (%);Municipal waste (renew);IEA (2024), World Energy Balances;0;0;0;0;0;0;0;0;0;0;0;0;0;0;0;0;0;0;0;0;0;0;0;0;0;0;0;0;0;0;0;0;0
504;Morocco;Share in total final energy consumption (%);Liquid biofuels;IEA (2024), World Energy Balances;0;0;0;0;0;0;0;0;0;0;0;0;0;0;0;0;0;0;0;0;0;0;0;0;0;0;0;0;0;0;0;0;0
504;Morocco;Share in total final energy consumption (%);Solid biofuels;IEA (2024), World Energy Balances;17.8;17.9;16.9;17.1;16.1;16.5;15.8;15.5;15;14.6;14.4;14.1;14;14.2;21;19.2;17.4;15.7;13.5;12;11.1;10.1;9.5;9.1;9;8.7;8.4;7.9;7.6;7.3;7.7;7.1;7.3
504;Morocco;Share in total final energy consumption (%);Biogases;IEA (2024), World Energy Balances;0;0;0;0;0;0;0;0;0;0;0;0;0;0;0;0;0;0;0;0;0;0;0;0;0;0;0;0;0;0;0;0;0
504;Morocco;Share in total final energy consumption (%);Hydro;IEA (2024), World Energy Balances;1.6;1.7;1.3;0.6;1;0.7;2;2;1.9;0.8;0.7;0.8;0.8;1.3;1.2;0.7;0.7;0.7;0.7;1.9;2.4;1.3;1;1.7;1;1.1;0.7;0.6;0.8;0.5;0.4;0.4;0.2
504;Morocco;Share in total final energy consumption (%);Geothermal;IEA (2024), World Energy Balances;0;0;0;0;0;0;0;0;0;0;0;0;0;0;0;0;0;0;0;0;0;0;0;0;0;0;0;0;0;0;0;0;0
504;Morocco;Share in total final energy consumption (%);Tide, wave and ocean;IEA (2024), World Energy Balances;0;0;0;0;0;0;0;0;0;0;0;0;0;0;0;0;0;0;0;0;0;0;0;0;0;0;0;0;0;0;0;0;0
504;Morocco;Share in total final energy consumption (%);Wind;IEA (2024), World Energy Balances;0;0;0;0;0;0;0;0;0;0;0.1;0.2;0.2;0.2;0.1;0.1;0.1;0.2;0.2;0.3;0.4;0.4;0.4;0.8;1.2;1.4;1.7;1.7;1.9;2;2.2;2.2;2.5
504;Morocco;Share in total final energy consumption (%);Solar;IEA (2024), World Energy Balances;0;0;0;0;0;0;0;0;0;0;0;0;0;0;0;0;0;0;0;0;0;0;0;0;0;0;0.2;0.2;0.5;0.7;0.7;1.2;1.1
504;Morocco;Final consumption of renewable energy (PJ) - Heat raising;Renewables;IEA (2024), World Energy Balances;40.7;44;44.5;45.2;45.9;46.8;47.5;48.2;48.8;49.4;49.9;50.5;51;51.5;93.3;87.4;80.8;74.9;68.6;61.6;59.1;56.9;54.9;53.6;52.9;53;52.2;51.6;50.1;49.4;48.9;51.6;51.6
504;Morocco;Final consumption of renewable energy (PJ) - Transport;Renewables;IEA (2024), World Energy Balances;0.1;0.1;0.1;0;0;0;0.1;0.1;0.1;0;0;0.1;0.1;0.2;0.1;0;0;0.1;0.1;0.1;0.2;0.1;0.1;0.2;0.1;0.2;0.2;0.2;0.2;0.2;0.1;0.2;0.2
504;Morocco;Final consumption of renewable energy (PJ) - Electricity consumption;Renewables;IEA (2024), World Energy Balances;3.6;4.1;3.3;1.5;2.7;1.9;6;6.2;5.9;2.6;2.8;3.4;3.4;5.3;6;3.9;4.1;4.3;4.6;11;14.7;9.7;8.4;14.7;12.8;15.2;16.2;16.3;21.3;21.9;20.7;22.6;21.7
508;Mozambique;Total final energy consumption (PJ);Total;IEA (2024), World Energy Balances;195.3;192.9;196.5;201.7;202.5;207.9;211.5;217.4;258.4;264.7;274.1;247.6;270.3;307.7;322;328.2;322.1;217.9;226.9;218.7;215;265.1;273.1;283.2;295;302.8;313.6;313.5;316.3;327.9;322.3;341.4;354.9
508;Mozambique;Share in total final energy consumption (%);Renewables;IEA (2024), World Energy Balances;93;94.2;93;91.8;93.1;92.8;93.1;92.6;94;94.2;93.6;93;93.2;92.7;92.9;93.7;93.1;87.5;88.1;86.1;84.9;85.4;84.5;83.1;81.2;80.1;77.4;78.1;79;77.5;80.1;76.9;75.7
508;Mozambique;Share in total final energy consumption (%);Modern renewables;IEA (2024), World Energy Balances;11.4;11.7;11.6;11.6;11.7;11.8;11.8;11.9;10.5;10.7;3;7.5;7.6;9.4;10.9;11.3;11.6;17.1;17.9;17.7;19.8;20.2;19.9;19.4;18.8;18;16.2;15.8;16;15.6;16;15.2;15.4
508;Mozambique;Share in total final energy consumption (%);Municipal waste (renew);IEA (2024), World Energy Balances;0;0;0;0;0;0;0;0;0;0;0;0;0;0;0;0;0;0;0;0;0;0;0;0;0;0;0;0;0;0;0;0;0
508;Mozambique;Share in total final energy consumption (%);Liquid biofuels;IEA (2024), World Energy Balances;0;0;0;0;0;0;0;0;0;0;0;0;0;0;0;0;0;0;0;0;0;0;0;0;0;0;0;0;0;0;0;0;0
508;Mozambique;Share in total final energy consumption (%);Solid biofuels;IEA (2024), World Energy Balances;92.4;93.3;92;90.7;92;91.7;92;91.4;92.7;92.8;90.9;86;86.8;84.6;83.2;83.8;82.8;72.3;72.4;70.4;67.6;70.3;69.6;68.5;67.1;66.7;65.7;66.9;67.6;66.4;68.7;66;65.2
508;Mozambique;Share in total final energy consumption (%);Biogases;IEA (2024), World Energy Balances;0;0;0;0;0;0;0;0;0;0;0;0;0;0;0;0;0;0;0;0;0;0;0;0;0;0;0;0;0;0;0;0;0
508;Mozambique;Share in total final energy consumption (%);Hydro;IEA (2024), World Energy Balances;0.6;0.9;1;1.1;1;1.1;1;1.2;1.3;1.4;2.7;7;6.5;8.1;9.8;9.9;10.3;15.2;15.7;15.7;17.3;15.2;14.9;14.6;14.1;13.4;11.7;11.2;11.4;11.1;11.4;10.8;10.5
508;Mozambique;Share in total final energy consumption (%);Geothermal;IEA (2024), World Energy Balances;0;0;0;0;0;0;0;0;0;0;0;0;0;0;0;0;0;0;0;0;0;0;0;0;0;0;0;0;0;0;0;0;0
508;Mozambique;Share in total final energy consumption (%);Tide, wave and ocean;IEA (2024), World Energy Balances;0;0;0;0;0;0;0;0;0;0;0;0;0;0;0;0;0;0;0;0;0;0;0;0;0;0;0;0;0;0;0;0;0
508;Mozambique;Share in total final energy consumption (%);Wind;IEA (2024), World Energy Balances;0;0;0;0;0;0;0;0;0;0;0;0;0;0;0;0;0;0;0;0;0;0;0;0;0;0;0;0;0;0;0;0;0
508;Mozambique;Share in total final energy consumption (%);Solar;IEA (2024), World Energy Balances;0;0;0;0;0;0;0;0;0;0;0;0;0;0;0;0;0;0;0;0;0;0;0;0;0;0;0;0;0;0;0.1;0;0
508;Mozambique;Final consumption of renewable energy (PJ) - Heat raising;Renewables;IEA (2024), World Energy Balances;180.5;180;180.8;183;186.3;190.5;194.6;198.6;239.6;245.6;249.2;213;234.5;260.2;267.7;274.8;266.5;157.4;164.1;153.9;145.2;186.1;189.9;193.8;197.7;201.6;205.6;209.5;213.4;217.3;221.3;225.2;231
508;Mozambique;Final consumption of renewable energy (PJ) - Transport;Renewables;IEA (2024), World Energy Balances;0;0;0;0;0;0;0;0;0;0;0;0;0;0;0;0;0;0;0;0;0;0;0;0;0;0;0;0;0;0;0;0;0
508;Mozambique;Final consumption of renewable energy (PJ) - Electricity consumption;Renewables;IEA (2024), World Energy Balances;1.1;1.7;1.9;2.2;2.1;2.3;2.2;2.7;3.3;3.7;7.4;17.4;17.5;25.1;31.5;32.6;33.3;33.3;35.9;34.4;37.3;40.4;40.9;41.6;41.8;40.8;37.1;35.5;36.3;36.7;37.1;37.3;37.8
104;Myanmar;Total final energy consumption (PJ);Total;IEA (2024), World Energy Balances;389.7;382.4;394.6;393.5;421.3;437.7;435.1;440.2;456.1;459.7;476.6;473.2;481.7;515.2;526.4;539.2;534.1;542.6;513.6;518.3;519.1;531.6;574.8;602.5;636.1;662.1;678.8;792.4;805.8;822.6;806.8;752.7;777.6
104;Myanmar;Share in total final energy consumption (%);Renewables;IEA (2024), World Energy Balances;90.9;91.1;90.8;89.2;88;85.2;84.6;85.2;83.4;81.9;80.2;82.5;83;79.9;80.3;79.6;81.3;80.5;85.6;85.8;84.6;83.8;78.1;75.6;72;70;68.8;59.4;59.4;58.5;59.2;62.9;62.5
104;Myanmar;Share in total final energy consumption (%);Modern renewables;IEA (2024), World Energy Balances;0.8;0.7;0.8;0.9;3.7;3.5;3.6;3.6;3.3;3.3;3.6;3.6;3.8;3.6;3.7;3.7;4.1;4.2;4.7;5.2;5.7;6.3;6;6.4;6.1;6.4;6.5;5.8;6.5;6.5;6.1;5.7;5.7
104;Myanmar;Share in total final energy consumption (%);Municipal waste (renew);IEA (2024), World Energy Balances;0;0;0;0;0;0;0;0;0;0;0;0;0;0;0;0;0;0;0;0;0;0;0;0;0;0;0;0;0;0;0;0;0
104;Myanmar;Share in total final energy consumption (%);Liquid biofuels;IEA (2024), World Energy Balances;0;0;0;0;0;0;0;0;0;0;0;0;0;0;0;0;0;0;0;0;0;0;0;0;0;0;0;0;0;0;0;0;0
104;Myanmar;Share in total final energy consumption (%);Solid biofuels;IEA (2024), World Energy Balances;90.1;90.4;89.9;88.3;87.1;84.4;83.8;84.3;82.9;81.4;79.3;81.6;82;78.8;79.1;78.4;79.7;78.8;83.6;83.1;81.5;80;74.4;71.4;68;65.7;64.4;55.4;54.6;53.7;54.9;59;58.2
104;Myanmar;Share in total final energy consumption (%);Biogases;IEA (2024), World Energy Balances;0;0;0;0;0;0;0;0;0;0;0;0;0;0;0;0;0;0;0;0;0;0;0;0;0;0;0;0;0;0;0;0;0
104;Myanmar;Share in total final energy consumption (%);Hydro;IEA (2024), World Energy Balances;0.8;0.7;0.8;0.9;0.8;0.8;0.8;0.8;0.5;0.5;0.9;0.9;1.1;1;1.1;1.2;1.6;1.7;2;2.6;3.1;3.8;3.7;4.1;4;4.3;4.4;4.1;4.8;4.8;4.3;3.8;4.3
104;Myanmar;Share in total final energy consumption (%);Geothermal;IEA (2024), World Energy Balances;0;0;0;0;0;0;0;0;0;0;0;0;0;0;0;0;0;0;0;0;0;0;0;0;0;0;0;0;0;0;0;0;0
104;Myanmar;Share in total final energy consumption (%);Tide, wave and ocean;IEA (2024), World Energy Balances;0;0;0;0;0;0;0;0;0;0;0;0;0;0;0;0;0;0;0;0;0;0;0;0;0;0;0;0;0;0;0;0;0
104;Myanmar;Share in total final energy consumption (%);Wind;IEA (2024), World Energy Balances;0;0;0;0;0;0;0;0;0;0;0;0;0;0;0;0;0;0;0;0;0;0;0;0;0;0;0;0;0;0;0;0;0
104;Myanmar;Share in total final energy consumption (%);Solar;IEA (2024), World Energy Balances;0;0;0;0;0;0;0;0;0;0;0;0;0;0;0;0;0;0;0;0;0;0;0;0;0;0;0;0;0;0;0;0;0.1
104;Myanmar;Final consumption of renewable energy (PJ) - Heat raising;Renewables;IEA (2024), World Energy Balances;351.3;345.7;354.9;347.5;367;369.6;364.6;371.2;377.9;374.2;377.7;386.1;394.8;406.2;416.4;422.5;425.8;427.8;429.3;430.9;423;425.4;427.8;430.3;432.7;434.9;436.9;438.8;440.3;441.7;443;444.1;452.3
104;Myanmar;Final consumption of renewable energy (PJ) - Transport;Renewables;IEA (2024), World Energy Balances;0;0;0;0;0;0;0;0;0;0;0;0;0;0;0;0;0;0;0;0;0;0;0;0;0;0;0;0;0;0;0;0;0
104;Myanmar;Final consumption of renewable energy (PJ) - Electricity consumption;Renewables;IEA (2024), World Energy Balances;3;2.7;3.3;3.7;3.5;3.4;3.6;3.7;2.2;2.3;4.4;4.1;5.2;5.3;6;6.6;8.5;9;10.4;13.6;16.3;20;21.1;24.9;25.3;28.4;30.2;32.3;38.4;39.3;35;29.2;33.9
516;Namibia;Total final energy consumption (PJ);Total;IEA (2024), World Energy Balances;NaN;26;27.8;28.7;30.9;35.5;38.4;39.1;40.3;40.6;40.8;48.4;44.5;46.5;50;52.6;51.3;51.9;56.8;60.4;50.3;51.4;52.4;54.5;57.1;61.4;65.4;63.9;64.9;65.4;61;62.9;63
516;Namibia;Share in total final energy consumption (%);Renewables;IEA (2024), World Energy Balances;NaN;42.3;40;37.9;32.7;32;31.4;30.5;31.6;32.6;35.3;30.5;33.9;33.6;35.2;34.8;36;36.9;32.7;33.8;28;29.2;30;29.7;30;27.6;26.7;28;29.1;28.7;29.9;28.5;30.4
516;Namibia;Share in total final energy consumption (%);Modern renewables;IEA (2024), World Energy Balances;NaN;20.3;19.4;17.4;13.6;15.2;15.4;14.7;16.4;17.5;16.5;14.7;16.8;17;19.8;20.1;20.9;21.9;18.9;18.6;24.5;26.2;27.9;28.1;28.4;26.2;25.3;26.6;27.5;26.8;27.7;26.1;27.5
516;Namibia;Share in total final energy consumption (%);Municipal waste (renew);IEA (2024), World Energy Balances;NaN;0;0;0;0;0;0;0;0;0;0;0;0;0;0;0;0;0;0;0;0;0;0;0;0;0;0;0;0;0;0;0;0
516;Namibia;Share in total final energy consumption (%);Liquid biofuels;IEA (2024), World Energy Balances;NaN;0;0;0;0;0;0;0;0;0;0;0;0;0;0;0;0;0;0;0;0;0;0;0;0;0;0;0;0;0;0;0;0
516;Namibia;Share in total final energy consumption (%);Solid biofuels;IEA (2024), World Energy Balances;NaN;22;20.7;20.5;19.1;16.8;15.9;15.8;15.3;15.2;18.8;15.8;17.1;16.6;15.4;14.7;15.1;15;13.9;15.1;4.9;5.2;5.5;5.7;6.4;5.8;5.9;5.8;6.1;7;8.2;8.6;10.2
516;Namibia;Share in total final energy consumption (%);Biogases;IEA (2024), World Energy Balances;NaN;0;0;0;0;0;0;0;0;0;0;0;0;0;0;0;0;0;0;0;0;0;0;0;0;0;0;0;0;0;0;0;0
516;Namibia;Share in total final energy consumption (%);Hydro;IEA (2024), World Energy Balances;NaN;20.3;19.4;17.4;13.6;15.2;15.4;14.7;16.4;17.5;16.4;14.7;16.7;16.9;19.8;20.1;20.8;21.8;18.8;18.5;22.8;23.7;24.2;23.4;23;21.1;19.8;20.5;18.7;15.3;16.6;13.3;11.8
516;Namibia;Share in total final energy consumption (%);Geothermal;IEA (2024), World Energy Balances;NaN;0;0;0;0;0;0;0;0;0;0;0;0;0;0;0;0;0;0;0;0;0;0;0;0;0;0;0;0;0;0;0;0
516;Namibia;Share in total final energy consumption (%);Tide, wave and ocean;IEA (2024), World Energy Balances;NaN;0;0;0;0;0;0;0;0;0;0;0;0;0;0;0;0;0;0;0;0;0;0;0;0;0;0;0;0;0;0;0;0
516;Namibia;Share in total final energy consumption (%);Wind;IEA (2024), World Energy Balances;NaN;0;0;0;0;0;0;0;0;0;0;0;0;0;0;0;0;0;0;0;0;0;0;0;0;0;0;0.1;0.3;0.3;0.2;0.3;0.3
516;Namibia;Share in total final energy consumption (%);Solar;IEA (2024), World Energy Balances;NaN;0;0;0;0;0;0;0;0;0;0;0;0;0;0;0;0.1;0.1;0.1;0.2;0.3;0.3;0.3;0.5;0.6;0.7;1;1.6;4;6.1;4.9;6.3;8
516;Namibia;Final consumption of renewable energy (PJ) - Heat raising;Renewables;IEA (2024), World Energy Balances;NaN;5.7;5.8;5.9;5.9;6;6.1;6.2;6.2;6.2;7.7;7.7;7.6;7.7;7.7;7.7;7.8;7.8;7.9;9.2;2.5;2.8;2.9;3.2;3.7;3.6;4;3.9;4.1;4.8;5.1;5.6;6.6
516;Namibia;Final consumption of renewable energy (PJ) - Transport;Renewables;IEA (2024), World Energy Balances;NaN;0;0;0;0;0;0;0;0;0;0;0;0;0;0;0;0;0;0;0;0;0;0;0;0;0;0;0;0;0;0;0;0
516;Namibia;Final consumption of renewable energy (PJ) - Electricity consumption;Renewables;IEA (2024), World Energy Balances;NaN;5.3;5.4;5;4.2;5.4;5.9;5.8;6.6;7.1;6.7;7.1;7.5;7.9;9.9;10.6;10.7;11.3;10.7;11.2;11.5;12.3;12.8;13;13.4;13.3;13.5;14.1;14.8;14;13.1;12.3;12.5
520;Nauru;Total final energy consumption (PJ);Total;Energy Balances, UN Statistics Division (2024);1.5;1.5;1.4;1.3;1.2;1.2;1.1;1.1;1.1;1;0.9;0.8;0.8;0.7;0.6;0.6;0.4;0.4;0.4;0.4;0.4;0.4;0.4;0.4;0.5;0.5;0.5;0.5;0.5;0.5;0.5;0.5;0.6
520;Nauru;Share in total final energy consumption (%);Renewables;Energy Balances, UN Statistics Division (2024);0;0;0;0;0;0;0;0;0;0;0;0;0;0;0;0;0.1;0.1;0.1;0;0;0.1;0.1;0.1;0.1;0.1;0.2;0.6;0.7;0.6;1.3;1.7;1.8
520;Nauru;Share in total final energy consumption (%);Modern renewables;Energy Balances, UN Statistics Division (2024);0;0;0;0;0;0;0;0;0;0;0;0;0;0;0;0;0.1;0.1;0.1;0;0;0.1;0.1;0.1;0.1;0.1;0.2;0.6;0.7;0.6;1.3;1.7;1.8
520;Nauru;Share in total final energy consumption (%);Municipal waste (renew);Energy Balances, UN Statistics Division (2024);0;0;0;0;0;0;0;0;0;0;0;0;0;0;0;0;0;0;0;0;0;0;0;0;0;0;0;0;0;0;0;0;0
520;Nauru;Share in total final energy consumption (%);Liquid biofuels;Energy Balances, UN Statistics Division (2024);0;0;0;0;0;0;0;0;0;0;0;0;0;0;0;0;0;0;0;0;0;0;0;0;0;0;0;0;0;0;0;0;0
520;Nauru;Share in total final energy consumption (%);Solid biofuels;Energy Balances, UN Statistics Division (2024);0;0;0;0;0;0;0;0;0;0;0;0;0;0;0;0;0;0;0;0;0;0;0;0;0;0;0;0;0;0;0;0;0
520;Nauru;Share in total final energy consumption (%);Biogases;Energy Balances, UN Statistics Division (2024);0;0;0;0;0;0;0;0;0;0;0;0;0;0;0;0;0;0;0;0;0;0;0;0;0;0;0;0;0;0;0;0;0
520;Nauru;Share in total final energy consumption (%);Hydro;Energy Balances, UN Statistics Division (2024);0;0;0;0;0;0;0;0;0;0;0;0;0;0;0;0;0;0;0;0;0;0;0;0;0;0;0;0;0;0;0;0;0
520;Nauru;Share in total final energy consumption (%);Geothermal;Energy Balances, UN Statistics Division (2024);0;0;0;0;0;0;0;0;0;0;0;0;0;0;0;0;0;0;0;0;0;0;0;0;0;0;0;0;0;0;0;0;0
520;Nauru;Share in total final energy consumption (%);Tide, wave and ocean;Energy Balances, UN Statistics Division (2024);0;0;0;0;0;0;0;0;0;0;0;0;0;0;0;0;0;0;0;0;0;0;0;0;0;0;0;0;0;0;0;0;0
520;Nauru;Share in total final energy consumption (%);Wind;Energy Balances, UN Statistics Division (2024);0;0;0;0;0;0;0;0;0;0;0;0;0;0;0;0;0;0;0;0;0;0;0;0;0;0;0;0;0;0;0;0;0
520;Nauru;Share in total final energy consumption (%);Solar;Energy Balances, UN Statistics Division (2024);0;0;0;0;0;0;0;0;0;0;0;0;0;0;0;0;0.1;0.1;0.1;0;0;0.1;0.1;0.1;0.1;0.1;0.2;0.6;0.7;0.6;1.3;1.7;1.8
520;Nauru;Final consumption of renewable energy (PJ) - Heat raising;Renewables;Energy Balances, UN Statistics Division (2024);0;0;0;0;0;0;0;0;0;0;0;0;0;0;0;0;0;0;0;0;0;0;0;0;0;0;0;0;0;0;0;0;0
520;Nauru;Final consumption of renewable energy (PJ) - Transport;Renewables;Energy Balances, UN Statistics Division (2024);0;0;0;0;0;0;0;0;0;0;0;0;0;0;0;0;0;0;0;0;0;0;0;0;0;0;0;0;0;0;0;0;0
520;Nauru;Final consumption of renewable energy (PJ) - Electricity consumption;Renewables;Energy Balances, UN Statistics Division (2024);0;0;0;0;0;0;0;0;0;0;0;0;0;0;0;0;0;0;0;0;0;0;0;0;0;0;0;0;0;0;0;0;0
524;Nepal;Total final energy consumption (PJ);Total;IEA (2024), World Energy Balances;241.1;248.9;254.2;261.4;270.7;278.9;285.9;294.7;302.1;317.9;336.2;347.5;351.4;361.5;366.6;378.1;378.1;386;397.5;410.3;422.8;437.5;418.2;466.4;489.2;488.4;528.6;559.3;583.6;563.6;623.9;635.5;636.3
524;Nepal;Share in total final energy consumption (%);Renewables;IEA (2024), World Energy Balances;95.1;94.2;94.2;93.5;92.4;91.7;91.5;90.7;90.5;88.1;88.3;87.8;89.9;89.4;90.3;89.5;91.3;91.3;90.5;88.9;87.3;86.9;84.7;86;84;85.2;79.4;76.8;75;78.3;73.1;72.2;73.8
524;Nepal;Share in total final energy consumption (%);Modern renewables;IEA (2024), World Energy Balances;2;2;2;2;2.1;2.2;2.3;2.3;2.4;2.5;2.7;2.9;3.2;3.3;3.5;3.6;3.6;3.7;3.6;3.9;4;4.5;14.8;16;16.4;16.6;15.4;15.2;15.2;15.8;15.2;18.5;19.4
524;Nepal;Share in total final energy consumption (%);Municipal waste (renew);IEA (2024), World Energy Balances;0;0;0;0;0;0;0;0;0;0;0;0;0;0;0;0;0;0;0;0;0;0;0;0;0;0;0;0;0;0;0;0;0
524;Nepal;Share in total final energy consumption (%);Liquid biofuels;IEA (2024), World Energy Balances;0;0;0;0;0;0;0;0;0;0;0;0;0;0;0;0;0;0;0;0;0;0;0;0;0;0;0;0;0;0;0;0;0
524;Nepal;Share in total final energy consumption (%);Solid biofuels;IEA (2024), World Energy Balances;94.2;93.2;93.2;92.6;91.3;90.5;90.2;89.4;89.1;86.5;86.6;85.9;87.9;87.3;88;87.1;88.6;88.6;87.8;86.1;84.3;83.4;80.4;80.7;78;79.2;73.9;71;68.9;71.6;66.5;64.6;66
524;Nepal;Share in total final energy consumption (%);Biogases;IEA (2024), World Energy Balances;0.1;0.1;0.1;0.1;0.1;0.1;0.2;0.2;0.3;0.3;0.4;0.4;0.5;0.5;0.5;0.5;0.6;0.6;0.7;0.6;0.7;1;1.6;2.5;2.4;2.4;1.5;1.4;1.4;1.8;1.6;1.7;1.7
524;Nepal;Share in total final energy consumption (%);Hydro;IEA (2024), World Energy Balances;0.9;0.9;0.9;0.9;1;1.1;1.1;1.1;1.1;1.3;1.4;1.5;1.6;1.6;1.8;1.8;2;2.1;2;2.2;2.3;2.5;2.8;2.8;2.9;2.8;3.3;3.6;3.9;4.1;4.2;5;5.3
524;Nepal;Share in total final energy consumption (%);Geothermal;IEA (2024), World Energy Balances;0;0;0;0;0;0;0;0;0;0;0;0;0;0;0;0;0;0;0;0;0;0;0;0;0;0;0;0;0;0;0;0;0
524;Nepal;Share in total final energy consumption (%);Tide, wave and ocean;IEA (2024), World Energy Balances;0;0;0;0;0;0;0;0;0;0;0;0;0;0;0;0;0;0;0;0;0;0;0;0;0;0;0;0;0;0;0;0;0
524;Nepal;Share in total final energy consumption (%);Wind;IEA (2024), World Energy Balances;0;0;0;0;0;0;0;0;0;0;0;0;0;0;0;0;0;0;0;0;0;0;0;0;0;0;0;0;0;0;0;0;0
524;Nepal;Share in total final energy consumption (%);Solar;IEA (2024), World Energy Balances;0;0;0;0;0;0;0;0;0;0;0;0;0;0;0;0;0;0;0;0;0;0;0;0;0.8;0.8;0.8;0.8;0.8;0.8;0.8;0.8;0.9
524;Nepal;Final consumption of renewable energy (PJ) - Heat raising;Renewables;IEA (2024), World Energy Balances;227.2;232.1;237.1;242.2;247.5;252.9;258.4;264.1;269.9;275.8;292.2;299.8;310.5;317.4;324.3;331.5;337.3;344.3;351.8;355.7;359.2;369.3;342.7;388.1;397.1;402.3;402.5;409;414.5;417.5;429.3;426.3;435.7
524;Nepal;Final consumption of renewable energy (PJ) - Transport;Renewables;IEA (2024), World Energy Balances;0;0;0;0;0;0;0;0;0;0;0;0;0;0;0;0;0;0;0;0;0;0;0;0;0;0;0;0;0;0;0;0;0
524;Nepal;Final consumption of renewable energy (PJ) - Electricity consumption;Renewables;IEA (2024), World Energy Balances;2.1;2.3;2.3;2.4;2.6;3;3.2;3.2;3.4;4.1;4.6;5.1;5.5;5.9;6.7;7;7.7;8.2;7.9;9.2;9.8;11.1;11.6;13;14;13.9;17.5;20.3;23;23.5;26.7;32.3;34.2
528;Netherlands (Kingdom of the);Total final energy consumption (PJ);Total;IEA (2024), World Energy Balances;1830.3;1926.6;1895.5;1952.6;1925.7;1983;2153.5;2026;2021.9;2021.8;2014.9;2051;2048.2;2081.1;2099.2;2072.8;2064.6;2021.6;2051.9;1987.5;2133.7;1969.6;1982.9;1973.7;1783.5;1821.2;1863.9;1872.2;1882.1;1851.9;1750.9;1802.9;1638.6
528;Netherlands (Kingdom of the);Share in total final energy consumption (%);Renewables;IEA (2024), World Energy Balances;1.2;1.1;1.2;1.2;1.2;1.3;1.3;1.5;1.5;1.6;1.7;1.8;1.9;1.9;2.2;2.7;3.1;3.7;3.9;4.4;3.8;4.7;4.9;5;5.6;5.8;5.6;6.4;7.4;8.6;10.7;12.2;14.4
528;Netherlands (Kingdom of the);Share in total final energy consumption (%);Modern renewables;IEA (2024), World Energy Balances;1.2;1.1;1.2;1.2;1.2;1.3;1.3;1.5;1.5;1.6;1.7;1.8;1.9;1.9;2.2;2.7;3.1;3.7;3.9;4.4;3.8;4.7;4.9;5;5.6;5.8;5.6;6.4;7.4;8.6;10.7;12.2;14.4
528;Netherlands (Kingdom of the);Share in total final energy consumption (%);Municipal waste (renew);IEA (2024), World Energy Balances;0.2;0.2;0.2;0.2;0.2;0.2;0.3;0.4;0.4;0.4;0.5;0.4;0.4;0.4;0.4;0.5;0.5;0.5;0.6;0.6;0.6;0.7;0.8;0.8;0.9;0.9;0.9;0.9;0.8;0.8;0.8;0.9;0.9
528;Netherlands (Kingdom of the);Share in total final energy consumption (%);Liquid biofuels;IEA (2024), World Energy Balances;0;0;0;0;0;0;0;0;0;0;0;0;0;0;0.1;0.3;0.4;0.8;0.7;0.9;0.5;0.7;0.7;0.7;0.9;0.7;0.6;0.7;1.3;1.6;1.5;1.6;1.6
528;Netherlands (Kingdom of the);Share in total final energy consumption (%);Solid biofuels;IEA (2024), World Energy Balances;0.8;0.8;0.8;0.8;0.8;0.8;0.8;0.8;0.8;0.9;0.9;1;1.1;1;1.1;1.4;1.4;1.5;1.6;1.8;1.7;1.9;1.9;1.8;1.8;1.8;1.8;1.9;2;2.5;3.3;3.7;3.7
528;Netherlands (Kingdom of the);Share in total final energy consumption (%);Biogases;IEA (2024), World Energy Balances;0.1;0.1;0.1;0.2;0.2;0.2;0.2;0.2;0.2;0.2;0.2;0.2;0.2;0.2;0.2;0.2;0.2;0.2;0.3;0.3;0.3;0.4;0.4;0.4;0.5;0.5;0.4;0.4;0.4;0.5;0.5;0.5;0.5
528;Netherlands (Kingdom of the);Share in total final energy consumption (%);Hydro;IEA (2024), World Energy Balances;0;0;0;0;0;0;0;0;0;0;0;0;0;0;0;0;0;0;0;0;0;0;0;0;0;0;0;0;0;0;0;0;0
528;Netherlands (Kingdom of the);Share in total final energy consumption (%);Geothermal;IEA (2024), World Energy Balances;0;0;0;0;0;0;0;0;0;0;0;0;0;0;0;0;0;0;0;0;0;0;0;0.1;0.1;0.1;0.2;0.2;0.2;0.3;0.4;0.4;0.4
528;Netherlands (Kingdom of the);Share in total final energy consumption (%);Tide, wave and ocean;IEA (2024), World Energy Balances;0;0;0;0;0;0;0;0;0;0;0;0;0;0;0;0;0;0;0;0;0;0;0;0;0;0;0;0;0;0;0;0;0
528;Netherlands (Kingdom of the);Share in total final energy consumption (%);Wind;IEA (2024), World Energy Balances;0;0;0;0;0;0.1;0.1;0.1;0.1;0.1;0.2;0.1;0.2;0.2;0.3;0.4;0.5;0.6;0.8;0.8;0.6;0.9;0.9;1.1;1.1;1.4;1.4;1.8;1.9;2;2.7;3.2;4
528;Netherlands (Kingdom of the);Share in total final energy consumption (%);Solar;IEA (2024), World Energy Balances;0;0;0;0;0;0;0;0;0;0;0;0;0;0;0;0;0;0;0;0.1;0.1;0.1;0.1;0.1;0.2;0.3;0.3;0.4;0.7;1;1.6;2;3.3
528;Netherlands (Kingdom of the);Final consumption of renewable energy (PJ) - Heat raising;Renewables;IEA (2024), World Energy Balances;18.7;18.8;19.1;19.3;19.4;19.9;20.9;22.8;23;23.3;23.5;23.8;24.5;24.9;27.2;28.8;31.6;32.6;34.3;35.4;36.1;37;38.6;40.5;43.5;46.5;46.7;50.4;55.1;60.6;63.8;68.1;64.4
528;Netherlands (Kingdom of the);Final consumption of renewable energy (PJ) - Transport;Renewables;IEA (2024), World Energy Balances;0.1;0.1;0.1;0.1;0.1;0.1;0.1;0.1;0.2;0.2;0.2;0.2;0.2;0.2;0.3;0.4;2.2;14.2;12.5;16.2;10.2;14.1;13.9;13.3;15.3;13.1;10.8;13.8;21.8;27.2;24.2;28.1;27.8
528;Netherlands (Kingdom of the);Final consumption of renewable energy (PJ) - Electricity consumption;Renewables;IEA (2024), World Energy Balances;2.8;3.3;3.4;3.9;4.4;4.9;6.3;7.2;8.1;9.4;11.1;12.1;14.4;14.5;19;27.5;30.5;27.6;34.1;35.3;35.8;41.3;44.6;44.1;40.5;45.5;47.5;55.6;62.8;71.2;99.5;123.8;143.4
540;New Caledonia;Total final energy consumption (PJ);Total;Energy Balances, UN Statistics Division (2024);16.3;16.6;14.9;16.1;18.2;18.6;20.9;17;17.6;18.5;22;20.4;23.1;24.8;24;26.1;26.1;26.9;24.7;25;27.3;28.6;29.4;30.6;33.8;33.1;33.8;34.8;36.5;35.5;33.4;30.6;32.6
540;New Caledonia;Share in total final energy consumption (%);Renewables;Energy Balances, UN Statistics Division (2024);10.6;7.8;7;5.8;5.8;4.8;7.1;8;8.5;9.5;7.5;6.7;5.3;4.9;5.2;5.1;4.5;5.8;7.8;7;4.8;5.9;6.2;6.6;4.3;5.1;3.7;5.1;4.6;5.2;6.1;8.3;9.6
540;New Caledonia;Share in total final energy consumption (%);Modern renewables;Energy Balances, UN Statistics Division (2024);10.1;7.4;6.5;5.3;5.4;4.4;6.7;7.5;8;9;7.2;6.3;4.9;4.6;4.8;4.7;4.2;5.5;7.4;6.6;4.5;5.6;5.8;6.2;4;4.8;3.4;4.8;4.4;5;5.7;8;9.3
540;New Caledonia;Share in total final energy consumption (%);Municipal waste (renew);Energy Balances, UN Statistics Division (2024);0;0;0;0;0;0;0;0;0;0;0;0;0;0;0;0;0;0;0;0;0;0;0;0;0;0;0;0;0;0;0;0;0
540;New Caledonia;Share in total final energy consumption (%);Liquid biofuels;Energy Balances, UN Statistics Division (2024);0;0;0;0;0;0;0;0;0;0;0;0;0;0;0;0;0;0;0;0;0;0;0;0;0;0;0;0;0;0;0;0;0
540;New Caledonia;Share in total final energy consumption (%);Solid biofuels;Energy Balances, UN Statistics Division (2024);0.5;0.5;0.6;0.5;0.4;0.4;0.4;0.5;0.5;0.5;0.4;0.4;0.4;0.4;0.4;0.4;0.4;0.3;0.4;0.4;0.3;0.3;0.3;0.3;0.3;0.3;0.3;0.3;0.3;0.3;0.3;0.3;0.3
540;New Caledonia;Share in total final energy consumption (%);Biogases;Energy Balances, UN Statistics Division (2024);0;0;0;0;0;0;0;0;0;0;0;0;0;0;0;0;0;0;0;0;0;0;0;0;0;0;0;0;0;0;0;0;0
540;New Caledonia;Share in total final energy consumption (%);Hydro;Energy Balances, UN Statistics Division (2024);10.1;7.4;6.5;5.3;5.4;4.4;6.6;7.4;7.9;8.9;7;6.2;4.8;4.5;4.7;4.5;3.8;5;6.4;5.5;3.4;4.6;4.7;5.2;3;3.6;2.4;3.7;3.1;2.8;3.2;4.9;5.8
540;New Caledonia;Share in total final energy consumption (%);Geothermal;Energy Balances, UN Statistics Division (2024);0;0;0;0;0;0;0;0;0;0;0;0;0;0;0;0;0;0;0;0;0;0;0;0;0;0;0;0;0;0;0;0;0
540;New Caledonia;Share in total final energy consumption (%);Tide, wave and ocean;Energy Balances, UN Statistics Division (2024);0;0;0;0;0;0;0;0;0;0;0;0;0;0;0;0;0;0;0;0;0;0;0;0;0;0;0;0;0;0;0;0;0
540;New Caledonia;Share in total final energy consumption (%);Wind;Energy Balances, UN Statistics Division (2024);0;0;0;0;0;0;0;0.1;0.1;0.1;0.1;0.1;0.1;0.1;0.2;0.2;0.4;0.5;0.5;0.6;0.7;0.6;0.7;0.6;0.6;0.7;0.5;0.5;0.4;0.6;0.5;0.5;0.5
540;New Caledonia;Share in total final energy consumption (%);Solar;Energy Balances, UN Statistics Division (2024);0;0;0;0;0;0;0;0;0;0;0;0;0;0;0;0;0;0;0.5;0.5;0.5;0.4;0.4;0.4;0.4;0.5;0.5;0.7;0.8;1.6;2;2.6;2.9
540;New Caledonia;Final consumption of renewable energy (PJ) - Heat raising;Renewables;Energy Balances, UN Statistics Division (2024);0.1;0.1;0.1;0.1;0.1;0.1;0.1;0.1;0.1;0.1;0.1;0.1;0.1;0.1;0.1;0.1;0.1;0.1;0.2;0.2;0.2;0.2;0.2;0.2;0.2;0.2;0.2;0.2;0.2;0.2;0.2;0.2;0.2
540;New Caledonia;Final consumption of renewable energy (PJ) - Transport;Renewables;Energy Balances, UN Statistics Division (2024);0;0;0;0;0;0;0;0;0;0;0;0;0;0;0;0;0;0;0;0;0;0;0;0;0;0;0;0;0;0;0;0;0
540;New Caledonia;Final consumption of renewable energy (PJ) - Electricity consumption;Renewables;Energy Balances, UN Statistics Division (2024);1.6;1.2;1;0.9;1;0.8;1.4;1.3;1.4;1.7;1.6;1.3;1.1;1.1;1.2;1.2;1.1;1.5;1.7;1.5;1.1;1.5;1.6;1.8;1.2;1.4;1;1.5;1.4;1.6;1.8;2.3;2.9
554;New Zealand;Total final energy consumption (PJ);Total;IEA (2024), World Energy Balances;370;371.7;379.6;389.1;406.9;415.5;421.1;427.7;423.9;436.3;454.8;464.5;484.2;484.7;492;482.5;486;491.4;486;475.8;487.1;483.2;487;495.2;514.6;519.5;523;534.1;530.4;544;506.7;511;509.9
554;New Zealand;Share in total final energy consumption (%);Renewables;IEA (2024), World Energy Balances;28;27.6;25.6;27.3;28.2;28.7;27.6;25.8;27.2;26.4;26.3;24.5;26.5;25.8;28.1;26.7;26.9;26.9;26.1;28.4;29.3;30.2;28.6;28.1;28.7;29.1;29.8;28.1;28.7;27.7;28.2;28.6;30.4
554;New Zealand;Share in total final energy consumption (%);Modern renewables;IEA (2024), World Energy Balances;28;27.6;25.6;27.3;28.2;28.7;27.6;25.8;27.2;26.4;26.3;24.5;26.5;25.8;28.1;26.7;26.9;26.9;26.1;28.4;29.3;30.2;28.6;28.1;28.7;29.1;29.8;28.1;28.7;27.7;28.2;28.6;30.4
554;New Zealand;Share in total final energy consumption (%);Municipal waste (renew);IEA (2024), World Energy Balances;0;0;0;0;0;0;0;0;0;0;0;0;0;0;0;0;0;0;0;0;0;0;0;0;0;0;0;0;0;0;0;0;0
554;New Zealand;Share in total final energy consumption (%);Liquid biofuels;IEA (2024), World Energy Balances;0;0;0;0;0;0;0;0;0;0;0;0;0;0;0;0;0;0;0;0;0;0;0.1;0;0;0;0;0;0;0;0;0;0
554;New Zealand;Share in total final energy consumption (%);Solid biofuels;IEA (2024), World Energy Balances;4.2;4.2;4.3;4.6;4.7;4.8;4.8;5;4.8;5.5;5.5;5.7;6.3;6.3;6.6;6.6;6.5;6.3;5.8;5.4;5.9;5.8;5.9;5.5;5.3;5.4;5.5;5.2;5.1;4.9;4.6;5;5.5
554;New Zealand;Share in total final energy consumption (%);Biogases;IEA (2024), World Energy Balances;0.1;0.2;0.2;0.2;0.2;0.2;0.1;0.1;0.1;0.1;0.1;0.1;0.1;0.2;0.2;0.2;0.2;0.2;0.2;0.2;0.2;0.2;0.2;0.2;0.2;0.2;0.2;0.2;0.2;0.2;0.2;0.2;0.2
554;New Zealand;Share in total final energy consumption (%);Hydro;IEA (2024), World Energy Balances;19.7;19.2;17.2;18.6;19.6;20.2;19.2;17.2;18.5;16.8;16.8;14.8;16.2;15.4;17.4;15.4;15.6;15.4;14.6;16.3;16.3;16.7;14.9;14.9;15.3;15.2;16;14.9;15.7;14.9;15;14.9;16
554;New Zealand;Share in total final energy consumption (%);Geothermal;IEA (2024), World Energy Balances;3.9;4;3.9;4;3.7;3.6;3.5;3.6;3.8;4;3.9;3.8;3.7;3.7;3.7;4.1;4.2;4.3;4.7;5.3;5.7;6.1;6.1;6.1;6.4;6.7;6.6;6.4;6.4;6.3;6.7;6.6;6.6
554;New Zealand;Share in total final energy consumption (%);Tide, wave and ocean;IEA (2024), World Energy Balances;0;0;0;0;0;0;0;0;0;0;0;0;0;0;0;0;0;0;0;0;0;0;0;0;0;0;0;0;0;0;0;0;0
554;New Zealand;Share in total final energy consumption (%);Wind;IEA (2024), World Energy Balances;0;0;0;0;0;0;0;0;0;0;0.1;0.1;0.1;0.1;0.2;0.4;0.4;0.6;0.7;1;1.1;1.3;1.4;1.3;1.4;1.5;1.4;1.2;1.2;1.3;1.4;1.6;1.7
554;New Zealand;Share in total final energy consumption (%);Solar;IEA (2024), World Energy Balances;0;0;0;0;0;0;0;0;0;0;0;0;0;0;0;0;0.1;0.1;0.1;0.1;0.1;0.1;0.1;0.1;0.1;0.1;0.1;0.1;0.1;0.1;0.2;0.2;0.2
554;New Zealand;Final consumption of renewable energy (PJ) - Heat raising;Renewables;IEA (2024), World Energy Balances;21.1;21.3;22.4;23.8;25.1;25.9;26.4;27.4;26.6;30.3;31.3;33.5;38.6;39.3;41;40.5;40.1;39.6;36.7;34.3;36.6;36.4;36.7;34.5;34.3;35.3;35.6;35.1;34.1;33.6;30.2;31.7;34.7
554;New Zealand;Final consumption of renewable energy (PJ) - Transport;Renewables;IEA (2024), World Energy Balances;0.2;0.2;0.1;0.2;0.2;0.2;0.2;0.2;0.2;0.2;0.2;0.2;0.2;0.2;0.2;0.2;0.2;0.2;0.3;0.3;0.3;0.4;0.4;0.3;0.3;0.4;0.4;0.4;0.4;0.5;0.4;0.5;0.7
554;New Zealand;Final consumption of renewable energy (PJ) - Electricity consumption;Renewables;IEA (2024), World Energy Balances;82.2;81;74.5;82.1;89.3;93.1;89.7;82.9;88.6;84.5;88.3;80.2;89.4;85.6;97.2;88.1;90.6;92.4;89.7;100.4;105.6;109;102.2;104.3;113.2;115.8;120;114.7;118;116.6;112;113.7;119.6
558;Nicaragua;Total final energy consumption (PJ);Total;IEA (2024), World Energy Balances;60.8;61.8;62.5;63.1;65.9;67;69.4;72.8;74.3;78.3;78.6;77.2;77.5;80.9;82.7;82.5;86.6;88.2;87.5;85.2;87.7;90.2;93.6;94.2;98;103.6;106.6;109.9;105.5;106.7;106.1;112.6;113.4
558;Nicaragua;Share in total final energy consumption (%);Renewables;IEA (2024), World Energy Balances;68.8;70.6;67.2;67.6;64.6;64.6;63.9;62.8;60.5;59.4;58.4;56.7;54.7;51.5;51.2;52.8;53.3;52.6;53.8;54.6;54.4;53.3;53.3;54.3;53;50;49.5;48.9;51.3;50.5;52.3;50.4;50
558;Nicaragua;Share in total final energy consumption (%);Modern renewables;IEA (2024), World Energy Balances;11.4;13.4;9.9;10.3;9.1;9.7;10.5;11.5;9.9;11.1;9.9;6.9;5;8.7;9;10.2;9.2;9.1;9.8;9.1;10.1;10;11.2;12.4;12.6;11.5;11.9;12.2;12.8;12.1;13.4;13.5;13.2
558;Nicaragua;Share in total final energy consumption (%);Municipal waste (renew);IEA (2024), World Energy Balances;0;0;0;0;0;0;0;0;0;0;0;0;0;0;0;0;0;0;0;0;0;0;0;0;0;0;0;0;0;0;0;0;0
558;Nicaragua;Share in total final energy consumption (%);Liquid biofuels;IEA (2024), World Energy Balances;0;0;0;0;0;0;0;0;0;0;0;0;0;0;0;0;0;0;0;0;0;0;0;0;0;0;0;0;0;0;0;0;0
558;Nicaragua;Share in total final energy consumption (%);Solid biofuels;IEA (2024), World Energy Balances;65.4;67.2;64.3;64.4;62;62.2;61.7;60.8;59.2;57.9;57.4;55.5;53.2;49.8;49.5;50.6;51.5;51;51.3;52.4;51.6;50.6;49.6;49.4;47.8;45.2;44.5;43.8;45.7;45.6;46;44.4;44.5
558;Nicaragua;Share in total final energy consumption (%);Biogases;IEA (2024), World Energy Balances;0;0;0;0;0;0;0;0;0;0;0;0;0;0;0;0;0;0;0;0;0;0;0;0;0;0;0;0;0;0;0;0;0
558;Nicaragua;Share in total final energy consumption (%);Hydro;IEA (2024), World Energy Balances;1.8;1.4;1;1.8;1.3;1.3;1.4;1.3;0.9;1.2;0.6;0.6;0.9;0.9;0.9;1.3;0.9;0.9;1.6;0.9;1.5;1.3;1.2;1.3;1.1;0.8;1.1;1.3;1.1;0.6;1.9;1.8;1.8
558;Nicaragua;Share in total final energy consumption (%);Geothermal;IEA (2024), World Energy Balances;1.7;1.9;1.8;1.5;1.2;1;0.9;0.7;0.4;0.3;0.4;0.6;0.6;0.8;0.7;0.8;0.9;0.7;0.9;0.9;0.9;0.8;1.5;2;1.8;1.8;1.9;2;2.2;2.2;2.5;2.2;1.9
558;Nicaragua;Share in total final energy consumption (%);Tide, wave and ocean;IEA (2024), World Energy Balances;0;0;0;0;0;0;0;0;0;0;0;0;0;0;0;0;0;0;0;0;0;0;0;0;0;0;0;0;0;0;0;0;0
558;Nicaragua;Share in total final energy consumption (%);Wind;IEA (2024), World Energy Balances;0;0;0;0;0;0;0;0;0;0;0;0;0;0;0;0;0;0;0;0.3;0.5;0.6;1;1.6;2.3;2.3;2;1.7;2.2;2;1.8;1.9;1.6
558;Nicaragua;Share in total final energy consumption (%);Solar;IEA (2024), World Energy Balances;0;0;0;0;0;0;0;0;0;0;0;0;0;0;0;0;0;0;0;0;0;0;0;0;0;0;0;0;0.1;0.1;0.1;0.1;0.1
558;Nicaragua;Final consumption of renewable energy (PJ) - Heat raising;Renewables;IEA (2024), World Energy Balances;39.5;41.2;39.9;40.4;40.6;41.4;42.5;43.7;43.5;45.1;44.8;42.6;40.9;39.9;40.4;40.9;43.8;44;44;43.7;44.2;44.6;45.1;45.2;45.5;45.6;45.9;46.2;46.2;46.1;46.2;47.1;47.6
558;Nicaragua;Final consumption of renewable energy (PJ) - Transport;Renewables;IEA (2024), World Energy Balances;0;0;0;0;0;0;0;0;0;0;0;0;0;0;0;0;0;0;0;0;0;0;0;0;0;0;0;0;0;0;0;0;0
558;Nicaragua;Final consumption of renewable energy (PJ) - Electricity consumption;Renewables;IEA (2024), World Energy Balances;2.4;2.4;2.1;2.3;1.9;1.8;1.9;2;1.4;1.5;1.2;1.1;1.5;1.8;2;2.6;2.4;2.4;3.1;2.8;3.5;3.5;4.7;6;6.5;6.3;6.9;7.6;7.9;7.7;9.2;9.7;9.1
562;Niger;Total final energy consumption (PJ);Total;IEA (2024), World Energy Balances;56.6;57.9;59.5;62.1;63.9;65.4;68.7;85.9;88.3;90.6;57.5;59.5;61.4;64;65.9;67.8;69.8;73.3;76;81;86.1;73.6;85.4;105.7;110.7;113.9;115.7;117.9;123.2;130.1;139.8;148.1;156.5
562;Niger;Share in total final energy consumption (%);Renewables;IEA (2024), World Energy Balances;91.4;92.1;92.8;92;92.6;93.4;91.9;93.5;93.1;93;87.6;87.7;87.7;87;87;87.5;87.4;86.2;86.1;83.3;80.7;77.2;72.7;78.7;78.1;78.9;80.2;82;82;80.7;81.9;79.6;77.9
562;Niger;Share in total final energy consumption (%);Modern renewables;IEA (2024), World Energy Balances;0;0;0;0;0;0;0;0;0;0;0;0;0;0;0;0;0;0;0;0;0;0;0;0;0;0;0.7;1.9;1.9;1.8;1.8;1.8;1.8
562;Niger;Share in total final energy consumption (%);Municipal waste (renew);IEA (2024), World Energy Balances;0;0;0;0;0;0;0;0;0;0;0;0;0;0;0;0;0;0;0;0;0;0;0;0;0;0;0;0;0;0;0;0;0
562;Niger;Share in total final energy consumption (%);Liquid biofuels;IEA (2024), World Energy Balances;0;0;0;0;0;0;0;0;0;0;0;0;0;0;0;0;0;0;0;0;0;0;0;0;0;0;0;0;0;0;0;0;0
562;Niger;Share in total final energy consumption (%);Solid biofuels;IEA (2024), World Energy Balances;91.4;92.1;92.8;92;92.6;93.4;91.9;93.5;93.1;93;87.6;87.7;87.7;87;87;87.5;87.4;86.1;86;83.2;80.6;77.2;72.7;78.7;78.1;78.9;80.2;81.9;81.9;80.6;81.8;79.5;77.8
562;Niger;Share in total final energy consumption (%);Biogases;IEA (2024), World Energy Balances;0;0;0;0;0;0;0;0;0;0;0;0;0;0;0;0;0;0;0;0;0;0;0;0;0;0;0;0;0;0;0;0;0
562;Niger;Share in total final energy consumption (%);Hydro;IEA (2024), World Energy Balances;0;0;0;0;0;0;0;0;0;0;0;0;0;0;0;0;0;0;0;0;0;0;0;0;0;0;0;0;0;0;0;0;0
562;Niger;Share in total final energy consumption (%);Geothermal;IEA (2024), World Energy Balances;0;0;0;0;0;0;0;0;0;0;0;0;0;0;0;0;0;0;0;0;0;0;0;0;0;0;0;0;0;0;0;0;0
562;Niger;Share in total final energy consumption (%);Tide, wave and ocean;IEA (2024), World Energy Balances;0;0;0;0;0;0;0;0;0;0;0;0;0;0;0;0;0;0;0;0;0;0;0;0;0;0;0;0;0;0;0;0;0
562;Niger;Share in total final energy consumption (%);Wind;IEA (2024), World Energy Balances;0;0;0;0;0;0;0;0;0;0;0;0;0;0;0;0;0;0;0;0;0;0;0;0;0;0;0;0;0;0;0;0;0
562;Niger;Share in total final energy consumption (%);Solar;IEA (2024), World Energy Balances;0;0;0;0;0;0;0;0;0;0;0;0;0;0;0;0;0;0;0;0;0;0;0;0;0;0;0;0.1;0.1;0.1;0.1;0.1;0.1
562;Niger;Final consumption of renewable energy (PJ) - Heat raising;Renewables;IEA (2024), World Energy Balances;51.7;53.4;55.2;57.1;59.1;61.1;63.1;80.4;82.2;84.3;50.3;52.1;53.9;55.7;57.4;59.3;61;63.2;65.3;67.4;69.4;56.9;62.1;83.1;86.4;89.8;92.8;96.6;100.9;104.9;114.3;117.7;121.7
562;Niger;Final consumption of renewable energy (PJ) - Transport;Renewables;IEA (2024), World Energy Balances;0;0;0;0;0;0;0;0;0;0;0;0;0;0;0;0;0;0;0;0;0;0;0;0;0;0;0;0;0;0;0;0;0
562;Niger;Final consumption of renewable energy (PJ) - Electricity consumption;Renewables;IEA (2024), World Energy Balances;0;0;0;0;0;0;0;0;0;0;0;0;0;0;0;0;0;0;0;0;0;0;0;0;0;0;0;0.1;0.1;0.2;0.2;0.2;0.2
566;Nigeria;Total final energy consumption (PJ);Total;IEA (2024), World Energy Balances;856.3;905.1;988.7;953.2;896.6;937.4;1001.3;1086.5;1062.1;1084.8;1153.7;1243.2;1281;1406.2;1396.1;1442.7;1395.8;1399.2;1510.2;1440.2;1632;1810.8;1956.5;2046;2039.3;1982.5;2037;2046.9;2142.1;2233.5;2167.8;2364.6;2422
566;Nigeria;Share in total final energy consumption (%);Renewables;IEA (2024), World Energy Balances;64.8;61.6;57.7;61.1;65.6;64.2;62.6;59.6;63;62.8;60.2;57.7;58;54.7;56.6;56.6;60;62.7;60;65.1;61.3;58;58.5;54.3;49.7;52.1;51.8;52.7;51.6;50.6;54.1;51.7;51.4
566;Nigeria;Share in total final energy consumption (%);Modern renewables;IEA (2024), World Energy Balances;12.6;12.4;11.5;12.3;13.3;13.1;12.6;12.1;12.9;13.1;13;12.6;13.1;12.7;13.3;13.8;14.9;17;17.2;19.6;20.2;20.4;23.1;19.9;14.4;15;14.8;15.1;14.5;14.1;14.5;13.4;13.4
566;Nigeria;Share in total final energy consumption (%);Municipal waste (renew);IEA (2024), World Energy Balances;0;0;0;0;0;0;0;0;0;0;0;0;0;0;0;0;0;0;0;0;0;0;0;0;0;0;0;0;0;0;0;0;0
566;Nigeria;Share in total final energy consumption (%);Liquid biofuels;IEA (2024), World Energy Balances;0;0;0;0;0;0;0;0;0;0;0;0;0;0;0;0;0;0;0;0;0;0;0;0;0;0;0;0;0;0;0;0;0
566;Nigeria;Share in total final energy consumption (%);Solid biofuels;IEA (2024), World Energy Balances;63.7;60.3;56.4;59.7;64.2;63;61.5;58.6;61.9;61.7;59.2;56.6;56.6;53.5;55.3;55.1;59;61.3;58.8;64.1;60.1;56.9;57.5;53.6;49.1;51.3;51;51.6;50.6;49.5;53;50.7;50.2
566;Nigeria;Share in total final energy consumption (%);Biogases;IEA (2024), World Energy Balances;0;0;0;0;0;0;0;0;0;0;0;0;0;0;0;0;0;0;0;0;0;0;0;0;0;0;0;0;0;0;0;0;0
566;Nigeria;Share in total final energy consumption (%);Hydro;IEA (2024), World Energy Balances;1.1;1.4;1.3;1.5;1.4;1.3;1.1;1;1.1;1.1;1;1;1.4;1.2;1.4;1.4;1.1;1.4;1.2;1;1.1;1;0.9;0.7;0.6;0.7;0.8;1.1;1.1;1.1;1;1;1.2
566;Nigeria;Share in total final energy consumption (%);Geothermal;IEA (2024), World Energy Balances;0;0;0;0;0;0;0;0;0;0;0;0;0;0;0;0;0;0;0;0;0;0;0;0;0;0;0;0;0;0;0;0;0
566;Nigeria;Share in total final energy consumption (%);Tide, wave and ocean;IEA (2024), World Energy Balances;0;0;0;0;0;0;0;0;0;0;0;0;0;0;0;0;0;0;0;0;0;0;0;0;0;0;0;0;0;0;0;0;0
566;Nigeria;Share in total final energy consumption (%);Wind;IEA (2024), World Energy Balances;0;0;0;0;0;0;0;0;0;0;0;0;0;0;0;0;0;0;0;0;0;0;0;0;0;0;0;0;0;0;0;0;0
566;Nigeria;Share in total final energy consumption (%);Solar;IEA (2024), World Energy Balances;0;0;0;0;0;0;0;0;0;0;0;0;0;0;0;0;0;0;0;0;0;0;0;0;0;0;0;0;0;0;0;0;0
566;Nigeria;Final consumption of renewable energy (PJ) - Heat raising;Renewables;IEA (2024), World Energy Balances;545.3;545.4;557.9;568.6;575.5;590.3;615.8;636.9;657;668.9;682.9;704.3;725.5;752.1;771.4;795.4;822.9;857.7;888.7;923;981.6;1031.2;1125.8;1095.8;1000.3;1017.6;1038.2;1056.5;1083.2;1105.5;1149.4;1198.4;1215.8
566;Nigeria;Final consumption of renewable energy (PJ) - Transport;Renewables;IEA (2024), World Energy Balances;0;0;0;0;0;0;0;0;0;0;0;0;0;0;0;0;0;0;0;0;0;0;0;0;0;0;0;0;0;0;0;0;0
566;Nigeria;Final consumption of renewable energy (PJ) - Electricity consumption;Renewables;IEA (2024), World Energy Balances;9.2;12.5;12.8;13.8;12.4;11.8;11;11;11.7;11.8;12.1;12.5;17.7;17.1;19.3;20.5;14.9;19.1;18;14.9;18.4;18.5;18.1;14.9;12.8;14.5;16.1;23;22.7;25.6;22.5;23.2;28.5
570;Niue;Total final energy consumption (PJ);Total;Energy Balances, UN Statistics Division (2024);0.1;0.1;0.1;0.1;0.1;0.1;0.1;0.1;0.1;0.1;0.1;0.1;0.1;0.1;0.1;0;0.1;0;0.1;0;0;0.1;0.1;0.1;0.1;0.1;0.1;0.1;0.1;0.1;0.1;0.1;0.1
570;Niue;Share in total final energy consumption (%);Renewables;Energy Balances, UN Statistics Division (2024);0.6;0.6;1.8;0.6;0.6;0.6;0.6;0.6;0.6;0.6;0.6;0.6;0.6;0.7;0.8;0.8;0.8;1;0.6;0.9;1.4;1.3;1.2;1.2;1.2;1.1;1;1.1;3;3;3.1;3;2.8
570;Niue;Share in total final energy consumption (%);Modern renewables;Energy Balances, UN Statistics Division (2024);0;0;0;0;0;0;0;0;0;0;0;0;0;0;0;0;0;0;0;0;0.5;0.5;0.4;0.4;0.4;0.4;0.4;0.4;2.4;2.4;2.4;2.3;2.4
570;Niue;Share in total final energy consumption (%);Municipal waste (renew);Energy Balances, UN Statistics Division (2024);0;0;0;0;0;0;0;0;0;0;0;0;0;0;0;0;0;0;0;0;0;0;0;0;0;0;0;0;0;0;0;0;0
570;Niue;Share in total final energy consumption (%);Liquid biofuels;Energy Balances, UN Statistics Division (2024);0;0;0;0;0;0;0;0;0;0;0;0;0;0;0;0;0;0;0;0;0;0;0;0;0;0;0;0;0;0;0;0;0
570;Niue;Share in total final energy consumption (%);Solid biofuels;Energy Balances, UN Statistics Division (2024);0.6;0.6;1.8;0.6;0.6;0.6;0.6;0.6;0.6;0.6;0.6;0.6;0.6;0.7;0.8;0.8;0.8;0.9;0.6;0.8;0.9;0.8;0.8;0.7;0.8;0.7;0.6;0.6;0.6;0.6;0.7;0.7;0.4
570;Niue;Share in total final energy consumption (%);Biogases;Energy Balances, UN Statistics Division (2024);0;0;0;0;0;0;0;0;0;0;0;0;0;0;0;0;0;0;0;0;0;0;0;0;0;0;0;0;0;0;0;0;0
570;Niue;Share in total final energy consumption (%);Hydro;Energy Balances, UN Statistics Division (2024);0;0;0;0;0;0;0;0;0;0;0;0;0;0;0;0;0;0;0;0;0;0;0;0;0;0;0;0;0;0;0;0;0
570;Niue;Share in total final energy consumption (%);Geothermal;Energy Balances, UN Statistics Division (2024);0;0;0;0;0;0;0;0;0;0;0;0;0;0;0;0;0;0;0;0;0;0;0;0;0;0;0;0;0;0;0;0;0
570;Niue;Share in total final energy consumption (%);Tide, wave and ocean;Energy Balances, UN Statistics Division (2024);0;0;0;0;0;0;0;0;0;0;0;0;0;0;0;0;0;0;0;0;0;0;0;0;0;0;0;0;0;0;0;0;0
570;Niue;Share in total final energy consumption (%);Wind;Energy Balances, UN Statistics Division (2024);0;0;0;0;0;0;0;0;0;0;0;0;0;0;0;0;0;0;0;0;0;0;0;0;0;0;0;0;0;0;0;0;0
570;Niue;Share in total final energy consumption (%);Solar;Energy Balances, UN Statistics Division (2024);0;0;0;0;0;0;0;0;0;0;0;0;0;0;0;0;0;0;0;0;0.5;0.5;0.4;0.4;0.4;0.4;0.4;0.4;2.4;2.4;2.4;2.3;2.4
570;Niue;Final consumption of renewable energy (PJ) - Heat raising;Renewables;Energy Balances, UN Statistics Division (2024);0;0;0;0;0;0;0;0;0;0;0;0;0;0;0;0;0;0;0;0;0;0;0;0;0;0;0;0;0;0;0;0;0
570;Niue;Final consumption of renewable energy (PJ) - Transport;Renewables;Energy Balances, UN Statistics Division (2024);0;0;0;0;0;0;0;0;0;0;0;0;0;0;0;0;0;0;0;0;0;0;0;0;0;0;0;0;0;0;0;0;0
570;Niue;Final consumption of renewable energy (PJ) - Electricity consumption;Renewables;Energy Balances, UN Statistics Division (2024);0;0;0;0;0;0;0;0;0;0;0;0;0;0;0;0;0;0;0;0;0;0;0;0;0;0;0;0;0;0;0;0;0
807;North Macedonia;Total final energy consumption (PJ);Total;IEA (2024), World Energy Balances;59.8;56.4;65.5;69.6;62.1;60.1;75;68.2;66.7;66.5;65;58;60.2;68;66.7;72.7;73.3;77.5;75.1;70.2;74.8;79.6;77.2;75.9;75.2;76.9;77.3;77.8;76.7;81.1;75.9;82.3;75.8
807;North Macedonia;Share in total final energy consumption (%);Renewables;IEA (2024), World Energy Balances;2.4;4.4;16;14.9;16.6;17.8;14.2;15.9;15.1;17.7;19.4;15.2;14.6;17.3;18.2;19;19.8;15.7;15.6;18.4;22.3;18.6;18.3;21.2;21.2;23.9;21.4;19;20.9;17;20;19.7;19.2
807;North Macedonia;Share in total final energy consumption (%);Modern renewables;IEA (2024), World Energy Balances;2.4;4.4;16;14.9;16.6;17.8;14.2;15.9;15.1;17.7;19.4;15.2;14.6;17.3;18.2;19;19.8;15.7;15.6;18.4;22.3;18.6;18.3;21.2;21.2;23.9;21.4;19;20.9;17;20;19.7;19.2
807;North Macedonia;Share in total final energy consumption (%);Municipal waste (renew);IEA (2024), World Energy Balances;0;0;0;0;0;0;0;0;0;0;0;0;0;0;0;0;0;0;0;0;0;0;0;0;0;0;0;0;0;0;0;0;0
807;North Macedonia;Share in total final energy consumption (%);Liquid biofuels;IEA (2024), World Energy Balances;0;0;0;0;0;0;0;0;0;0;0;0;0;0;0;0;0;0;0.1;0.1;0;0;0;0;0;0;0;0;0;0;0;0;0
807;North Macedonia;Share in total final energy consumption (%);Solid biofuels;IEA (2024), World Energy Balances;0;0;12;11.6;12.6;13;10.4;11.5;9.5;11.2;13.5;10.6;10.1;10.4;10.6;11.9;11.8;10.4;10.7;11.7;10.8;11;12.3;12.3;13.1;12.4;10.5;12.2;10.6;10.5;11.6;10.7;11.3
807;North Macedonia;Share in total final energy consumption (%);Biogases;IEA (2024), World Energy Balances;0;0;0;0;0;0;0;0;0;0;0;0;0;0;0;0;0;0;0;0;0;0;0;0;0;0.1;0.2;0.3;0.3;0.3;0.3;0.3;0.2
807;North Macedonia;Share in total final energy consumption (%);Hydro;IEA (2024), World Energy Balances;2.4;4.4;4;2.6;3.2;3.9;3.2;3.8;4.5;5.6;5;3.1;3.7;6.2;6.9;6.6;7.4;4.9;4.4;6.1;10.9;7.1;5.4;8.4;7.2;10.3;9.7;5.6;9.2;5.5;7.1;7.5;6.3
807;North Macedonia;Share in total final energy consumption (%);Geothermal;IEA (2024), World Energy Balances;0;0;0;0.6;0.8;0.9;0.6;0.7;1.1;0.9;0.9;1.5;0.9;0.7;0.7;0.5;0.5;0.5;0.5;0.5;0.6;0.6;0.5;0.4;0.3;0.3;0.3;0.3;0.2;0.2;0.2;0.2;0.2
807;North Macedonia;Share in total final energy consumption (%);Tide, wave and ocean;IEA (2024), World Energy Balances;0;0;0;0;0;0;0;0;0;0;0;0;0;0;0;0;0;0;0;0;0;0;0;0;0;0;0;0;0;0;0;0;0
807;North Macedonia;Share in total final energy consumption (%);Wind;IEA (2024), World Energy Balances;0;0;0;0;0;0;0;0;0;0;0;0;0;0;0;0;0;0;0;0;0;0;0;0;0.4;0.7;0.6;0.6;0.5;0.5;0.6;0.5;0.5
807;North Macedonia;Share in total final energy consumption (%);Solar;IEA (2024), World Energy Balances;0;0;0;0;0;0;0;0;0;0;0;0;0;0;0;0;0;0;0;0;0;0;0;0;0.1;0.1;0.1;0.1;0.1;0.1;0.1;0.4;0.6
807;North Macedonia;Final consumption of renewable energy (PJ) - Heat raising;Renewables;IEA (2024), World Energy Balances;0;0;7.8;8.5;8.3;8.4;8.3;8.3;7;8;9.4;7;6.6;7.6;7.5;9;9.1;8.4;8.4;8.6;8.5;9.2;9.9;9.6;10.1;9.8;8.3;9.7;8.3;8.7;9;9.1;8.8
807;North Macedonia;Final consumption of renewable energy (PJ) - Transport;Renewables;IEA (2024), World Energy Balances;0;0;0;0;0;0;0;0;0;0;0;0;0;0;0;0;0;0;0.1;0.1;0;0;0;0.1;0;0;0;0;0;0;0;0;0
807;North Macedonia;Final consumption of renewable energy (PJ) - Electricity consumption;Renewables;IEA (2024), World Energy Balances;1.4;2.5;2.6;1.8;2;2.3;2.4;2.6;3;3.7;3.2;1.8;2.2;4.2;4.6;4.8;5.4;3.8;3.3;4.3;8.2;5.6;4.2;6.4;5.8;8.6;8.2;5.1;7.7;5.1;6.2;7.1;5.7
580;Northern Mariana Islands;Total final energy consumption (PJ);Total;Energy Balances, UN Statistics Division (2024);NaN;NaN;6.2;6.2;6.1;6;6.4;6.4;5.6;4.3;4.3;4.4;2.9;4.5;3.8;4.3;3.9;3.1;2.1;2.1;2.3;2.7;2.2;2;2;2.4;2.3;2.6;2.4;2.5;1.7;2.1;2.1
580;Northern Mariana Islands;Share in total final energy consumption (%);Renewables;Energy Balances, UN Statistics Division (2024);NaN;NaN;0;0;0;0;0;0;0;0;0;0;0;0;0;0;0;0;0;0;0;0;0;0;0;0;0;0;0;0;0.5;0.7;0.7
580;Northern Mariana Islands;Share in total final energy consumption (%);Modern renewables;Energy Balances, UN Statistics Division (2024);NaN;NaN;0;0;0;0;0;0;0;0;0;0;0;0;0;0;0;0;0;0;0;0;0;0;0;0;0;0;0;0;0.5;0.7;0.7
580;Northern Mariana Islands;Share in total final energy consumption (%);Municipal waste (renew);Energy Balances, UN Statistics Division (2024);NaN;NaN;0;0;0;0;0;0;0;0;0;0;0;0;0;0;0;0;0;0;0;0;0;0;0;0;0;0;0;0;0;0;0
580;Northern Mariana Islands;Share in total final energy consumption (%);Liquid biofuels;Energy Balances, UN Statistics Division (2024);NaN;NaN;0;0;0;0;0;0;0;0;0;0;0;0;0;0;0;0;0;0;0;0;0;0;0;0;0;0;0;0;0;0;0
580;Northern Mariana Islands;Share in total final energy consumption (%);Solid biofuels;Energy Balances, UN Statistics Division (2024);NaN;NaN;0;0;0;0;0;0;0;0;0;0;0;0;0;0;0;0;0;0;0;0;0;0;0;0;0;0;0;0;0;0;0
580;Northern Mariana Islands;Share in total final energy consumption (%);Biogases;Energy Balances, UN Statistics Division (2024);NaN;NaN;0;0;0;0;0;0;0;0;0;0;0;0;0;0;0;0;0;0;0;0;0;0;0;0;0;0;0;0;0;0;0
580;Northern Mariana Islands;Share in total final energy consumption (%);Hydro;Energy Balances, UN Statistics Division (2024);NaN;NaN;0;0;0;0;0;0;0;0;0;0;0;0;0;0;0;0;0;0;0;0;0;0;0;0;0;0;0;0;0;0;0
580;Northern Mariana Islands;Share in total final energy consumption (%);Geothermal;Energy Balances, UN Statistics Division (2024);NaN;NaN;0;0;0;0;0;0;0;0;0;0;0;0;0;0;0;0;0;0;0;0;0;0;0;0;0;0;0;0;0;0;0
580;Northern Mariana Islands;Share in total final energy consumption (%);Tide, wave and ocean;Energy Balances, UN Statistics Division (2024);NaN;NaN;0;0;0;0;0;0;0;0;0;0;0;0;0;0;0;0;0;0;0;0;0;0;0;0;0;0;0;0;0;0;0
580;Northern Mariana Islands;Share in total final energy consumption (%);Wind;Energy Balances, UN Statistics Division (2024);NaN;NaN;0;0;0;0;0;0;0;0;0;0;0;0;0;0;0;0;0;0;0;0;0;0;0;0;0;0;0;0;0;0;0
580;Northern Mariana Islands;Share in total final energy consumption (%);Solar;Energy Balances, UN Statistics Division (2024);NaN;NaN;0;0;0;0;0;0;0;0;0;0;0;0;0;0;0;0;0;0;0;0;0;0;0;0;0;0;0;0;0.5;0.7;0.7
580;Northern Mariana Islands;Final consumption of renewable energy (PJ) - Heat raising;Renewables;Energy Balances, UN Statistics Division (2024);NaN;NaN;0;0;0;0;0;0;0;0;0;0;0;0;0;0;0;0;0;0;0;0;0;0;0;0;0;0;0;0;0;0;0
580;Northern Mariana Islands;Final consumption of renewable energy (PJ) - Transport;Renewables;Energy Balances, UN Statistics Division (2024);NaN;NaN;0;0;0;0;0;0;0;0;0;0;0;0;0;0;0;0;0;0;0;0;0;0;0;0;0;0;0;0;0;0;0
580;Northern Mariana Islands;Final consumption of renewable energy (PJ) - Electricity consumption;Renewables;Energy Balances, UN Statistics Division (2024);NaN;NaN;0;0;0;0;0;0;0;0;0;0;0;0;0;0;0;0;0;0;0;0;0;0;0;0;0;0;0;0;0;0;0
578;Norway;Total final energy consumption (PJ);Total;IEA (2024), World Energy Balances;652.9;644.9;640;656.9;674.9;690.8;710.1;708;740.9;755.9;738.7;749.2;737.5;741.4;759.3;760.5;756.3;770.4;772.7;746.7;808.3;777.4;784.8;782.5;762.7;774.1;787.8;793.7;797.4;791.5;778;817;789.1
578;Norway;Share in total final energy consumption (%);Renewables;IEA (2024), World Energy Balances;59.2;60.8;61.4;61.1;60.4;60;57.8;58.8;59.5;59.4;60.2;59.6;59.5;56.2;56.9;58.6;57;57.4;58.5;56.7;56;56;56.9;56.6;55.7;56.5;57.7;58.8;58.9;59.7;60.8;61.7;60.3
578;Norway;Share in total final energy consumption (%);Modern renewables;IEA (2024), World Energy Balances;59.2;60.8;61.4;61.1;60.4;60;57.8;58.8;59.5;59.4;60.2;59.6;59.5;56.2;56.9;58.6;57;57.4;58.5;56.7;56;56;56.9;56.6;55.7;56.5;57.7;58.8;58.9;59.7;60.8;61.7;60.2
578;Norway;Share in total final energy consumption (%);Municipal waste (renew);IEA (2024), World Energy Balances;0.1;0.2;0.2;0.2;0.2;0.2;0.2;0.2;0.2;0.2;0.2;0.2;0.3;0.4;0.3;0.4;0.4;0.4;0.4;0.5;0.5;0.6;0.6;0.6;0.7;0.7;0.7;0.7;0.7;0.8;0.7;0.7;0.7
578;Norway;Share in total final energy consumption (%);Liquid biofuels;IEA (2024), World Energy Balances;0;0;0;0;0;0;0;0;0;0;0;0;0;0;0;0;0;0.2;0.4;0.5;0.8;0.7;0.8;0.8;0.8;0.8;1.7;2.7;2;2.5;2.1;2;1.9
578;Norway;Share in total final energy consumption (%);Solid biofuels;IEA (2024), World Energy Balances;5.8;5.5;5.5;5.8;6.2;6;5.7;6;6.3;7.4;6.7;5.7;6.1;6.2;5.8;6.1;5.9;5.6;5.7;5.7;6.3;6.4;5.8;5.2;4.1;4.3;4;4.4;4.4;4.6;4.9;5.4;5.7
578;Norway;Share in total final energy consumption (%);Biogases;IEA (2024), World Energy Balances;0;0;0;0.1;0.1;0.1;0.1;0.1;0.1;0.1;0.1;0.1;0.1;0.1;0.1;0.1;0.1;0.1;0.1;0.1;0.1;0.1;0.1;0.1;0.1;0.1;0.1;0.2;0.2;0.2;0.2;0.3;0.2
578;Norway;Share in total final energy consumption (%);Hydro;IEA (2024), World Energy Balances;53.2;55.1;55.7;55;54;53.8;51.9;52.5;52.8;51.7;53.1;53.5;52.9;49.5;50.6;51.8;50.3;50.8;51.4;49.5;47.9;47.6;49.1;49.2;49.4;49.7;50.4;50;50.2;49.4;49.3;49.2;46.2
578;Norway;Share in total final energy consumption (%);Geothermal;IEA (2024), World Energy Balances;0;0;0;0;0;0;0;0;0;0;0;0;0;0;0;0;0;0;0;0;0;0;0;0;0;0;0;0;0;0;0;0;0
578;Norway;Share in total final energy consumption (%);Tide, wave and ocean;IEA (2024), World Energy Balances;0;0;0;0;0;0;0;0;0;0;0;0;0;0;0;0;0;0;0;0;0;0;0;0;0;0;0;0;0;0;0;0;0
578;Norway;Share in total final energy consumption (%);Wind;IEA (2024), World Energy Balances;0;0;0;0;0;0;0;0;0;0;0;0;0;0.1;0.1;0.2;0.3;0.3;0.3;0.4;0.4;0.5;0.5;0.7;0.8;0.9;0.7;1;1.4;2.2;3.4;4;5.3
578;Norway;Share in total final energy consumption (%);Solar;IEA (2024), World Energy Balances;0;0;0;0;0;0;0;0;0;0;0;0;0;0;0;0;0;0;0;0;0;0;0;0;0;0;0;0;0;0;0;0;0.1
578;Norway;Final consumption of renewable energy (PJ) - Heat raising;Renewables;IEA (2024), World Energy Balances;38.5;36.2;35.7;39.1;42.4;42.5;41.3;44.1;48.5;57.5;51.4;44.5;47.5;47.8;45.7;48.9;47.1;45.7;47.4;46.2;56.3;55.1;51.2;45.7;36.5;39.1;37.7;40.7;41.8;43.5;44.6;51.4;51.6
578;Norway;Final consumption of renewable energy (PJ) - Transport;Renewables;IEA (2024), World Energy Balances;2.3;2.3;2.4;2.2;2.2;2.3;2.2;2.2;2.3;2.1;2.2;2.3;2.3;2.2;2.1;2.2;2.5;3.5;5.8;6.3;6.8;6.7;7.7;7.6;7.6;9.1;16.4;24.9;20.4;25.5;23.3;24.5;26.1
578;Norway;Final consumption of renewable energy (PJ) - Electricity consumption;Renewables;IEA (2024), World Energy Balances;345.4;353.4;354.7;360;363;370;367.2;370.3;390.2;389.5;391;399.7;388.9;366.9;383.9;394.4;381.7;392.6;398.4;370.7;389.5;373.4;387.9;389.7;381;389.4;400.2;401.4;407.7;403.7;405.3;428;397.8
512;Oman;Total final energy consumption (PJ);Total;IEA (2024), World Energy Balances;76.2;126.1;114;100.4;93;104.2;104.3;101.4;102;119.3;125.6;149;164.6;169.7;152.3;172.5;301.3;352.8;341.8;369.2;433.2;526.1;610.7;645.3;685.8;748.5;759.4;748.9;815.9;838.6;774.4;833;907.4
512;Oman;Share in total final energy consumption (%);Renewables;IEA (2024), World Energy Balances;0;0;0;0;0;0;0;0;0;0;0;0;0;0;0;0;0;0;0;0;0;0;0;0;0;0;0;0;0;0;0.1;0.1;0.4
512;Oman;Share in total final energy consumption (%);Modern renewables;IEA (2024), World Energy Balances;0;0;0;0;0;0;0;0;0;0;0;0;0;0;0;0;0;0;0;0;0;0;0;0;0;0;0;0;0;0;0.1;0.1;0.4
512;Oman;Share in total final energy consumption (%);Municipal waste (renew);IEA (2024), World Energy Balances;0;0;0;0;0;0;0;0;0;0;0;0;0;0;0;0;0;0;0;0;0;0;0;0;0;0;0;0;0;0;0;0;0
512;Oman;Share in total final energy consumption (%);Liquid biofuels;IEA (2024), World Energy Balances;0;0;0;0;0;0;0;0;0;0;0;0;0;0;0;0;0;0;0;0;0;0;0;0;0;0;0;0;0;0;0;0;0
512;Oman;Share in total final energy consumption (%);Solid biofuels;IEA (2024), World Energy Balances;0;0;0;0;0;0;0;0;0;0;0;0;0;0;0;0;0;0;0;0;0;0;0;0;0;0;0;0;0;0;0;0;0
512;Oman;Share in total final energy consumption (%);Biogases;IEA (2024), World Energy Balances;0;0;0;0;0;0;0;0;0;0;0;0;0;0;0;0;0;0;0;0;0;0;0;0;0;0;0;0;0;0;0;0;0
512;Oman;Share in total final energy consumption (%);Hydro;IEA (2024), World Energy Balances;0;0;0;0;0;0;0;0;0;0;0;0;0;0;0;0;0;0;0;0;0;0;0;0;0;0;0;0;0;0;0;0;0
512;Oman;Share in total final energy consumption (%);Geothermal;IEA (2024), World Energy Balances;0;0;0;0;0;0;0;0;0;0;0;0;0;0;0;0;0;0;0;0;0;0;0;0;0;0;0;0;0;0;0;0;0
512;Oman;Share in total final energy consumption (%);Tide, wave and ocean;IEA (2024), World Energy Balances;0;0;0;0;0;0;0;0;0;0;0;0;0;0;0;0;0;0;0;0;0;0;0;0;0;0;0;0;0;0;0;0;0
512;Oman;Share in total final energy consumption (%);Wind;IEA (2024), World Energy Balances;0;0;0;0;0;0;0;0;0;0;0;0;0;0;0;0;0;0;0;0;0;0;0;0;0;0;0;0;0;0;0;0;0
512;Oman;Share in total final energy consumption (%);Solar;IEA (2024), World Energy Balances;0;0;0;0;0;0;0;0;0;0;0;0;0;0;0;0;0;0;0;0;0;0;0;0;0;0;0;0;0;0;0.1;0.1;0.4
512;Oman;Final consumption of renewable energy (PJ) - Heat raising;Renewables;IEA (2024), World Energy Balances;0;0;0;0;0;0;0;0;0;0;0;0;0;0;0;0;0;0;0;0;0;0;0;0;0;0;0;0;0;0;0;0;0
512;Oman;Final consumption of renewable energy (PJ) - Transport;Renewables;IEA (2024), World Energy Balances;0;0;0;0;0;0;0;0;0;0;0;0;0;0;0;0;0;0;0;0;0;0;0;0;0;0;0;0;0;0;0;0;0
512;Oman;Final consumption of renewable energy (PJ) - Electricity consumption;Renewables;IEA (2024), World Energy Balances;0;0;0;0;0;0;0;0;0;0;0;0;0;0;0;0;0;0;0;0;0;0;0;0;0;0;0;0.1;0.1;0.1;0.7;0.8;3.3
586;Pakistan;Total final energy consumption (PJ);Total;IEA (2024), World Energy Balances;1424.3;1455.1;1557;1646.1;1701.9;1777.9;1831.5;1879.4;1923.9;2012.4;2027.3;2069.7;2141.4;2270.5;2418.1;2497.4;2609.2;2780.4;2725.3;2799.7;2831.3;2904.9;2937.6;2945.7;3059.8;3209.3;3361.9;3499.3;3425.5;3259.7;3554.3;3439.2;3554.3
586;Pakistan;Share in total final energy consumption (%);Renewables;IEA (2024), World Energy Balances;57.5;58.1;56;54.2;54.2;53.1;52.2;51.9;51.6;50.2;51.2;51.8;51.7;50.3;48.1;48.1;47.2;44.9;46.7;46.5;47.5;46.8;47.2;48;46.9;45.2;42.1;39.6;40;41.6;37.8;38.4;38
586;Pakistan;Share in total final energy consumption (%);Modern renewables;IEA (2024), World Energy Balances;9.1;9.4;9.3;8.6;9.2;9;8.4;8.5;8.2;7.7;7.6;7.8;8.1;8.3;7.8;8.2;8.1;7.5;7.7;7.7;8.2;7.7;7.8;8.1;8;7.9;7.2;6.8;7;7.6;7;6.8;6.9
586;Pakistan;Share in total final energy consumption (%);Municipal waste (renew);IEA (2024), World Energy Balances;0;0;0;0;0;0;0;0;0;0;0;0;0;0;0;0;0;0;0;0;0;0;0;0;0;0;0;0;0;0;0;0;0
586;Pakistan;Share in total final energy consumption (%);Liquid biofuels;IEA (2024), World Energy Balances;0;0;0;0;0;0;0;0;0;0;0;0;0;0;0;0;0;0;0;0;0;0;0;0;0;0;0;0;0;0;0;0;0
586;Pakistan;Share in total final energy consumption (%);Solid biofuels;IEA (2024), World Energy Balances;54.2;54.6;52.3;51;50.6;49.7;49.2;48.9;48.8;47.8;49;49.5;49;47.3;45.4;44.9;43.9;42.1;43.9;43.7;44.2;44;44.3;44.8;43.8;41.9;39.2;37;37.3;38.3;34.7;35.6;35.1
586;Pakistan;Share in total final energy consumption (%);Biogases;IEA (2024), World Energy Balances;0;0;0;0;0;0;0;0;0;0;0;0;0;0;0;0;0;0;0;0;0;0;0;0;0;0;0;0;0;0;0;0;0
586;Pakistan;Share in total final energy consumption (%);Hydro;IEA (2024), World Energy Balances;3.3;3.5;3.6;3.1;3.6;3.5;3;3;2.8;2.4;2.2;2.3;2.6;3;2.7;3.2;3.3;2.9;2.8;2.8;3.3;2.9;2.9;3.1;3.1;3.2;2.7;2.3;2.4;3;2.8;2.4;2.4
586;Pakistan;Share in total final energy consumption (%);Geothermal;IEA (2024), World Energy Balances;0;0;0;0;0;0;0;0;0;0;0;0;0;0;0;0;0;0;0;0;0;0;0;0;0;0;0;0;0;0;0;0;0
586;Pakistan;Share in total final energy consumption (%);Tide, wave and ocean;IEA (2024), World Energy Balances;0;0;0;0;0;0;0;0;0;0;0;0;0;0;0;0;0;0;0;0;0;0;0;0;0;0;0;0;0;0;0;0;0
586;Pakistan;Share in total final energy consumption (%);Wind;IEA (2024), World Energy Balances;0;0;0;0;0;0;0;0;0;0;0;0;0;0;0;0;0;0;0;0;0;0;0;0;0.1;0.1;0.1;0.2;0.3;0.3;0.2;0.3;0.4
586;Pakistan;Share in total final energy consumption (%);Solar;IEA (2024), World Energy Balances;0;0;0;0;0;0;0;0;0;0;0;0;0;0;0;0;0;0;0;0;0;0;0;0;0;0;0.1;0.1;0.1;0.1;0.1;0.1;0.1
586;Pakistan;Final consumption of renewable energy (PJ) - Heat raising;Renewables;IEA (2024), World Energy Balances;772.5;794.7;814.9;839.7;861.5;883;901;919.2;939.4;962.8;992.9;1024.1;1050.1;1073.4;1097.6;1121.6;1145.4;1170.1;1195.9;1222.9;1250.7;1277.4;1300.6;1320.7;1339.5;1344.6;1317.1;1291.6;1273.5;1245.2;1231.8;1221.6;1244.9
586;Pakistan;Final consumption of renewable energy (PJ) - Transport;Renewables;IEA (2024), World Energy Balances;0.1;0.1;0;0;0;0;0;0;0;0;0;0;0;0;0;0;0;0;0;0;0;0;0;0;0;0;0;0;0;0;0;0;0
586;Pakistan;Final consumption of renewable energy (PJ) - Electricity consumption;Renewables;IEA (2024), World Energy Balances;46.5;50.6;56.8;51.6;60.8;61.5;54.5;56.9;53.5;48.1;44.1;47.6;56;69;66.3;80.4;85.3;79.3;76.8;78.9;93.6;83.1;85.9;93.1;96.2;105.8;97.1;93.2;98.2;110.1;112.6;97.5;107.2
585;Palau;Total final energy consumption (PJ);Total;Energy Balances, UN Statistics Division (2024);NaN;NaN;1.7;1.7;1.7;1.8;1.8;1.8;1.8;1.9;1.9;1.9;1.9;1.9;1.9;2;2.1;2.2;2.1;2.1;2.2;2.2;2.4;2.4;2.4;2.3;2.1;2.3;2.3;2.3;2.2;2.2;2.3
585;Palau;Share in total final energy consumption (%);Renewables;Energy Balances, UN Statistics Division (2024);NaN;NaN;0;0;0;0;0;0;0;0;0;0;0;0;0;0;0;0;0;0;0;0;0;0;0.3;0.4;0.6;0.6;0.6;0.6;0.6;0.6;0.6
585;Palau;Share in total final energy consumption (%);Modern renewables;Energy Balances, UN Statistics Division (2024);NaN;NaN;0;0;0;0;0;0;0;0;0;0;0;0;0;0;0;0;0;0;0;0;0;0;0.3;0.3;0.6;0.5;0.6;0.6;0.6;0.6;0.6
585;Palau;Share in total final energy consumption (%);Municipal waste (renew);Energy Balances, UN Statistics Division (2024);NaN;NaN;0;0;0;0;0;0;0;0;0;0;0;0;0;0;0;0;0;0;0;0;0;0;0;0;0;0;0;0;0;0;0
585;Palau;Share in total final energy consumption (%);Liquid biofuels;Energy Balances, UN Statistics Division (2024);NaN;NaN;0;0;0;0;0;0;0;0;0;0;0;0;0;0;0;0;0;0;0;0;0;0;0;0;0;0;0;0;0;0;0
585;Palau;Share in total final energy consumption (%);Solid biofuels;Energy Balances, UN Statistics Division (2024);NaN;NaN;0;0;0;0;0;0;0;0;0;0;0;0;0;0;0;0;0;0;0;0;0;0;0;0;0;0;0;0;0;0;0
585;Palau;Share in total final energy consumption (%);Biogases;Energy Balances, UN Statistics Division (2024);NaN;NaN;0;0;0;0;0;0;0;0;0;0;0;0;0;0;0;0;0;0;0;0;0;0;0;0;0;0;0;0;0;0;0
585;Palau;Share in total final energy consumption (%);Hydro;Energy Balances, UN Statistics Division (2024);NaN;NaN;0;0;0;0;0;0;0;0;0;0;0;0;0;0;0;0;0;0;0;0;0;0;0;0;0;0;0;0;0;0;0
585;Palau;Share in total final energy consumption (%);Geothermal;Energy Balances, UN Statistics Division (2024);NaN;NaN;0;0;0;0;0;0;0;0;0;0;0;0;0;0;0;0;0;0;0;0;0;0;0;0;0;0;0;0;0;0;0
585;Palau;Share in total final energy consumption (%);Tide, wave and ocean;Energy Balances, UN Statistics Division (2024);NaN;NaN;0;0;0;0;0;0;0;0;0;0;0;0;0;0;0;0;0;0;0;0;0;0;0;0;0;0;0;0;0;0;0
585;Palau;Share in total final energy consumption (%);Wind;Energy Balances, UN Statistics Division (2024);NaN;NaN;0;0;0;0;0;0;0;0;0;0;0;0;0;0;0;0;0;0;0;0;0;0;0;0;0;0;0;0;0;0;0
585;Palau;Share in total final energy consumption (%);Solar;Energy Balances, UN Statistics Division (2024);NaN;NaN;0;0;0;0;0;0;0;0;0;0;0;0;0;0;0;0;0;0;0;0;0;0;0.3;0.3;0.6;0.5;0.6;0.6;0.6;0.6;0.6
585;Palau;Final consumption of renewable energy (PJ) - Heat raising;Renewables;Energy Balances, UN Statistics Division (2024);NaN;NaN;0;0;0;0;0;0;0;0;0;0;0;0;0;0;0;0;0;0;0;0;0;0;0;0;0;0;0;0;0;0;0
585;Palau;Final consumption of renewable energy (PJ) - Transport;Renewables;Energy Balances, UN Statistics Division (2024);NaN;NaN;0;0;0;0;0;0;0;0;0;0;0;0;0;0;0;0;0;0;0;0;0;0;0;0;0;0;0;0;0;0;0
585;Palau;Final consumption of renewable energy (PJ) - Electricity consumption;Renewables;Energy Balances, UN Statistics Division (2024);NaN;NaN;0;0;0;0;0;0;0;0;0;0;0;0;0;0;0;0;0;0;0;0;0;0;0;0;0;0;0;0;0;0;0
591;Panama;Total final energy consumption (PJ);Total;IEA (2024), World Energy Balances;50.9;54.2;57.9;61.1;63.8;65;69.9;71.9;76.8;79.5;74.3;75.8;75.7;72.7;80.8;96.3;99.9;97.5;96.9;108.8;114.3;120.6;129.1;131;137.7;140.6;142.8;146.7;146.4;154.2;124;142.9;158.1
591;Panama;Share in total final energy consumption (%);Renewables;IEA (2024), World Energy Balances;43;40.7;39.7;39.9;37.8;34.8;36.8;36.5;31.4;33.7;27.7;24;28.7;27.4;28.2;22.8;22.1;22.8;23.4;20.4;20.6;19.7;21.2;20.7;19.8;22;22.1;23.7;24.5;18.9;28.1;26.4;26
591;Panama;Share in total final energy consumption (%);Modern renewables;IEA (2024), World Energy Balances;17.7;16.9;16.3;17.3;15.8;14.3;16;16.1;12.2;15;18;14.6;19.2;17.6;19.4;15.4;14.8;15.3;16.1;14;14.3;13.8;15.7;15.3;14.6;16.9;17.2;18.9;19.7;14.4;22.5;21.5;21.7
591;Panama;Share in total final energy consumption (%);Municipal waste (renew);IEA (2024), World Energy Balances;0;0;0;0;0;0;0;0;0;0;0;0;0;0;0;0;0;0;0;0;0;0;0;0;0;0;0;0;0;0;0;0;0
591;Panama;Share in total final energy consumption (%);Liquid biofuels;IEA (2024), World Energy Balances;0;0;0;0;0;0;0;0;0;0;0;0;0;0;0;0;0;0;0;0;0;0;0;0.2;0.4;0;0;0;0;0;0;0;0
591;Panama;Share in total final energy consumption (%);Solid biofuels;IEA (2024), World Energy Balances;31;30.1;30.3;29.2;27;23.8;24.8;24.7;23.3;22.7;14.8;14.9;16.1;16.6;14.8;11.3;11.5;11.6;10.8;9.7;9.5;9.4;8.7;8.7;8;7.7;7.4;7.6;6.7;7;8.4;7.2;6.4
591;Panama;Share in total final energy consumption (%);Biogases;IEA (2024), World Energy Balances;0;0;0;0;0;0;0;0;0;0;0;0;0;0;0;0;0;0;0;0;0;0;0;0;0;0;0;0;0;0;0;0;0
591;Panama;Share in total final energy consumption (%);Hydro;IEA (2024), World Energy Balances;12.1;10.6;9.4;10.7;10.7;10.9;12.1;11.9;8.1;11;12.9;9.1;12.6;10.8;13.4;11.4;10.6;11.2;12.5;10.7;11.2;10.3;12.5;11.9;11.1;13.4;13.3;14.7;16.1;9.9;17.6;17;16.9
591;Panama;Share in total final energy consumption (%);Geothermal;IEA (2024), World Energy Balances;0;0;0;0;0;0;0;0;0;0;0;0;0;0;0;0;0;0;0;0;0;0;0;0;0;0;0;0;0;0;0;0;0
591;Panama;Share in total final energy consumption (%);Tide, wave and ocean;IEA (2024), World Energy Balances;0;0;0;0;0;0;0;0;0;0;0;0;0;0;0;0;0;0;0;0;0;0;0;0;0;0;0;0;0;0;0;0;0
591;Panama;Share in total final energy consumption (%);Wind;IEA (2024), World Energy Balances;0;0;0;0;0;0;0;0;0;0;0;0;0;0;0;0;0;0;0;0;0;0;0;0;0.3;0.9;1.3;1;1.2;1.4;1.4;1.1;1.2
591;Panama;Share in total final energy consumption (%);Solar;IEA (2024), World Energy Balances;0;0;0;0;0;0;0;0;0;0;0;0;0;0;0;0;0;0;0;0;0;0;0;0;0;0;0.1;0.3;0.5;0.6;0.8;1.2;1.5
591;Panama;Final consumption of renewable energy (PJ) - Heat raising;Renewables;IEA (2024), World Energy Balances;15.6;16.2;17.4;17.7;17.2;15.5;17.3;17.7;17.9;18;10.9;11.3;12.2;12;11.9;10.9;11.4;11.2;10.4;10.5;10.8;11.3;11.2;11.3;10.9;10.7;10.5;11.1;9.8;10.7;10.4;10.2;10
591;Panama;Final consumption of renewable energy (PJ) - Transport;Renewables;IEA (2024), World Energy Balances;0;0;0;0;0;0;0;0;0;0;0;0;0;0;0;0;0;0;0;0;0;0;0;0.2;0.6;0.1;0.1;0.1;0.1;0.2;0.2;0.2;0.2
591;Panama;Final consumption of renewable energy (PJ) - Electricity consumption;Renewables;IEA (2024), World Energy Balances;6.3;5.9;5.6;6.6;6.9;7.1;8.5;8.6;6.3;8.9;9.6;7;9.6;7.9;10.9;11.1;10.7;11;12.2;11.7;12.8;12.5;16.2;15.6;15.7;20.1;21;23.5;26;18.3;24.3;27.3;30.9
598;Papua New Guinea;Total final energy consumption (PJ);Total;Energy Balances, UN Statistics Division (2024);80;80.2;80.1;80.5;84.5;83.4;84.7;85.3;87.4;88.7;90.6;94.2;96;99.1;103.2;101.5;101.3;105.3;105.7;107.9;109.6;110.6;108.8;118.2;121.4;125.3;126.7;127.3;129.5;132.3;131.2;131.7;133.9
598;Papua New Guinea;Share in total final energy consumption (%);Renewables;Energy Balances, UN Statistics Division (2024);71.6;71.7;71.6;71.2;69.4;70.7;69.9;68.7;67.7;68.7;66.4;63.4;62.5;60.5;57.6;58.6;58.9;56.9;56.8;56;55.2;54.6;55.3;56.4;54.9;53.3;52.7;52.5;51.2;51.1;51.4;51.6;50.8
598;Papua New Guinea;Share in total final energy consumption (%);Modern renewables;Energy Balances, UN Statistics Division (2024);8.6;8.8;8.6;8.6;9.7;10.2;10.4;9.6;10;11.9;10.8;9.9;10;9.7;8.7;8.9;9.1;9.1;9.2;9.3;9.2;9.1;9;13.8;13.5;13.1;13;13;12.3;13;13;13.4;13.2
598;Papua New Guinea;Share in total final energy consumption (%);Municipal waste (renew);Energy Balances, UN Statistics Division (2024);0;0;0;0;0;0;0;0;0;0;0;0;0;0;0;0;0;0;0;0;0;0;0;0;0;0;0;0;0;0;0;0;0
598;Papua New Guinea;Share in total final energy consumption (%);Liquid biofuels;Energy Balances, UN Statistics Division (2024);0;0;0;0;0;0;0;0;0;0;0;0;0;0;0;0;0;0;0;0;0;0;0;0;0;0;0;0;0;0;0;0;0
598;Papua New Guinea;Share in total final energy consumption (%);Solid biofuels;Energy Balances, UN Statistics Division (2024);69.7;69.8;69.7;69.3;66.2;67.2;66.2;65.8;64.3;63.6;62.1;60;59.1;57.1;54.8;55.6;55.5;53.4;53.1;52;51.3;50.9;51.5;52.9;51.6;50.1;49.6;49.4;48.7;48;48.5;48.9;48.5
598;Papua New Guinea;Share in total final energy consumption (%);Biogases;Energy Balances, UN Statistics Division (2024);0;0;0;0;0;0;0;0;0;0;0;0;0;0;0;0;0;0;0;0;0;0;0;0.1;0.1;0.1;0.1;0.1;0.1;0.1;0.1;0.1;0.1
598;Papua New Guinea;Share in total final energy consumption (%);Hydro;Energy Balances, UN Statistics Division (2024);1.9;1.9;1.9;1.9;3.2;3.5;3.8;2.8;3.4;3.7;3.6;3.5;3.4;3.2;2.7;2.6;2.6;2.7;2.7;2.8;2.8;2.8;2.9;2.7;2.6;2.6;2.6;2.6;2.1;2.7;2.5;2.4;2
598;Papua New Guinea;Share in total final energy consumption (%);Geothermal;Energy Balances, UN Statistics Division (2024);0;0;0;0;0;0;0;0;0;0;0;0;0;0.2;0.2;0.4;0.7;0.9;1.1;1.2;1.1;1;0.9;0.7;0.6;0.6;0.5;0.4;0.3;0.2;0.2;0.2;0.2
598;Papua New Guinea;Share in total final energy consumption (%);Tide, wave and ocean;Energy Balances, UN Statistics Division (2024);0;0;0;0;0;0;0;0;0;0;0;0;0;0;0;0;0;0;0;0;0;0;0;0;0;0;0;0;0;0;0;0;0
598;Papua New Guinea;Share in total final energy consumption (%);Wind;Energy Balances, UN Statistics Division (2024);0;0;0;0;0;0;0;0;0;1.4;0.7;0;0;0;0;0;0;0;0;0;0;0;0;0;0;0;0;0;0;0;0;0;0
598;Papua New Guinea;Share in total final energy consumption (%);Solar;Energy Balances, UN Statistics Division (2024);0;0;0;0;0;0;0;0;0;0;0;0;0;0;0;0;0;0;0;0;0;0;0;0;0;0;0;0;0;0;0;0;0
598;Papua New Guinea;Final consumption of renewable energy (PJ) - Heat raising;Renewables;Energy Balances, UN Statistics Division (2024);55.8;55.9;55.8;55.8;55.9;56.1;56.1;56.2;56.2;56.5;56.3;56.5;56.7;56.6;56.5;56.4;56.2;56.2;56.1;56.1;56.3;56.3;56;62.5;62.6;62.7;62.8;62.9;63.1;63.5;63.7;64.3;64.9
598;Papua New Guinea;Final consumption of renewable energy (PJ) - Transport;Renewables;Energy Balances, UN Statistics Division (2024);0;0;0;0;0;0;0;0;0;0;0;0;0;0;0;0;0;0;0;0;0;0;0;0;0;0;0;0;0;0;0;0;0
598;Papua New Guinea;Final consumption of renewable energy (PJ) - Electricity consumption;Renewables;Energy Balances, UN Statistics Division (2024);1.5;1.5;1.5;1.5;2.7;2.9;3.2;2.4;3;4.5;3.9;3.3;3.3;3.4;2.9;3;3.4;3.7;4;4.3;4.2;4.2;4.2;4.1;4.1;4.1;4;4;3.2;4;3.8;3.6;3.1
600;Paraguay;Total final energy consumption (PJ);Total;IEA (2024), World Energy Balances;122.1;123.1;126.2;129.9;140.1;156.3;161.5;172.4;169.2;161.7;152.7;155.5;152.4;154.8;155.3;153;152.9;153.4;164.9;171;181.7;184.3;184.3;187.6;197.8;209.1;250.3;264.1;272.6;269.7;260.1;271.7;260.6
600;Paraguay;Share in total final energy consumption (%);Renewables;IEA (2024), World Energy Balances;78.5;79.2;75.7;72.6;69.9;70.2;70.8;69.5;67.4;65.9;70.4;69.8;67.7;67.1;66.8;68.8;66.5;68.4;65.8;65.4;63.7;62.5;63.4;62.6;62.6;60.6;62.5;60.1;59.3;60.2;61.9;58.9;61.2
600;Paraguay;Share in total final energy consumption (%);Modern renewables;IEA (2024), World Energy Balances;35.9;35.7;38.9;35.8;38.4;41.2;42;41.3;42.3;39.4;42.3;40.1;38.6;37.6;38.1;40.7;42.1;43.2;41.5;41.3;40.9;40.5;42.1;43.4;43.8;43;41.6;39.8;40.6;41.7;43.8;43.1;44.8
600;Paraguay;Share in total final energy consumption (%);Municipal waste (renew);IEA (2024), World Energy Balances;0;0;0;0;0;0;0;0;0;0;0;0;0;0;0;0;0;0;0;0;0;0;0;0;0;0;0;0;0;0;0;0;0
600;Paraguay;Share in total final energy consumption (%);Liquid biofuels;IEA (2024), World Energy Balances;0.5;0.6;0.6;0.6;0.4;0.2;0.1;0.1;0.1;0.1;0;0;0;0;0;0.5;0.5;0.8;0.8;1.5;1.8;1.7;1.8;2.3;2.4;2.6;2.6;2.5;2.7;3.2;3.1;3.3;3.3
600;Paraguay;Share in total final energy consumption (%);Solid biofuels;IEA (2024), World Energy Balances;72.2;72.2;68.4;64.4;61.4;61.8;62.5;61.3;58.8;56.3;59.9;59.4;57.3;57;56.5;57.2;53.9;54.6;52;50.4;48.3;45.9;45.5;42.8;41.9;39.7;44.1;41.9;40.1;39.8;39.9;37.2;37.8
600;Paraguay;Share in total final energy consumption (%);Biogases;IEA (2024), World Energy Balances;0;0;0;0;0;0;0;0;0;0;0;0;0;0;0;0;0;0;0;0;0;0;0;0;0;0;0;0;0;0;0;0;0
600;Paraguay;Share in total final energy consumption (%);Hydro;IEA (2024), World Energy Balances;5.8;6.3;6.7;7.6;8.1;8.2;8.2;8.2;8.5;9.5;10.5;10.4;10.4;10;10.3;11.2;12.1;13.1;13;13.6;13.6;14.8;16.1;17.5;18.3;18.2;15.8;15.7;16.5;17.1;19;18.4;20.1
600;Paraguay;Share in total final energy consumption (%);Geothermal;IEA (2024), World Energy Balances;0;0;0;0;0;0;0;0;0;0;0;0;0;0;0;0;0;0;0;0;0;0;0;0;0;0;0;0;0;0;0;0;0
600;Paraguay;Share in total final energy consumption (%);Tide, wave and ocean;IEA (2024), World Energy Balances;0;0;0;0;0;0;0;0;0;0;0;0;0;0;0;0;0;0;0;0;0;0;0;0;0;0;0;0;0;0;0;0;0
600;Paraguay;Share in total final energy consumption (%);Wind;IEA (2024), World Energy Balances;0;0;0;0;0;0;0;0;0;0;0;0;0;0;0;0;0;0;0;0;0;0;0;0;0;0;0;0;0;0;0;0;0
600;Paraguay;Share in total final energy consumption (%);Solar;IEA (2024), World Energy Balances;0;0;0;0;0;0;0;0;0;0;0;0;0;0;0;0;0;0;0;0;0;0;0;0;0;0;0;0;0;0;0;0;0
600;Paraguay;Final consumption of renewable energy (PJ) - Heat raising;Renewables;IEA (2024), World Energy Balances;87.8;88.6;86.1;83.3;85.8;96.3;100.7;105.3;99.2;90.6;91.1;92.1;87.3;88.2;87.7;87.6;82.5;83.8;85.8;86.2;87.8;84.7;84;80.3;83;83.1;110.5;110.8;109.3;107.4;103.8;100.9;98.3
600;Paraguay;Final consumption of renewable energy (PJ) - Transport;Renewables;IEA (2024), World Energy Balances;1;1.1;1.1;1.2;0.8;0.6;0.4;0.4;0.4;0.5;0.4;0.3;0;0;0;0.7;0.6;1.1;1.3;2.5;3.2;3.1;3.3;4.3;4.7;5.5;6.4;6.4;7.3;8.7;7.9;9;8.5
600;Paraguay;Final consumption of renewable energy (PJ) - Electricity consumption;Renewables;IEA (2024), World Energy Balances;7.1;7.8;8.5;9.9;11.3;12.8;13.2;14.1;14.5;15.4;16.1;16.2;15.9;15.5;16;17.1;18.4;20.1;21.5;23.2;24.7;27.3;29.6;32.9;36.1;38.1;39.6;41.6;45;46.2;49.4;50.2;52.8
604;Peru;Total final energy consumption (PJ);Total;IEA (2024), World Energy Balances;355.1;350.2;342.8;351.1;361.9;390.2;411.3;410.1;453.7;484.3;484.7;468.3;478.8;473.3;501.5;493.8;500.6;531.1;581.2;614.2;640.4;673.4;677.4;729.7;729.3;766.1;792;793.3;829.2;855.5;737.8;888.7;919.8
604;Peru;Share in total final energy consumption (%);Renewables;IEA (2024), World Energy Balances;39.4;39.9;37.3;37.1;35.9;33.3;31.7;31.7;39.4;36.7;38.6;41.2;40.2;40.9;37.8;38.3;38.7;36;33.7;32.9;32.2;30.6;30.8;28.4;28.6;27.4;27.2;27.6;27.9;27.1;31.6;28.2;25.9
604;Peru;Share in total final energy consumption (%);Modern renewables;IEA (2024), World Energy Balances;11.5;12.5;10.2;11.3;11.5;11.2;11;11.2;15.5;15.2;16.4;18;18.1;18.7;16.7;16.8;17.8;16.4;14.9;15;15.8;15.7;16.6;15.4;15.6;15.7;16;17.2;17.8;17.9;19.3;16.7;15.5
604;Peru;Share in total final energy consumption (%);Municipal waste (renew);IEA (2024), World Energy Balances;0;0;0;0;0;0;0;0;0;0;0;0;0;0;0;0;0;0;0;0;0;0;0;0;0;0;0;0;0;0;0;0;0
604;Peru;Share in total final energy consumption (%);Liquid biofuels;IEA (2024), World Energy Balances;0;0;0;0;0;0;0;0;0;0;0;0;0;0;0;0;0;0;0;0.6;0.7;0.8;1.9;1.9;1.9;2;2;2;2;2;1.9;2;2
604;Peru;Share in total final energy consumption (%);Solid biofuels;IEA (2024), World Energy Balances;30.4;29.6;29.2;27.4;26.1;23.9;22.2;22.2;29.5;26.9;27.7;28.9;27.8;28;26.2;26.1;25.6;24.1;23;22;20.6;19;18.5;16.6;16.9;15.2;14.8;13.2;13.2;12.5;15.5;13.8;12.7
604;Peru;Share in total final energy consumption (%);Biogases;IEA (2024), World Energy Balances;0;0;0;0;0;0;0;0;0;0;0;0;0;0;0;0;0;0;0;0;0;0;0;0;0;0;0.1;0;0;0;0;0;0
604;Peru;Share in total final energy consumption (%);Hydro;IEA (2024), World Energy Balances;9.1;10.3;8.1;9.7;9.9;9.4;9.5;9.5;9.4;9.4;10.4;11.9;11.9;12.4;11.2;11.8;12.6;11.9;10.6;10.3;10.8;10.8;10.2;9.7;9.5;9.8;9.6;11.6;11.7;11.6;12.9;11.2;10.1
604;Peru;Share in total final energy consumption (%);Geothermal;IEA (2024), World Energy Balances;0;0;0;0;0;0;0;0;0;0;0;0;0;0;0;0;0;0;0;0;0;0;0;0;0;0;0;0;0;0;0;0;0
604;Peru;Share in total final energy consumption (%);Tide, wave and ocean;IEA (2024), World Energy Balances;0;0;0;0;0;0;0;0;0;0;0;0;0;0;0;0;0;0;0;0;0;0;0;0;0;0;0;0;0;0;0;0;0
604;Peru;Share in total final energy consumption (%);Wind;IEA (2024), World Energy Balances;0;0;0;0;0;0;0;0;0;0;0;0;0;0;0;0;0;0;0;0;0;0;0;0;0.1;0.2;0.4;0.4;0.6;0.6;0.8;0.6;0.7
604;Peru;Share in total final energy consumption (%);Solar;IEA (2024), World Energy Balances;0;0;0;0;0;0;0;0;0.5;0.5;0.5;0.5;0.5;0.5;0.5;0.5;0.5;0.1;0.1;0;0;0;0.1;0.1;0.1;0.2;0.3;0.3;0.5;0.5;0.5;0.5;0.5
604;Peru;Final consumption of renewable energy (PJ) - Heat raising;Renewables;IEA (2024), World Energy Balances;107.4;103.2;99.6;95.8;93.9;92.7;91;90.6;135.7;132;135.8;136.9;134.8;134.2;133.2;130.2;129.4;126.9;132.6;135;131.2;126.8;126.3;121.2;122.1;117.4;119.4;106.9;111;108.8;116.3;124.8;118.3
604;Peru;Final consumption of renewable energy (PJ) - Transport;Renewables;IEA (2024), World Energy Balances;0;0;0;0;0;0;0;0;0;0;0;0;0;0;0;0;0;0;0;2.4;9.2;11.6;10.7;11.4;11.4;12.5;13.8;14.1;14.8;15.3;12.5;16.2;16.5
604;Peru;Final consumption of renewable energy (PJ) - Electricity consumption;Renewables;IEA (2024), World Energy Balances;32.6;36.6;28.3;34.4;36.1;37.2;39.4;39.6;42.9;45.7;51.1;56.2;57.7;59.4;56.5;59.2;64.3;64.6;63.3;64.7;65.6;67.8;71.5;74.3;74.8;80.2;82.2;97.9;105.5;108.1;104.5;109.4;103.8
608;Philippines;Total final energy consumption (PJ);Total;IEA (2024), World Energy Balances;780.7;732.5;761.3;807.9;816.8;909.4;945.2;990.5;988.8;980.8;953.6;948;945.2;953.9;956.7;943.4;928.9;969.1;969.7;991.3;1041.7;1045.6;1067.5;1125.1;1169.6;1249.4;1350.6;1419.4;1438;1472.7;1308.9;1399.8;1447.7
608;Philippines;Share in total final energy consumption (%);Renewables;IEA (2024), World Energy Balances;49.5;51.3;47.7;44.1;43.1;37.8;35.8;33.4;32.8;33.6;33.9;32.9;31.8;30.9;30.2;31.3;33.3;32.4;33.8;34.1;32.7;33.8;34.1;33.1;32.4;30.8;28.6;27.8;27.6;26.9;29;28;27.4
608;Philippines;Share in total final energy consumption (%);Modern renewables;IEA (2024), World Energy Balances;8.8;9.2;8.5;8.3;8.8;8;8.2;7.9;8.3;9.8;10.4;10.1;10;10.2;10.5;10.7;11.8;11.2;12;12.2;11.2;11.9;12.3;11.8;11.6;11.4;10.9;10.8;10.9;10.4;10.3;10.3;10.2
608;Philippines;Share in total final energy consumption (%);Municipal waste (renew);IEA (2024), World Energy Balances;0;0;0;0;0;0;0;0;0;0;0;0;0;0;0;0;0;0;0;0;0;0;0;0;0;0;0;0;0;0;0;0;0
608;Philippines;Share in total final energy consumption (%);Liquid biofuels;IEA (2024), World Energy Balances;0;0;0;0;0;0;0;0;0;0;0;0;0;0;0;0;0;0.2;0.4;0.6;0.8;0.9;1.1;1.3;1.3;1.4;1.5;1.5;1.5;1.6;1.5;1.6;1.7
608;Philippines;Share in total final energy consumption (%);Solid biofuels;IEA (2024), World Energy Balances;45.2;46.8;43.9;40.3;38.8;33.9;31.7;29.4;28.7;28.1;28;27.3;26.6;25.5;24.6;25.7;26.9;26.5;27.3;27.4;26.8;27.4;27.4;26.7;26.1;24.5;22.5;21.6;21.5;21;22.9;21.7;21
608;Philippines;Share in total final energy consumption (%);Biogases;IEA (2024), World Energy Balances;0;0;0;0;0;0;0;0;0;0;0;0;0;0;0;0;0;0;0;0;0;0;0;0;0;0;0;0;0;0;0;0;0
608;Philippines;Share in total final energy consumption (%);Hydro;IEA (2024), World Energy Balances;2.3;2.1;1.7;1.8;2.1;2;2.1;1.8;1.5;2.4;2.4;2.2;2.1;2.4;2.5;2.6;3.1;2.6;3;2.9;2.2;2.7;2.8;2.6;2.3;2.1;1.8;2;1.9;1.6;1.6;2;2.1
608;Philippines;Share in total final energy consumption (%);Geothermal;IEA (2024), World Energy Balances;2;2.4;2.2;2;2.2;1.9;2;2.1;2.7;3.2;3.5;3.3;3.1;3;3;3;3.3;3.1;3.2;3.1;2.8;2.8;2.8;2.5;2.6;2.6;2.4;2.1;2.2;2.1;2.4;2.1;2.1
608;Philippines;Share in total final energy consumption (%);Tide, wave and ocean;IEA (2024), World Energy Balances;0;0;0;0;0;0;0;0;0;0;0;0;0;0;0;0;0;0;0;0;0;0;0;0;0;0;0;0;0;0;0;0;0
608;Philippines;Share in total final energy consumption (%);Wind;IEA (2024), World Energy Balances;0;0;0;0;0;0;0;0;0;0;0;0;0;0;0;0;0;0;0;0;0;0;0;0;0;0.2;0.2;0.2;0.2;0.2;0.2;0.3;0.2
608;Philippines;Share in total final energy consumption (%);Solar;IEA (2024), World Energy Balances;0;0;0;0;0;0;0;0;0;0;0;0;0;0;0;0;0;0;0;0;0;0;0;0;0;0;0.2;0.3;0.3;0.3;0.3;0.3;0.4
608;Philippines;Final consumption of renewable energy (PJ) - Heat raising;Renewables;IEA (2024), World Energy Balances;351.8;343;334.1;325.4;316.7;308.1;299.8;291.6;283.4;275.3;267.3;259.2;251.3;243.3;235.5;242.7;249.8;257.4;264.8;272.7;280.3;286.9;292.8;301;306.5;306.4;303.5;305.8;307.4;309.1;298.4;302.2;302.5
608;Philippines;Final consumption of renewable energy (PJ) - Transport;Renewables;IEA (2024), World Energy Balances;0;0;0;0;0;0;0;0;0;0;0.1;0.1;0.1;0;0.1;0.2;0.2;1.9;3.5;5.6;7.8;8.6;11.1;13.3;14.4;16.7;18.1;19.4;20;21.3;17.7;19.7;22
608;Philippines;Final consumption of renewable energy (PJ) - Electricity consumption;Renewables;IEA (2024), World Energy Balances;34.7;32.7;29.1;30.7;35.4;35.3;38.9;38.8;41.3;54.6;56.4;52.5;49.5;51.4;53.4;52.5;59.1;54.5;59.9;59.6;52.2;57.8;60.5;58.4;58.3;61.9;64.5;68.7;69.4;65.1;63.6;69.5;72.6
616;Poland;Total final energy consumption (PJ);Total;IEA (2024), World Energy Balances;2396.1;2441.6;2393.9;2584.3;2489.8;2546.3;2701.5;2643.6;2442;2386.5;2236.4;2261.4;2244;2307.5;2368.7;2398.6;2499.9;2506.9;2548.3;2523.4;2717.8;2648.3;2633.7;2585.5;2508.3;2541.4;2718.8;2888.9;3048.4;2998;2925.4;3089.4;2958.2
616;Poland;Share in total final energy consumption (%);Renewables;IEA (2024), World Energy Balances;2.5;2.1;2.3;6.1;6.2;6.3;5.9;6;6.5;6.4;6.9;7.3;7.5;7.3;7.3;7.2;7.2;7.3;8;8.8;9.5;10.4;10.9;11.4;11.6;11.9;11.3;11.1;15;15.6;16.1;15.2;16.4
616;Poland;Share in total final energy consumption (%);Modern renewables;IEA (2024), World Energy Balances;2.5;2.1;2.3;6.1;6.2;6.3;5.9;6;6.5;6.4;6.9;7.3;7.5;7.3;7.3;7.2;7.2;7.3;8;8.8;9.5;10.4;10.9;11.4;11.6;11.9;11.3;11.1;15;15.6;16.1;15.2;16.4
616;Poland;Share in total final energy consumption (%);Municipal waste (renew);IEA (2024), World Energy Balances;0;0;0;0;0;0;0;0;0;0;0;0;0;0;0;0;0;0;0;0;0;0.1;0.1;0.1;0.1;0.1;0.1;0.1;0.1;0.1;0.1;0.1;0.1
616;Poland;Share in total final energy consumption (%);Liquid biofuels;IEA (2024), World Energy Balances;0;0;0;0;0;0;0;0;0;0;0;0;0;0.1;0;0.1;0.2;0.2;0.7;1.1;1.3;1.4;1.3;1.2;1.2;1.1;0.7;0.9;1.3;1.4;1.5;1.5;1.7
616;Poland;Share in total final energy consumption (%);Solid biofuels;IEA (2024), World Energy Balances;2.3;1.9;2.1;6;6;6.1;5.7;5.8;6.3;6.2;6.6;7;7.2;7;7;6.8;6.7;6.7;6.8;7.3;7.5;8.2;8.7;9;8.9;9;8.6;8;11.9;11.8;11.9;11;11.2
616;Poland;Share in total final energy consumption (%);Biogases;IEA (2024), World Energy Balances;0;0;0;0;0;0;0;0;0;0;0;0;0;0;0.1;0.1;0.1;0.1;0.1;0.1;0.1;0.1;0.2;0.2;0.2;0.2;0.3;0.3;0.2;0.3;0.3;0.3;0.3
616;Poland;Share in total final energy consumption (%);Hydro;IEA (2024), World Energy Balances;0.2;0.1;0.1;0.1;0.2;0.2;0.2;0.2;0.2;0.2;0.2;0.3;0.2;0.2;0.2;0.2;0.2;0.2;0.2;0.3;0.3;0.2;0.2;0.3;0.2;0.2;0.2;0.3;0.2;0.2;0.2;0.2;0.2
616;Poland;Share in total final energy consumption (%);Geothermal;IEA (2024), World Energy Balances;0;0;0;0;0;0;0;0;0;0;0;0;0;0;0;0;0;0;0;0;0;0;0;0;0;0;0;0;0;0;0;0;0
616;Poland;Share in total final energy consumption (%);Tide, wave and ocean;IEA (2024), World Energy Balances;0;0;0;0;0;0;0;0;0;0;0;0;0;0;0;0;0;0;0;0;0;0;0;0;0;0;0;0;0;0;0;0;0
616;Poland;Share in total final energy consumption (%);Wind;IEA (2024), World Energy Balances;0;0;0;0;0;0;0;0;0;0;0;0;0;0;0;0;0;0.1;0.1;0.1;0.2;0.3;0.5;0.6;0.9;1.2;1.3;1.5;1.3;1.6;1.7;1.5;1.9
616;Poland;Share in total final energy consumption (%);Solar;IEA (2024), World Energy Balances;0;0;0;0;0;0;0;0;0;0;0;0;0;0;0;0;0;0;0;0;0;0;0;0;0.1;0.1;0.1;0.1;0.1;0.2;0.3;0.5;0.9
616;Poland;Final consumption of renewable energy (PJ) - Heat raising;Renewables;IEA (2024), World Energy Balances;56.1;46.8;51.3;154.8;150.2;156.7;153.5;152.9;153.4;147.2;149.2;158.1;161.3;161.7;164.7;161.5;164.9;163.9;167.7;173.3;192;202.9;207.7;217.5;204.3;210.7;223.5;226.8;356;346.6;339.9;334.1;326
616;Poland;Final consumption of renewable energy (PJ) - Transport;Renewables;IEA (2024), World Energy Balances;0.2;0.2;0.2;0.2;0.2;0.2;0.3;0.3;0.3;0.3;0.3;0.3;0.3;1.4;0.9;2.6;4.4;4.9;19;27.3;37.2;39.3;35;32.5;30.9;28.9;20.8;27;39.8;44.8;45.6;49;53
616;Poland;Final consumption of renewable energy (PJ) - Electricity consumption;Renewables;IEA (2024), World Energy Balances;3.6;3.5;3.6;3.5;3.9;4.4;4.7;5;6;5.5;5.5;6.5;6.5;5.2;7.6;9;10.3;13.6;17.5;22.6;28.8;34.3;44.7;45.1;55.1;62;64;67.7;62.9;76.9;86.7;86.3;104.8
620;Portugal;Total final energy consumption (PJ);Total;IEA (2024), World Energy Balances;472.5;490.9;506.8;512.9;537.1;549.5;583.3;606.1;646;670.5;710.3;722.8;743.1;739.8;749.4;750.7;740;756.3;733.6;727.2;721;686.5;631;622.5;617.6;624.2;627.7;637.7;646.9;654;602.6;625.7;638.8
620;Portugal;Share in total final energy consumption (%);Renewables;IEA (2024), World Energy Balances;26.9;25.8;22.4;24.4;25;23.7;25.4;24.5;22.4;19;20.1;20.8;18.3;22.1;19.9;18.1;22.3;23.1;23.2;24.9;27.8;27.2;25.5;30.2;30.5;27.2;29;24.4;27.5;28.2;31.3;32.3;31.5
620;Portugal;Share in total final energy consumption (%);Modern renewables;IEA (2024), World Energy Balances;26.9;25.8;22.4;24.4;25;23.7;25.4;24.5;22.4;19;20.1;20.8;18.3;22.1;19.9;18.1;22.3;23.1;23.2;24.9;27.8;27.2;25.5;30.2;30.5;27.2;29;24.4;27.5;28.2;31.3;32.3;31.5
620;Portugal;Share in total final energy consumption (%);Municipal waste (renew);IEA (2024), World Energy Balances;0;0;0;0;0;0;0;0;0;0;0.1;0.1;0.1;0.1;0.1;0.1;0.1;0.1;0.1;0.1;0.1;0.1;0.1;0.1;0.1;0.2;0.1;0.2;0.1;0.2;0.2;0.2;0.2
620;Portugal;Share in total final energy consumption (%);Liquid biofuels;IEA (2024), World Energy Balances;0;0;0;0;0;0;0;0;0;0;0;0;0;0;0;0;0.4;0.7;0.8;1.3;1.9;1.9;1.9;1.8;1.9;2.3;1.8;1.7;1.8;1.8;1.8;2.2;2.2
620;Portugal;Share in total final energy consumption (%);Solid biofuels;IEA (2024), World Energy Balances;21.1;20.1;19.5;19.2;18.7;18.8;17.2;17.1;16;15.5;14.7;14.4;14.4;14.5;14.5;14.6;14.9;14.9;15.4;15.5;13.5;14.4;13.4;13.9;13.3;13;13.1;13;12.8;13.1;14.4;13.9;14.2
620;Portugal;Share in total final energy consumption (%);Biogases;IEA (2024), World Energy Balances;0;0;0;0;0;0;0;0;0;0;0;0;0;0;0;0;0;0;0;0;0;0.1;0.1;0.1;0.2;0.2;0.2;0.2;0.2;0.2;0.2;0.2;0.2
620;Portugal;Share in total final energy consumption (%);Hydro;IEA (2024), World Energy Balances;5.8;5.5;2.8;5;6.1;4.7;8;7.3;6.3;3.3;5.1;6;3.4;7.1;4.7;2.3;5.3;5;3.5;4;7.5;5.6;3.3;7.1;7.9;4.5;7.1;2.7;5.7;4.5;6.5;6.6;3.9
620;Portugal;Share in total final energy consumption (%);Geothermal;IEA (2024), World Energy Balances;0;0;0;0;0;0;0;0;0;0;0;0.1;0;0;0;0;0;0.1;0.1;0.1;0.1;0.1;0.1;0.1;0.1;0.1;0.1;0.1;0.1;0.1;0.1;0.1;0.1
620;Portugal;Share in total final energy consumption (%);Tide, wave and ocean;IEA (2024), World Energy Balances;0;0;0;0;0;0;0;0;0;0;0;0;0;0;0;0;0;0;0;0;0;0;0;0;0;0;0;0;0;0;0;0;0
620;Portugal;Share in total final energy consumption (%);Wind;IEA (2024), World Energy Balances;0;0;0;0;0;0;0;0;0;0.1;0.1;0.1;0.2;0.2;0.4;0.9;1.4;2;3;3.6;4.3;4.5;5.9;6.2;6.1;6;5.6;5.6;5.8;7;6.6;7.3;7.8
620;Portugal;Share in total final energy consumption (%);Solar;IEA (2024), World Energy Balances;0.1;0.1;0.1;0.1;0.1;0.1;0.1;0.1;0.1;0.1;0.1;0.1;0.1;0.1;0.1;0.1;0.1;0.2;0.2;0.3;0.4;0.5;0.7;0.7;0.8;0.9;1;1;1.1;1.3;1.6;1.9;2.8
620;Portugal;Final consumption of renewable energy (PJ) - Heat raising;Renewables;IEA (2024), World Energy Balances;97.9;97;96.4;96.5;98;101.1;98;100.9;100.6;101.4;101.9;101.5;104;104.3;104.7;105.9;106.6;108.9;108.8;108.7;92.8;93.7;78.8;81.9;78.3;77.7;79.7;79.9;79.8;81.7;81.4;80.4;83.2
620;Portugal;Final consumption of renewable energy (PJ) - Transport;Renewables;IEA (2024), World Energy Balances;0.4;0.4;0.2;0.4;0.6;0.3;0.5;0.5;0.5;0.3;0.4;0.4;0.3;0.6;0.5;0.3;3.6;5.7;5.8;9.4;13.8;12.9;12.1;11.6;11.6;14.2;11.9;10.9;11.9;12.3;11.1;14.4;14.8
620;Portugal;Final consumption of renewable energy (PJ) - Electricity consumption;Renewables;IEA (2024), World Energy Balances;29;29.3;16.9;28.1;35.5;29;49.4;47.4;43.8;25.9;40.6;48.6;31.5;58.5;43.7;29.5;55.1;60.4;55.5;63;93.9;80.2;70.1;94.4;98.2;77.9;90.4;65;86;90.4;96.4;107.6;102.9
630;Puerto Rico;Total final energy consumption (PJ);Total;Energy Balances, UN Statistics Division (2024);51.6;52.3;54.7;55.5;57.8;60.1;61.5;64.8;61.9;71.4;66.8;67.6;70.4;72.6;72.6;74.9;74.2;72.8;68.5;67.3;68.3;65.7;66;64.1;62.5;62;62.3;48.8;58.9;57.9;57.7;58.6;56.5
630;Puerto Rico;Share in total final energy consumption (%);Renewables;Energy Balances, UN Statistics Division (2024);1.7;1.8;1.8;0.8;0.3;0.5;0.7;0.5;0.5;0.7;0.5;0.5;0.5;0.5;0.5;0.6;0.5;0.5;0.5;0.5;0.4;0.7;0.5;1.4;1.7;1.9;1.9;2.3;1.4;2.4;2.5;2.6;2.6
630;Puerto Rico;Share in total final energy consumption (%);Modern renewables;Energy Balances, UN Statistics Division (2024);1.7;1.8;1.8;0.8;0.3;0.5;0.7;0.5;0.5;0.7;0.5;0.5;0.5;0.5;0.5;0.6;0.5;0.5;0.5;0.5;0.4;0.7;0.5;1.4;1.7;1.9;1.9;2.3;1.4;2.4;2.5;2.6;2.6
630;Puerto Rico;Share in total final energy consumption (%);Municipal waste (renew);Energy Balances, UN Statistics Division (2024);0;0;0;0;0;0;0;0;0;0;0;0;0;0;0;0;0;0;0;0;0;0;0;0;0;0;0;0;0;0;0;0;0
630;Puerto Rico;Share in total final energy consumption (%);Liquid biofuels;Energy Balances, UN Statistics Division (2024);0;0;0;0;0;0;0;0;0;0;0;0;0;0;0;0;0;0;0;0;0;0;0;0;0;0;0;0;0;0;0;0;0
630;Puerto Rico;Share in total final energy consumption (%);Solid biofuels;Energy Balances, UN Statistics Division (2024);0;0;0;0;0;0;0;0;0;0;0;0;0;0;0;0;0;0;0;0;0;0;0;0;0;0;0;0;0;0;0;0;0
630;Puerto Rico;Share in total final energy consumption (%);Biogases;Energy Balances, UN Statistics Division (2024);0;0;0;0;0;0;0;0;0;0;0;0;0;0;0;0;0;0;0;0;0;0;0;0;0;0;0;0.1;0.1;0.1;0.1;0.1;0.1
630;Puerto Rico;Share in total final energy consumption (%);Hydro;Energy Balances, UN Statistics Division (2024);1.7;1.8;1.8;0.8;0.3;0.5;0.7;0.5;0.5;0.7;0.5;0.5;0.5;0.5;0.5;0.6;0.5;0.5;0.5;0.5;0.4;0.7;0.4;0.4;0.4;0.3;0.3;0.3;0.2;0.2;0.3;0.2;0.2
630;Puerto Rico;Share in total final energy consumption (%);Geothermal;Energy Balances, UN Statistics Division (2024);0;0;0;0;0;0;0;0;0;0;0;0;0;0;0;0;0;0;0;0;0;0;0;0;0;0;0;0;0;0;0;0;0
630;Puerto Rico;Share in total final energy consumption (%);Tide, wave and ocean;Energy Balances, UN Statistics Division (2024);0;0;0;0;0;0;0;0;0;0;0;0;0;0;0;0;0;0;0;0;0;0;0;0;0;0;0;0;0;0;0;0;0
630;Puerto Rico;Share in total final energy consumption (%);Wind;Energy Balances, UN Statistics Division (2024);0;0;0;0;0;0;0;0;0;0;0;0;0;0;0;0;0;0;0;0;0;0;0.1;0.8;1;1.1;0.9;0.9;0.6;0.8;0.8;0.9;0.8
630;Puerto Rico;Share in total final energy consumption (%);Solar;Energy Balances, UN Statistics Division (2024);0;0;0;0;0;0;0;0;0;0;0;0;0;0;0;0;0;0;0;0;0;0;0.1;0.2;0.2;0.4;0.6;1;0.5;1.3;1.4;1.4;1.4
630;Puerto Rico;Final consumption of renewable energy (PJ) - Heat raising;Renewables;Energy Balances, UN Statistics Division (2024);0;0;0;0;0;0;0;0;0;0;0;0;0;0;0;0;0;0;0;0;0;0;0;0;0;0;0;0;0;0;0;0;0
630;Puerto Rico;Final consumption of renewable energy (PJ) - Transport;Renewables;Energy Balances, UN Statistics Division (2024);0;0;0;0;0;0;0;0;0;0;0;0;0;0;0;0;0;0;0;0;0;0;0;0;0;0;0;0;0;0;0;0;0
630;Puerto Rico;Final consumption of renewable energy (PJ) - Electricity consumption;Renewables;Energy Balances, UN Statistics Division (2024);0.9;0.9;1;0.4;0.1;0.3;0.5;0.3;0.3;0.5;0.4;0.4;0.3;0.4;0.4;0.4;0.4;0.4;0.4;0.4;0.3;0.4;0.4;0.9;1;1.2;1.2;1.1;0.8;1.4;1.4;1.5;1.4
634;Qatar;Total final energy consumption (PJ);Total;IEA (2024), World Energy Balances;94.6;95.8;102.5;106.9;111.2;113.5;119.5;125.7;133.2;133.8;150.9;156.9;198.9;195;233.8;241;270.8;322.1;358.5;353.7;389.7;388.4;467.8;480.3;560.2;597.2;618.6;640.9;618.5;659;614.4;639.2;693.1
634;Qatar;Share in total final energy consumption (%);Renewables;IEA (2024), World Energy Balances;0.2;0.2;0.1;0.1;0.1;0.1;0.1;0.1;0.1;0.1;0.1;0.1;0.1;0.1;0;0;0.1;0.1;0.1;0.1;0.1;0.1;0;0;0;0;0.1;0.1;0;0.1;0;0;0.3
634;Qatar;Share in total final energy consumption (%);Modern renewables;IEA (2024), World Energy Balances;0;0;0;0;0;0;0;0;0;0;0;0;0;0;0;0;0;0;0;0;0;0;0;0;0;0;0;0;0;0;0;0;0.3
634;Qatar;Share in total final energy consumption (%);Municipal waste (renew);IEA (2024), World Energy Balances;0;0;0;0;0;0;0;0;0;0;0;0;0;0;0;0;0;0;0;0;0;0;0;0;0;0;0;0;0;0;0;0;0
634;Qatar;Share in total final energy consumption (%);Liquid biofuels;IEA (2024), World Energy Balances;0;0;0;0;0;0;0;0;0;0;0;0;0;0;0;0;0;0;0;0;0;0;0;0;0;0;0;0;0;0;0;0;0
634;Qatar;Share in total final energy consumption (%);Solid biofuels;IEA (2024), World Energy Balances;0.2;0.2;0.1;0.1;0.1;0.1;0.1;0.1;0.1;0.1;0.1;0.1;0.1;0.1;0;0;0.1;0.1;0.1;0.1;0.1;0.1;0;0;0;0;0.1;0.1;0;0.1;0;0;0
634;Qatar;Share in total final energy consumption (%);Biogases;IEA (2024), World Energy Balances;0;0;0;0;0;0;0;0;0;0;0;0;0;0;0;0;0;0;0;0;0;0;0;0;0;0;0;0;0;0;0;0;0
634;Qatar;Share in total final energy consumption (%);Hydro;IEA (2024), World Energy Balances;0;0;0;0;0;0;0;0;0;0;0;0;0;0;0;0;0;0;0;0;0;0;0;0;0;0;0;0;0;0;0;0;0
634;Qatar;Share in total final energy consumption (%);Geothermal;IEA (2024), World Energy Balances;0;0;0;0;0;0;0;0;0;0;0;0;0;0;0;0;0;0;0;0;0;0;0;0;0;0;0;0;0;0;0;0;0
634;Qatar;Share in total final energy consumption (%);Tide, wave and ocean;IEA (2024), World Energy Balances;0;0;0;0;0;0;0;0;0;0;0;0;0;0;0;0;0;0;0;0;0;0;0;0;0;0;0;0;0;0;0;0;0
634;Qatar;Share in total final energy consumption (%);Wind;IEA (2024), World Energy Balances;0;0;0;0;0;0;0;0;0;0;0;0;0;0;0;0;0;0;0;0;0;0;0;0;0;0;0;0;0;0;0;0;0
634;Qatar;Share in total final energy consumption (%);Solar;IEA (2024), World Energy Balances;0;0;0;0;0;0;0;0;0;0;0;0;0;0;0;0;0;0;0;0;0;0;0;0;0;0;0;0;0;0;0;0;0.3
634;Qatar;Final consumption of renewable energy (PJ) - Heat raising;Renewables;IEA (2024), World Energy Balances;0.2;0.2;0.1;0.1;0.1;0.1;0.1;0.1;0.1;0.1;0.1;0.2;0.1;0.1;0.1;0.1;0.3;0.2;0.4;0.3;0.5;0.5;0.2;0.2;0.3;0.3;0.4;0.4;0.3;0.4;0.3;0.2;0.2
634;Qatar;Final consumption of renewable energy (PJ) - Transport;Renewables;IEA (2024), World Energy Balances;0;0;0;0;0;0;0;0;0;0;0;0;0;0;0;0;0;0;0;0;0;0;0;0;0;0;0;0;0;0;0;0;0
634;Qatar;Final consumption of renewable energy (PJ) - Electricity consumption;Renewables;IEA (2024), World Energy Balances;0;0;0;0;0;0;0;0;0;0;0;0;0;0;0;0;0;0;0;0;0;0;0;0;0;0;0;0;0;0;0;0;1.9
410;Republic of Korea;Total final energy consumption (PJ);Total;IEA (2024), World Energy Balances;2451.3;2674.7;2896.8;3179;3434.4;3732.4;3920.7;4011.8;3406.2;3851.6;4252.8;4307.9;4494.8;4575;4615.8;4686.9;4649.1;4797;4776.8;4758.4;5129.2;5203.9;5187.8;5198.5;5088.2;5279.3;5368.2;5508.9;5543;5457.7;5310.4;5498.5;5410.3
410;Republic of Korea;Share in total final energy consumption (%);Renewables;IEA (2024), World Energy Balances;1.6;0.9;0.7;0.7;0.4;0.4;0.6;0.7;0.9;0.8;0.7;0.7;0.7;0.8;0.8;0.9;0.9;1;1.1;1.2;1.3;1.3;1.6;1.9;2.9;2.8;2.6;2.8;3.2;3.2;3.6;3.6;4.1
410;Republic of Korea;Share in total final energy consumption (%);Modern renewables;IEA (2024), World Energy Balances;1.6;0.9;0.7;0.7;0.4;0.4;0.6;0.7;0.9;0.8;0.7;0.7;0.7;0.8;0.8;0.9;0.9;1;1.1;1.2;1.3;1.3;1.6;1.9;2.9;2.8;2.6;2.8;3.2;3.2;3.6;3.6;4.1
410;Republic of Korea;Share in total final energy consumption (%);Municipal waste (renew);IEA (2024), World Energy Balances;0;0;0;0;0;0;0;0.1;0.1;0.1;0.1;0.2;0.2;0.2;0.2;0.2;0.2;0.2;0.3;0.3;0.3;0.2;0.2;0.2;0.2;0.3;0.3;0.3;0.3;0.2;0.2;0.2;0.2
410;Republic of Korea;Share in total final energy consumption (%);Liquid biofuels;IEA (2024), World Energy Balances;0;0;0;0;0;0;0;0;0;0;0;0;0;0;0;0;0;0.1;0.1;0.2;0.3;0.3;0.3;0.3;0.3;0.4;0.5;0.5;0.6;0.6;0.6;0.6;0.6
410;Republic of Korea;Share in total final energy consumption (%);Solid biofuels;IEA (2024), World Energy Balances;0.7;0.4;0.3;0.2;0.1;0.1;0.3;0.3;0.4;0.2;0.2;0.2;0.2;0.2;0.1;0.3;0.3;0.3;0.2;0.3;0.2;0.3;0.5;0.7;1.7;1.4;1;1.1;1.1;0.9;0.9;0.7;0.8
410;Republic of Korea;Share in total final energy consumption (%);Biogases;IEA (2024), World Energy Balances;0;0;0;0;0;0;0;0;0;0;0;0;0;0.1;0.1;0.1;0.1;0.1;0.1;0.1;0.1;0.1;0.1;0.1;0.1;0.1;0.1;0.1;0.1;0.1;0.1;0.1;0.1
410;Republic of Korea;Share in total final energy consumption (%);Hydro;IEA (2024), World Energy Balances;0.8;0.4;0.3;0.4;0.2;0.2;0.2;0.2;0.4;0.3;0.3;0.3;0.2;0.4;0.3;0.3;0.2;0.3;0.2;0.2;0.2;0.3;0.2;0.3;0.2;0.1;0.2;0.2;0.2;0.2;0.2;0.2;0.2
410;Republic of Korea;Share in total final energy consumption (%);Geothermal;IEA (2024), World Energy Balances;0;0;0;0;0;0;0;0;0;0;0;0;0;0;0;0;0;0;0;0;0;0;0.1;0.1;0.1;0.1;0.1;0.1;0.2;0.2;0.2;0.2;0.2
410;Republic of Korea;Share in total final energy consumption (%);Tide, wave and ocean;IEA (2024), World Energy Balances;0;0;0;0;0;0;0;0;0;0;0;0;0;0;0;0;0;0;0;0;0;0;0;0;0;0;0;0;0;0;0;0;0
410;Republic of Korea;Share in total final energy consumption (%);Wind;IEA (2024), World Energy Balances;0;0;0;0;0;0;0;0;0;0;0;0;0;0;0;0;0;0;0;0;0.1;0.1;0.1;0.1;0.1;0.1;0.1;0.1;0.1;0.2;0.2;0.2;0.2
410;Republic of Korea;Share in total final energy consumption (%);Solar;IEA (2024), World Energy Balances;0;0;0;0;0;0;0;0;0.1;0;0;0;0;0;0;0;0;0;0;0.1;0.1;0.1;0.1;0.1;0.2;0.3;0.3;0.5;0.6;0.8;1.1;1.4;1.7
410;Republic of Korea;Final consumption of renewable energy (PJ) - Heat raising;Renewables;IEA (2024), World Energy Balances;19.2;13.5;10.8;8.8;7.1;6.4;14.5;17.5;18.1;16.1;16.4;16.1;20.4;21.1;19.5;26.4;28.9;29.8;28.6;30.4;32;31;45.6;56.4;104.6;93.6;64.2;71.5;73.2;58.3;54.6;49.6;49.9
410;Republic of Korea;Final consumption of renewable energy (PJ) - Transport;Renewables;IEA (2024), World Energy Balances;0.2;0.1;0.1;0.1;0.1;0.1;0.1;0.1;0.1;0.1;0.1;0.1;0.1;0.2;0.3;0.6;1.8;3.4;7;10.3;14;13.3;14.3;15;15.8;17.7;21;22.5;27.3;27.4;27.9;28.3;30.1
410;Republic of Korea;Final consumption of renewable energy (PJ) - Electricity consumption;Renewables;IEA (2024), World Energy Balances;19.6;11;9.6;13;7.3;9.5;9;9.3;13.8;13.6;13.4;13.9;11.4;16.9;15.2;13.4;13.2;15.8;15;15.7;21.1;24.1;23;28.7;27.9;34.6;53.1;61.7;74.9;90.9;108.4;118.9;144.1
498;Republic of Moldova;Total final energy consumption (PJ);Total;IEA (2024), World Energy Balances;279.7;219.3;152.3;150.2;132;129.7;103.8;101.6;91.1;75;66.7;72.4;78.1;84.6;95.3;99.5;96.5;93.1;91.2;84.7;110.5;114.5;111.8;107.1;111.9;111.2;116.2;125;129.3;126.3;116.8;128.8;113
498;Republic of Moldova;Share in total final energy consumption (%);Renewables;IEA (2024), World Energy Balances;1.1;1.6;2.2;2.4;2.6;2.8;3.7;3.9;4.1;4.9;5.7;5.6;5.8;5.9;4.9;4.3;5;4.4;4.9;4.8;20;20.4;22.1;23.8;24.3;24.7;25.3;26.1;25.3;22;22.3;21.4;21.3
498;Republic of Moldova;Share in total final energy consumption (%);Modern renewables;IEA (2024), World Energy Balances;1.1;1.6;2.2;2.4;2.6;2.8;3.7;3.9;4.1;4.9;5.7;5.6;5.8;5.9;4.9;4.3;5;4.4;4.9;4.8;20;20.4;22.1;23.8;24.3;24.7;25.3;26.1;25.3;22;22.3;21.4;21.3
498;Republic of Moldova;Share in total final energy consumption (%);Municipal waste (renew);IEA (2024), World Energy Balances;0;0;0;0;0;0;0;0;0;0;0;0;0;0;0;0;0;0;0;0;0;0;0;0;0;0;0;0;0;0;0;0;0
498;Republic of Moldova;Share in total final energy consumption (%);Liquid biofuels;IEA (2024), World Energy Balances;0;0;0;0;0;0;0;0;0;0;0;0;0;0;0;0;0;0;0;0;0;0;0;0;0;0;0;0;0;0;0;0;0
498;Republic of Moldova;Share in total final energy consumption (%);Solid biofuels;IEA (2024), World Energy Balances;0.9;1.2;1.7;1.7;2;2;2.5;2.5;2.7;3.2;3.7;3.5;3.7;4;3.3;2.7;3.4;2.9;3.3;3.5;19.1;19.5;21.5;22.7;23.3;24;24.7;25.1;24.4;21;21.3;20.3;19.7
498;Republic of Moldova;Share in total final energy consumption (%);Biogases;IEA (2024), World Energy Balances;0;0;0;0;0;0;0;0;0;0;0;0;0;0;0;0;0;0;0;0;0;0;0;0;0.1;0;0;0.1;0.1;0.1;0.1;0.2;0.2
498;Republic of Moldova;Share in total final energy consumption (%);Hydro;IEA (2024), World Energy Balances;0.2;0.4;0.5;0.7;0.6;0.8;1.2;1.3;1.4;1.6;2;2.1;2.1;1.9;1.6;1.5;1.6;1.6;1.7;1.4;0.9;0.9;0.7;1.1;0.9;0.7;0.6;0.8;0.7;0.8;0.7;0.7;0.9
498;Republic of Moldova;Share in total final energy consumption (%);Geothermal;IEA (2024), World Energy Balances;0;0;0;0;0;0;0;0;0;0;0;0;0;0;0;0;0;0;0;0;0;0;0;0;0;0;0;0;0;0;0;0;0
498;Republic of Moldova;Share in total final energy consumption (%);Tide, wave and ocean;IEA (2024), World Energy Balances;0;0;0;0;0;0;0;0;0;0;0;0;0;0;0;0;0;0;0;0;0;0;0;0;0;0;0;0;0;0;0;0;0
498;Republic of Moldova;Share in total final energy consumption (%);Wind;IEA (2024), World Energy Balances;0;0;0;0;0;0;0;0;0;0;0;0;0;0;0;0;0;0;0;0;0;0;0;0;0;0;0;0;0.1;0.1;0.1;0.2;0.4
498;Republic of Moldova;Share in total final energy consumption (%);Solar;IEA (2024), World Energy Balances;0;0;0;0;0;0;0;0;0;0;0;0;0;0;0;0;0;0;0;0;0;0;0;0;0;0;0;0;0;0;0;0;0.2
498;Republic of Moldova;Final consumption of renewable energy (PJ) - Heat raising;Renewables;IEA (2024), World Energy Balances;2.6;2.6;2.6;2.6;2.6;2.6;2.6;2.6;2.5;2.4;2.5;2.5;2.9;3.4;3.1;2.7;3.2;2.7;3;2.9;21.1;22.3;24;24.3;26.1;26.7;28.7;31.4;31.6;26.6;24.9;26.3;22.3
498;Republic of Moldova;Final consumption of renewable energy (PJ) - Transport;Renewables;IEA (2024), World Energy Balances;0;0;0;0;0;0;0;0;0;0;0;0;0;0;0;0;0;0;0;0;0;0;0;0;0;0;0;0;0;0;0;0;0
498;Republic of Moldova;Final consumption of renewable energy (PJ) - Electricity consumption;Renewables;IEA (2024), World Energy Balances;0.6;0.9;0.7;1;0.8;1.1;1.2;1.3;1.2;1.2;1.3;1.5;1.6;1.6;1.5;1.5;1.5;1.4;1.5;1.2;1;1;0.7;1.2;1.1;0.8;0.7;1.1;1.1;1.2;1.1;1.3;1.7
638;Réunion;Total final energy consumption (PJ);Total;Energy Balances, UN Statistics Division (2024);19.1;21;21;20.8;22;24.3;25.3;26.6;27.6;26.9;28.3;29.2;29.4;28.9;30.2;30.3;31.7;34.6;35.3;37;38;NaN;NaN;NaN;NaN;NaN;NaN;NaN;NaN;NaN;NaN;NaN;NaN
638;Réunion;Share in total final energy consumption (%);Renewables;Energy Balances, UN Statistics Division (2024);37.5;35.3;28.1;25.5;25.6;23.9;21.6;18.4;16.3;11.6;11.7;10.7;11.7;12.4;12;11.4;12;16.4;16.5;15.3;16.4;NaN;NaN;NaN;NaN;NaN;NaN;NaN;NaN;NaN;NaN;NaN;NaN
638;Réunion;Share in total final energy consumption (%);Modern renewables;Energy Balances, UN Statistics Division (2024);34.6;32.7;25.5;22.8;23.1;21.5;19.3;16.1;14.1;9.4;9.7;8.8;9.8;10.4;10.1;9.5;10.2;14.8;14.8;13.8;14.9;NaN;NaN;NaN;NaN;NaN;NaN;NaN;NaN;NaN;NaN;NaN;NaN
638;Réunion;Share in total final energy consumption (%);Municipal waste (renew);Energy Balances, UN Statistics Division (2024);0;0;0;0;0;0;0;0;0;0;0;0;0;0;0;0;0;0;0;0;0;NaN;NaN;NaN;NaN;NaN;NaN;NaN;NaN;NaN;NaN;NaN;NaN
638;Réunion;Share in total final energy consumption (%);Liquid biofuels;Energy Balances, UN Statistics Division (2024);0;0;0;0;0;0;0;0;0;0;0;0;0;0;0;0;0;0;0;0;0;NaN;NaN;NaN;NaN;NaN;NaN;NaN;NaN;NaN;NaN;NaN;NaN
638;Réunion;Share in total final energy consumption (%);Solid biofuels;Energy Balances, UN Statistics Division (2024);28.4;28.4;20.6;18.1;17.4;16;13.7;11.8;9.8;5;5;4.7;4.6;4.6;5;4.7;4.6;8.6;8.7;8.6;9.1;NaN;NaN;NaN;NaN;NaN;NaN;NaN;NaN;NaN;NaN;NaN;NaN
638;Réunion;Share in total final energy consumption (%);Biogases;Energy Balances, UN Statistics Division (2024);0;0;0;0;0;0;0;0;0;0;0;0;0;0;0;0;0;0;0;0.1;0.1;NaN;NaN;NaN;NaN;NaN;NaN;NaN;NaN;NaN;NaN;NaN;NaN
638;Réunion;Share in total final energy consumption (%);Hydro;Energy Balances, UN Statistics Division (2024);9.1;7;7.5;7.4;8.2;7.9;7.9;6.5;6.4;6.6;6.4;5.5;6.6;7.1;6.1;5.5;6;6.2;5.9;4.7;4.7;NaN;NaN;NaN;NaN;NaN;NaN;NaN;NaN;NaN;NaN;NaN;NaN
638;Réunion;Share in total final energy consumption (%);Geothermal;Energy Balances, UN Statistics Division (2024);0;0;0;0;0;0;0;0;0;0;0;0;0;0;0;0;0;0;0;0;0;NaN;NaN;NaN;NaN;NaN;NaN;NaN;NaN;NaN;NaN;NaN;NaN
638;Réunion;Share in total final energy consumption (%);Tide, wave and ocean;Energy Balances, UN Statistics Division (2024);0;0;0;0;0;0;0;0;0;0;0;0;0;0;0;0;0;0;0;0;0;NaN;NaN;NaN;NaN;NaN;NaN;NaN;NaN;NaN;NaN;NaN;NaN
638;Réunion;Share in total final energy consumption (%);Wind;Energy Balances, UN Statistics Division (2024);0;0;0;0;0;0;0;0;0;0;0;0;0;0;0;0;0;0.1;0.1;0.1;0.1;NaN;NaN;NaN;NaN;NaN;NaN;NaN;NaN;NaN;NaN;NaN;NaN
638;Réunion;Share in total final energy consumption (%);Solar;Energy Balances, UN Statistics Division (2024);0;0;0;0;0;0;0;0;0;0;0.3;0.4;0.6;0.8;1;1.2;1.4;1.5;1.7;1.8;2.4;NaN;NaN;NaN;NaN;NaN;NaN;NaN;NaN;NaN;NaN;NaN;NaN
638;Réunion;Final consumption of renewable energy (PJ) - Heat raising;Renewables;Energy Balances, UN Statistics Division (2024);5.4;6;4;3.2;3.2;3.2;2.8;2.5;2.1;0.6;0.7;0.7;0.7;0.8;0.9;0.9;1;2.6;2.8;2.9;3.3;NaN;NaN;NaN;NaN;NaN;NaN;NaN;NaN;NaN;NaN;NaN;NaN
638;Réunion;Final consumption of renewable energy (PJ) - Transport;Renewables;Energy Balances, UN Statistics Division (2024);0;0;0;0;0;0;0;0;0;0;0;0;0;0;0;0;0;0;0;0;0;NaN;NaN;NaN;NaN;NaN;NaN;NaN;NaN;NaN;NaN;NaN;NaN
638;Réunion;Final consumption of renewable energy (PJ) - Electricity consumption;Renewables;Energy Balances, UN Statistics Division (2024);1.7;1.5;2;2.1;2.4;2.6;2.6;2.4;2.4;2.5;2.7;2.4;2.7;2.8;2.8;2.5;2.8;3.1;3;2.7;3;NaN;NaN;NaN;NaN;NaN;NaN;NaN;NaN;NaN;NaN;NaN;NaN
642;Romania;Total final energy consumption (PJ);Total;IEA (2024), World Energy Balances;1765.9;1431.4;1083.4;1001.7;1023.1;1070.8;1193.9;1151.4;1051.2;913.2;916.6;935.5;926.4;968;983;982.4;994.8;968.9;1000.9;909;915;923.2;939.7;897;891;894.9;908.4;948.8;971.1;981.9;972.4;1046.1;991.1
642;Romania;Share in total final energy consumption (%);Renewables;IEA (2024), World Energy Balances;3.4;5;5.6;7.2;7.6;8.6;11.9;15.7;16.3;17.7;16.4;13.4;14.4;15.7;17.3;18.5;17.4;18.2;20.4;22.1;24.1;21.1;21.5;23.1;24.3;23.7;24.4;23.4;23;23.5;24.1;23.6;23.5
642;Romania;Share in total final energy consumption (%);Modern renewables;IEA (2024), World Energy Balances;3.4;5;5.6;7.2;7.6;8.6;11.9;15.7;16.3;17.7;16.4;13.4;14.4;15.7;17.3;18.5;17.4;18.2;20.4;22.1;24.1;21.1;21.5;23.1;24.3;23.7;24.4;23.4;23;23.5;24.1;23.6;23.5
642;Romania;Share in total final energy consumption (%);Municipal waste (renew);IEA (2024), World Energy Balances;0;0;0;0;0;0;0;0;0;0;0;0;0;0;0;0;0;0;0;0;0;0;0;0;0;0;0;0;0;0;0;0;0
642;Romania;Share in total final energy consumption (%);Liquid biofuels;IEA (2024), World Energy Balances;0;0;0;0;0;0;0;0;0;0;0;0;0;0;0;0;0;0.2;0.4;0.7;0.5;0.9;1;0.9;0.8;0.9;1.2;1.3;1.3;1.8;2.1;2;2.4
642;Romania;Share in total final energy consumption (%);Solid biofuels;IEA (2024), World Energy Balances;1.4;2;2.6;4.2;4.8;5.2;8.8;12.1;11.9;12.9;12.5;9.5;10.3;12.2;13.1;13.6;13;14;15.9;17.3;18;15.7;16.3;16.4;16.4;15.8;16;15.5;14.8;14.8;14.8;14.6;14.6
642;Romania;Share in total final energy consumption (%);Biogases;IEA (2024), World Energy Balances;0;0;0;0;0;0;0;0;0;0;0;0;0;0;0;0;0;0;0;0;0;0.1;0.1;0.1;0;0;0.1;0.1;0.1;0.1;0;0;0.1
642;Romania;Share in total final energy consumption (%);Hydro;IEA (2024), World Energy Balances;2;2.9;3;3;2.8;3.4;3.1;3.7;4.4;4.8;3.8;3.9;4.1;3.4;4.2;4.8;4.3;3.9;4;4;5.3;4;3.3;4.2;4.9;4.4;4.8;3.8;4.6;4.4;4.5;4.7;3.9
642;Romania;Share in total final energy consumption (%);Geothermal;IEA (2024), World Energy Balances;0;0;0;0;0;0;0;0;0;0;0;0;0.1;0.1;0.1;0.1;0.1;0.1;0.1;0.1;0.1;0.1;0.1;0.1;0.1;0.1;0.1;0.1;0.1;0.1;0;0.1;0.1
642;Romania;Share in total final energy consumption (%);Tide, wave and ocean;IEA (2024), World Energy Balances;0;0;0;0;0;0;0;0;0;0;0;0;0;0;0;0;0;0;0;0;0;0;0;0;0;0;0;0;0;0;0;0;0
642;Romania;Share in total final energy consumption (%);Wind;IEA (2024), World Energy Balances;0;0;0;0;0;0;0;0;0;0;0;0;0;0;0;0;0;0;0;0;0.1;0.4;0.7;1.3;1.6;1.9;1.7;2;1.7;1.9;2;1.8;2
642;Romania;Share in total final energy consumption (%);Solar;IEA (2024), World Energy Balances;0;0;0;0;0;0;0;0;0;0;0;0;0;0;0;0;0;0;0;0;0;0;0;0.1;0.4;0.5;0.5;0.5;0.5;0.5;0.5;0.5;0.6
642;Romania;Final consumption of renewable energy (PJ) - Heat raising;Renewables;IEA (2024), World Energy Balances;24.1;28.2;28.3;41.7;48.9;55;105.4;138.5;124.3;117.8;115.2;89.1;95.7;119.1;129;133.8;129.7;135.9;159.8;158;165.6;146.1;154.5;148.1;146.9;141.8;145.9;148;144.5;145.6;143.6;152.1;144.2
642;Romania;Final consumption of renewable energy (PJ) - Transport;Renewables;IEA (2024), World Energy Balances;2.2;2.4;2.5;2;1.7;2.4;2.4;2.9;2.8;2;1.9;1.8;2.2;1.7;1.7;2;1.4;3.1;5.9;8.2;6.5;9.5;10.2;9.9;8.6;10;12.3;13.9;14;18.9;22;22.9;25.2
642;Romania;Final consumption of renewable energy (PJ) - Electricity consumption;Renewables;IEA (2024), World Energy Balances;33;40.5;30;28.4;27.5;34.7;34.6;40;44;42.1;32.9;34.4;35.5;30.9;39.1;45.6;41.8;36.9;38.5;35.1;48.2;39.1;37.6;48.9;61.2;60;63.4;59.6;65.1;66.7;68.4;71.7;63.5
643;Russian Federation;Total final energy consumption (PJ);Total;IEA (2024), World Energy Balances;24487.1;23748.2;21914.4;21393.4;18691;17739.6;16029.2;15304.2;15133.5;15598.8;15975.8;16045.4;15609.5;15927.1;15977.2;15395;15881.5;15903.7;16192.5;15145.9;15922;16409.6;16525.7;15991.1;16607.2;16466.9;16912.2;17525.4;18140.2;18223.1;17378;18776.6;18640.9
643;Russian Federation;Share in total final energy consumption (%);Renewables;IEA (2024), World Energy Balances;3.8;3.8;4;4;3.9;3.9;3.7;3.7;3.6;3.8;3.5;3.6;3.5;3.3;3.6;3.6;3.5;3.7;3.3;3.6;3.3;3.2;3.2;3.6;3.3;3.2;3.4;3.2;3.2;3.2;3.7;3.6;3.4
643;Russian Federation;Share in total final energy consumption (%);Modern renewables;IEA (2024), World Energy Balances;3.8;3.8;4;4;3.9;3.9;3.7;3.7;3.6;3.8;3.5;3.6;3.5;3.3;3.6;3.6;3.5;3.7;3.3;3.6;3.3;3.2;3.2;3.6;3.3;3.2;3.4;3.2;3.2;3.2;3.7;3.6;3.4
643;Russian Federation;Share in total final energy consumption (%);Municipal waste (renew);IEA (2024), World Energy Balances;0;0;0;0;0;0;0;0;0;0;0;0;0;0;0;0;0;0;0;0;0;0;0;0;0;0;0;0;0;0;0;0;0
643;Russian Federation;Share in total final energy consumption (%);Liquid biofuels;IEA (2024), World Energy Balances;0;0;0;0;0;0;0;0;0;0;0;0;0;0;0;0;0;0;0;0;0;0;0;0;0;0;0;0;0;0;0;0;0
643;Russian Federation;Share in total final energy consumption (%);Solid biofuels;IEA (2024), World Energy Balances;1.9;1.8;1.9;1.9;1.4;1.3;1.2;1.1;0.9;1.2;0.9;0.9;0.9;0.8;0.8;0.8;0.8;0.9;0.7;0.7;0.7;0.7;0.7;0.7;0.6;0.7;0.7;0.6;0.6;0.6;0.7;0.6;0.6
643;Russian Federation;Share in total final energy consumption (%);Biogases;IEA (2024), World Energy Balances;0;0;0;0;0;0;0;0;0;0;0;0;0;0;0;0;0;0;0;0;0;0;0;0;0;0;0;0;0;0;0;0;0
643;Russian Federation;Share in total final energy consumption (%);Hydro;IEA (2024), World Energy Balances;1.9;1.9;2.1;2.2;2.4;2.6;2.4;2.6;2.6;2.6;2.6;2.7;2.6;2.4;2.8;2.8;2.7;2.8;2.6;2.9;2.6;2.5;2.5;2.9;2.6;2.5;2.7;2.6;2.6;2.6;3;2.9;2.7
643;Russian Federation;Share in total final energy consumption (%);Geothermal;IEA (2024), World Energy Balances;0;0;0;0;0;0;0;0;0;0;0;0;0;0;0;0;0;0;0;0;0;0;0;0;0;0;0;0;0;0;0;0;0
643;Russian Federation;Share in total final energy consumption (%);Tide, wave and ocean;IEA (2024), World Energy Balances;0;0;0;0;0;0;0;0;0;0;0;0;0;0;0;0;0;0;0;0;0;0;0;0;0;0;0;0;0;0;0;0;0
643;Russian Federation;Share in total final energy consumption (%);Wind;IEA (2024), World Energy Balances;0;0;0;0;0;0;0;0;0;0;0;0;0;0;0;0;0;0;0;0;0;0;0;0;0;0;0;0;0;0;0;0;0.1
643;Russian Federation;Share in total final energy consumption (%);Solar;IEA (2024), World Energy Balances;0;0;0;0;0;0;0;0;0;0;0;0;0;0;0;0;0;0;0;0;0;0;0;0;0;0;0;0;0;0;0;0;0
643;Russian Federation;Final consumption of renewable energy (PJ) - Heat raising;Renewables;IEA (2024), World Energy Balances;462.2;436.1;408;402.6;265.1;231.8;199.8;173.9;142.7;190.7;148.3;145.6;133.4;133.6;127.2;130.5;124;141.3;119.9;109.2;110.4;114.9;121.4;116.7;107.3;109;111;102.1;106;113.8;115.9;117.9;103.4
643;Russian Federation;Final consumption of renewable energy (PJ) - Transport;Renewables;IEA (2024), World Energy Balances;57.3;54.7;53.3;50.1;49.3;47.9;42.4;43;41.5;41.4;41.1;43.8;44.6;46.2;54.8;54.5;54.1;54.7;47.6;51.6;49.5;51.4;51.6;56;53.8;46.9;50.7;47.6;51.1;51.6;55.4;56.3;54.9
643;Russian Federation;Final consumption of renewable energy (PJ) - Electricity consumption;Renewables;IEA (2024), World Energy Balances;399.1;403.7;410.9;411;408.3;406.8;349.9;356.3;358.2;363.7;369.2;391.6;361.8;342.4;385.7;371.4;375;387.5;368;384.3;372.2;363.2;363.2;404.1;386.3;371.2;406;419.4;422;426.4;479.6;497.6;476
646;Rwanda;Total final energy consumption (PJ);Total;Energy Balances, UN Statistics Division (2024);34.8;34.1;34.3;34.3;29.7;53.8;57.4;71.7;69.9;72.7;51.8;51.9;51.8;51.6;51.3;59.4;60.3;62.4;64.3;66.5;68.6;71.3;74.4;76.5;78;79.9;80.8;82.5;84.6;85.8;86.4;89.1;93.9
646;Rwanda;Share in total final energy consumption (%);Renewables;Energy Balances, UN Statistics Division (2024);80.1;81.8;81.6;81.3;78.5;88.4;89.2;91.1;90.8;90.8;86.8;86.9;87.1;87.3;87.5;89.3;90.6;90.3;90.6;90.5;90.5;89.7;88.8;88.5;88;86.3;85.5;84.5;82.8;81.8;81.7;79.4;79.9
646;Rwanda;Share in total final energy consumption (%);Modern renewables;Energy Balances, UN Statistics Division (2024);1.4;1.5;1.6;1.5;1.7;0.9;0.8;0.6;0.6;0.6;0.9;1.2;1.4;1.2;0.8;7.8;7.8;7.7;7.9;7.8;7.7;7.8;7.8;7.5;8.2;8.2;8.2;8.3;8.3;8.4;8.6;8.4;8.2
646;Rwanda;Share in total final energy consumption (%);Municipal waste (renew);Energy Balances, UN Statistics Division (2024);0;0;0;0;0;0;0;0;0;0;0;0;0;0;0;0;0;0;0;0;0;0;0;0;0;0;0;0;0;0;0;0;0
646;Rwanda;Share in total final energy consumption (%);Liquid biofuels;Energy Balances, UN Statistics Division (2024);0;0;0;0;0;0;0;0;0;0;0;0;0;0;0;0;0;0;0;0;0;0;0;0;0;0;0;0;0;0;0;0;0
646;Rwanda;Share in total final energy consumption (%);Solid biofuels;Energy Balances, UN Statistics Division (2024);78.9;80.6;80.2;80.1;77;87.5;88.4;90.5;90.2;90.2;86;85.8;86;86.2;86.9;88.8;90.4;90;90.2;90;89.9;89;87.9;87.8;87.1;85.2;84.3;83.2;81.5;80.3;80;77.5;78.1
646;Rwanda;Share in total final energy consumption (%);Biogases;Energy Balances, UN Statistics Division (2024);0;0;0;0;0;0;0;0;0;0;0;0;0;0;0;0;0;0;0;0;0;0;0;0;0;0;0;0;0;0;0;0;0
646;Rwanda;Share in total final energy consumption (%);Hydro;Energy Balances, UN Statistics Division (2024);1.2;1.2;1.3;1.2;1.5;0.9;0.8;0.6;0.6;0.6;0.7;1.1;1.1;1.1;0.6;0.5;0.2;0.3;0.5;0.5;0.6;0.7;0.8;0.7;0.9;1.1;1.1;1.2;1.3;1.5;1.7;1.8;1.8
646;Rwanda;Share in total final energy consumption (%);Geothermal;Energy Balances, UN Statistics Division (2024);0;0;0;0;0;0;0;0;0;0;0;0;0;0;0;0;0;0;0;0;0;0;0;0;0;0;0;0;0;0;0;0;0
646;Rwanda;Share in total final energy consumption (%);Tide, wave and ocean;Energy Balances, UN Statistics Division (2024);0;0;0;0;0;0;0;0;0;0;0;0;0;0;0;0;0;0;0;0;0;0;0;0;0;0;0;0;0;0;0;0;0
646;Rwanda;Share in total final energy consumption (%);Wind;Energy Balances, UN Statistics Division (2024);0;0;0;0;0;0;0;0;0;0;0;0;0;0;0;0;0;0;0;0;0;0;0;0;0;0;0;0;0;0;0;0;0
646;Rwanda;Share in total final energy consumption (%);Solar;Energy Balances, UN Statistics Division (2024);0;0;0;0;0;0;0;0;0;0;0;0;0;0;0;0;0;0;0;0;0;0;0;0;0;0.1;0.1;0.1;0.1;0.1;0.1;0.1;0.1
646;Rwanda;Final consumption of renewable energy (PJ) - Heat raising;Renewables;Energy Balances, UN Statistics Division (2024);27.5;27.5;27.5;27.5;22.9;47.1;50.7;64.9;63;65.5;44.5;44.5;44.6;44.5;44.6;52.7;54.5;56.2;58;59.8;61.7;63.4;65.4;67.2;67.9;68;68.1;68.6;68.9;68.9;69.1;69.1;73.3
646;Rwanda;Final consumption of renewable energy (PJ) - Transport;Renewables;Energy Balances, UN Statistics Division (2024);0;0;0;0;0;0;0;0;0;0;0;0;0;0;0;0;0;0;0;0;0;0;0;0;0;0;0;0;0;0;0;0;0
646;Rwanda;Final consumption of renewable energy (PJ) - Electricity consumption;Renewables;Energy Balances, UN Statistics Division (2024);0.4;0.4;0.5;0.4;0.4;0.5;0.5;0.4;0.4;0.4;0.4;0.6;0.6;0.5;0.3;0.3;0.1;0.2;0.3;0.4;0.4;0.5;0.6;0.5;0.7;0.9;0.9;1.1;1.2;1.3;1.5;1.6;1.7
652;Saint Barthélemy;Total final energy consumption (PJ);Total;Energy Balances, UN Statistics Division (2024);0;0;0;0;0;0;0;0;0;0;0;0;0;0;0;0;0;0;0;0;0;0.6;0.7;0.7;0.7;0.7;0.8;0.7;0.7;0.8;0.8;0.9;0.9
652;Saint Barthélemy;Share in total final energy consumption (%);Renewables;Energy Balances, UN Statistics Division (2024);0;0;0;0;0;0;0;0;0;0;0;0;0;0;0;0;0;0;0;0;0;0;0;0;0;0;0.1;0.1;0.1;0.1;0.1;0.1;0.1
652;Saint Barthélemy;Share in total final energy consumption (%);Modern renewables;Energy Balances, UN Statistics Division (2024);0;0;0;0;0;0;0;0;0;0;0;0;0;0;0;0;0;0;0;0;0;0;0;0;0;0;0;0;0;0;0;0;0
652;Saint Barthélemy;Share in total final energy consumption (%);Municipal waste (renew);Energy Balances, UN Statistics Division (2024);0;0;0;0;0;0;0;0;0;0;0;0;0;0;0;0;0;0;0;0;0;0;0;0;0;0;0;0;0;0;0;0;0
652;Saint Barthélemy;Share in total final energy consumption (%);Liquid biofuels;Energy Balances, UN Statistics Division (2024);0;0;0;0;0;0;0;0;0;0;0;0;0;0;0;0;0;0;0;0;0;0;0;0;0;0;0;0;0;0;0;0;0
652;Saint Barthélemy;Share in total final energy consumption (%);Solid biofuels;Energy Balances, UN Statistics Division (2024);0;0;0;0;0;0;0;0;0;0;0;0;0;0;0;0;0;0;0;0;0;0;0;0;0;0;0;0;0;0;0;0;0
652;Saint Barthélemy;Share in total final energy consumption (%);Biogases;Energy Balances, UN Statistics Division (2024);0;0;0;0;0;0;0;0;0;0;0;0;0;0;0;0;0;0;0;0;0;0;0;0;0;0;0;0;0;0;0;0;0
652;Saint Barthélemy;Share in total final energy consumption (%);Hydro;Energy Balances, UN Statistics Division (2024);0;0;0;0;0;0;0;0;0;0;0;0;0;0;0;0;0;0;0;0;0;0;0;0;0;0;0;0;0;0;0;0;0
652;Saint Barthélemy;Share in total final energy consumption (%);Geothermal;Energy Balances, UN Statistics Division (2024);0;0;0;0;0;0;0;0;0;0;0;0;0;0;0;0;0;0;0;0;0;0;0;0;0;0;0;0;0;0;0;0;0
652;Saint Barthélemy;Share in total final energy consumption (%);Tide, wave and ocean;Energy Balances, UN Statistics Division (2024);0;0;0;0;0;0;0;0;0;0;0;0;0;0;0;0;0;0;0;0;0;0;0;0;0;0;0;0;0;0;0;0;0
652;Saint Barthélemy;Share in total final energy consumption (%);Wind;Energy Balances, UN Statistics Division (2024);0;0;0;0;0;0;0;0;0;0;0;0;0;0;0;0;0;0;0;0;0;0;0;0;0;0;0;0;0;0;0;0;0
652;Saint Barthélemy;Share in total final energy consumption (%);Solar;Energy Balances, UN Statistics Division (2024);0;0;0;0;0;0;0;0;0;0;0;0;0;0;0;0;0;0;0;0;0;0;0;0;0;0;0;0;0;0;0;0;0
652;Saint Barthélemy;Final consumption of renewable energy (PJ) - Heat raising;Renewables;Energy Balances, UN Statistics Division (2024);0;0;0;0;0;0;0;0;0;0;0;0;0;0;0;0;0;0;0;0;0;0;0;0;0;0;0;0;0;0;0;0;0
652;Saint Barthélemy;Final consumption of renewable energy (PJ) - Transport;Renewables;Energy Balances, UN Statistics Division (2024);0;0;0;0;0;0;0;0;0;0;0;0;0;0;0;0;0;0;0;0;0;0;0;0;0;0;0;0;0;0;0;0;0
652;Saint Barthélemy;Final consumption of renewable energy (PJ) - Electricity consumption;Renewables;Energy Balances, UN Statistics Division (2024);0;0;0;0;0;0;0;0;0;0;0;0;0;0;0;0;0;0;0;0;0;0;0;0;0;0;0;0;0;0;0;0;0
654;Saint Helena;Total final energy consumption (PJ);Total;Energy Balances, UN Statistics Division (2024);0.1;0.1;0.1;0.1;0.1;0.1;0.1;0.1;0.1;0.1;0.1;0.1;0.1;0.1;0.1;0.1;0.1;0.1;0.1;0.1;0.1;0.1;0.1;0.1;0.1;0.1;0.2;0.1;0.1;0.1;0.1;0.1;0.1
654;Saint Helena;Share in total final energy consumption (%);Renewables;Energy Balances, UN Statistics Division (2024);10.9;9.8;8.8;7.5;7.1;6.8;7.9;6.8;7;6.9;7.1;6.3;7.4;6.4;13;8.2;9.1;3.9;9;10.2;9.2;9.5;7.7;9.3;9.1;13.1;9.2;14.6;13;9.6;12.2;13.2;10.2
654;Saint Helena;Share in total final energy consumption (%);Modern renewables;Energy Balances, UN Statistics Division (2024);0;0;0;0;0;0;0;0;0;0;0;0;0;0;0;0;0;0;2.2;2.7;3.5;3.8;2.7;3.3;4.8;8.1;5.9;8.7;9.3;6;7.5;7.6;5.4
654;Saint Helena;Share in total final energy consumption (%);Municipal waste (renew);Energy Balances, UN Statistics Division (2024);0;0;0;0;0;0;0;0;0;0;0;0;0;0;0;0;0;0;0;0;0;0;0;0;0;0;0;0;0;0;0;0;0
654;Saint Helena;Share in total final energy consumption (%);Liquid biofuels;Energy Balances, UN Statistics Division (2024);0;0;0;0;0;0;0;0;0;0;0;0;0;0;0;0;0;0;0;0;0;0;0;0;0;0;0;0;0;0;0;0;0
654;Saint Helena;Share in total final energy consumption (%);Solid biofuels;Energy Balances, UN Statistics Division (2024);10.9;9.8;8.8;7.5;7.1;6.8;7.9;6.8;7;6.9;7.1;6.3;7.4;6.4;13;8.2;9.1;3.9;6.8;7.5;5.6;5.8;5;6;4.3;5;3.3;5.9;3.7;3.7;4.7;5.6;4.9
654;Saint Helena;Share in total final energy consumption (%);Biogases;Energy Balances, UN Statistics Division (2024);0;0;0;0;0;0;0;0;0;0;0;0;0;0;0;0;0;0;0;0;0;0;0;0;0;0;0;0;0;0;0;0;0
654;Saint Helena;Share in total final energy consumption (%);Hydro;Energy Balances, UN Statistics Division (2024);0;0;0;0;0;0;0;0;0;0;0;0;0;0;0;0;0;0;0;0;0;0;0;0;0;0;0;0;0;0;0;0;0
654;Saint Helena;Share in total final energy consumption (%);Geothermal;Energy Balances, UN Statistics Division (2024);0;0;0;0;0;0;0;0;0;0;0;0;0;0;0;0;0;0;0;0;0;0;0;0;0;0;0;0;0;0;0;0;0
654;Saint Helena;Share in total final energy consumption (%);Tide, wave and ocean;Energy Balances, UN Statistics Division (2024);0;0;0;0;0;0;0;0;0;0;0;0;0;0;0;0;0;0;0;0;0;0;0;0;0;0;0;0;0;0;0;0;0
654;Saint Helena;Share in total final energy consumption (%);Wind;Energy Balances, UN Statistics Division (2024);0;0;0;0;0;0;0;0;0;0;0;0;0;0;0;0;0;0;2.2;2.7;3.5;3.8;2.6;3.2;4.5;6.6;4.2;5.9;5.6;3.9;4.9;4.4;2.7
654;Saint Helena;Share in total final energy consumption (%);Solar;Energy Balances, UN Statistics Division (2024);0;0;0;0;0;0;0;0;0;0;0;0;0;0;0;0;0;0;0;0;0;0;0;0.2;0.2;1.5;1.6;2.8;3.7;2;2.6;3.2;2.7
654;Saint Helena;Final consumption of renewable energy (PJ) - Heat raising;Renewables;Energy Balances, UN Statistics Division (2024);0;0;0;0;0;0;0;0;0;0;0;0;0;0;0;0;0;0;0;0;0;0;0;0;0;0;0;0;0;0;0;0;0
654;Saint Helena;Final consumption of renewable energy (PJ) - Transport;Renewables;Energy Balances, UN Statistics Division (2024);0;0;0;0;0;0;0;0;0;0;0;0;0;0;0;0;0;0;0;0;0;0;0;0;0;0;0;0;0;0;0;0;0
654;Saint Helena;Final consumption of renewable energy (PJ) - Electricity consumption;Renewables;Energy Balances, UN Statistics Division (2024);0;0;0;0;0;0;0;0;0;0;0;0;0;0;0;0;0;0;0;0;0;0;0;0;0;0;0;0;0;0;0;0;0
659;Saint Kitts and Nevis;Total final energy consumption (PJ);Total;Energy Balances, UN Statistics Division (2024);1.6;1.5;1.5;1.6;1.8;1.7;1.7;1.8;1.9;1.8;1.9;1.9;2.1;2.1;2.3;2;1.6;1.6;1.7;1.7;1.7;1.8;1.8;1.8;1.8;1.9;1.9;1.9;2;2;1.9;1.9;2
659;Saint Kitts and Nevis;Share in total final energy consumption (%);Renewables;Energy Balances, UN Statistics Division (2024);39.9;33.9;33.6;38.6;41.1;36.5;30.4;33.9;32;27.3;26.4;26;24.3;26.3;22;25.3;0;0;0;0;1;0.9;1.3;1.4;1.6;1.6;1.7;1.3;1.3;1.3;1.6;1.6;1.5
659;Saint Kitts and Nevis;Share in total final energy consumption (%);Modern renewables;Energy Balances, UN Statistics Division (2024);39.9;33.9;33.6;38.6;41.1;36.5;30.4;33.9;32;27.3;26.4;26;24.3;26.3;22;25.3;0;0;0;0;1;0.9;1.3;1.4;1.6;1.6;1.7;1.3;1.3;1.3;1.6;1.6;1.5
659;Saint Kitts and Nevis;Share in total final energy consumption (%);Municipal waste (renew);Energy Balances, UN Statistics Division (2024);0;0;0;0;0;0;0;0;0;0;0;0;0;0;0;0;0;0;0;0;0;0;0;0;0;0;0;0;0;0;0;0;0
659;Saint Kitts and Nevis;Share in total final energy consumption (%);Liquid biofuels;Energy Balances, UN Statistics Division (2024);0;0;0;0;0;0;0;0;0;0;0;0;0;0;0;0;0;0;0;0;0;0;0;0;0;0;0;0;0;0;0;0;0
659;Saint Kitts and Nevis;Share in total final energy consumption (%);Solid biofuels;Energy Balances, UN Statistics Division (2024);39.9;33.9;33.6;38.6;41.1;36.5;30.4;33.9;32;27.3;26.4;26;24.3;26.3;22;25.3;0;0;0;0;0;0;0;0;0;0;0;0;0;0;0;0;0
659;Saint Kitts and Nevis;Share in total final energy consumption (%);Biogases;Energy Balances, UN Statistics Division (2024);0;0;0;0;0;0;0;0;0;0;0;0;0;0;0;0;0;0;0;0;0;0;0;0;0;0;0;0;0;0;0;0;0
659;Saint Kitts and Nevis;Share in total final energy consumption (%);Hydro;Energy Balances, UN Statistics Division (2024);0;0;0;0;0;0;0;0;0;0;0;0;0;0;0;0;0;0;0;0;0;0;0;0;0;0;0;0;0;0;0;0;0
659;Saint Kitts and Nevis;Share in total final energy consumption (%);Geothermal;Energy Balances, UN Statistics Division (2024);0;0;0;0;0;0;0;0;0;0;0;0;0;0;0;0;0;0;0;0;0;0;0;0;0;0;0;0;0;0;0;0;0
659;Saint Kitts and Nevis;Share in total final energy consumption (%);Tide, wave and ocean;Energy Balances, UN Statistics Division (2024);0;0;0;0;0;0;0;0;0;0;0;0;0;0;0;0;0;0;0;0;0;0;0;0;0;0;0;0;0;0;0;0;0
659;Saint Kitts and Nevis;Share in total final energy consumption (%);Wind;Energy Balances, UN Statistics Division (2024);0;0;0;0;0;0;0;0;0;0;0;0;0;0;0;0;0;0;0;0;1;0.9;1.3;1.3;1.2;1.2;1.2;0.8;0.8;0.8;0.9;0.9;0.8
659;Saint Kitts and Nevis;Share in total final energy consumption (%);Solar;Energy Balances, UN Statistics Division (2024);0;0;0;0;0;0;0;0;0;0;0;0;0;0;0;0;0;0;0;0;0;0;0;0.1;0.4;0.4;0.5;0.5;0.5;0.5;0.7;0.7;0.7
659;Saint Kitts and Nevis;Final consumption of renewable energy (PJ) - Heat raising;Renewables;Energy Balances, UN Statistics Division (2024);0.6;0.5;0.5;0.6;0.8;0.6;0.5;0.6;0.6;0.5;0.5;0.5;0.5;0.6;0.5;0.5;0;0;0;0;0;0;0;0;0;0;0;0;0;0;0;0;0
659;Saint Kitts and Nevis;Final consumption of renewable energy (PJ) - Transport;Renewables;Energy Balances, UN Statistics Division (2024);0;0;0;0;0;0;0;0;0;0;0;0;0;0;0;0;0;0;0;0;0;0;0;0;0;0;0;0;0;0;0;0;0
659;Saint Kitts and Nevis;Final consumption of renewable energy (PJ) - Electricity consumption;Renewables;Energy Balances, UN Statistics Division (2024);0;0;0;0;0;0;0;0;0;0;0;0;0;0;0;0;0;0;0;0;0;0;0;0;0;0;0;0;0;0;0;0;0
662;Saint Lucia;Total final energy consumption (PJ);Total;Energy Balances, UN Statistics Division (2024);2.8;2.9;3.2;3.5;3.7;3.8;4.1;4;4.3;4.4;4.4;4.6;4.5;4.7;4.9;4.7;4.9;4.9;5;4.9;5.4;5.3;5.4;5.3;5.3;5.2;5.2;5.5;5.5;5.4;5.3;5.7;5.7
662;Saint Lucia;Share in total final energy consumption (%);Renewables;Energy Balances, UN Statistics Division (2024);43.2;41.2;36.7;33.8;30.8;29.7;27.4;27.7;25.1;24;24.1;22.2;21.7;20;18.4;18.4;16.9;16.3;15.5;15.1;13.2;12.9;12.4;12.1;11.7;11.5;11.2;10.2;10.2;10.1;10;9.7;9.8
662;Saint Lucia;Share in total final energy consumption (%);Modern renewables;Energy Balances, UN Statistics Division (2024);0;0;0;0;0;0;0;0;0;0;0;0;0;0;0;0;0;0;0;0;0;0;0;0;0;0;0;0;0.3;0.4;0.4;0.4;0.4
662;Saint Lucia;Share in total final energy consumption (%);Municipal waste (renew);Energy Balances, UN Statistics Division (2024);0;0;0;0;0;0;0;0;0;0;0;0;0;0;0;0;0;0;0;0;0;0;0;0;0;0;0;0;0;0;0;0;0
662;Saint Lucia;Share in total final energy consumption (%);Liquid biofuels;Energy Balances, UN Statistics Division (2024);0;0;0;0;0;0;0;0;0;0;0;0;0;0;0;0;0;0;0;0;0;0;0;0;0;0;0;0;0;0;0;0;0
662;Saint Lucia;Share in total final energy consumption (%);Solid biofuels;Energy Balances, UN Statistics Division (2024);43.2;41.2;36.7;33.8;30.8;29.7;27.4;27.7;25.1;24;24.1;22.2;21.7;20;18.4;18.4;16.9;16.3;15.5;15.1;13.2;12.9;12.4;12.1;11.7;11.5;11.2;10.2;9.9;9.6;9.6;9.3;9.4
662;Saint Lucia;Share in total final energy consumption (%);Biogases;Energy Balances, UN Statistics Division (2024);0;0;0;0;0;0;0;0;0;0;0;0;0;0;0;0;0;0;0;0;0;0;0;0;0;0;0;0;0;0;0;0;0
662;Saint Lucia;Share in total final energy consumption (%);Hydro;Energy Balances, UN Statistics Division (2024);0;0;0;0;0;0;0;0;0;0;0;0;0;0;0;0;0;0;0;0;0;0;0;0;0;0;0;0;0;0;0;0;0
662;Saint Lucia;Share in total final energy consumption (%);Geothermal;Energy Balances, UN Statistics Division (2024);0;0;0;0;0;0;0;0;0;0;0;0;0;0;0;0;0;0;0;0;0;0;0;0;0;0;0;0;0;0;0;0;0
662;Saint Lucia;Share in total final energy consumption (%);Tide, wave and ocean;Energy Balances, UN Statistics Division (2024);0;0;0;0;0;0;0;0;0;0;0;0;0;0;0;0;0;0;0;0;0;0;0;0;0;0;0;0;0;0;0;0;0
662;Saint Lucia;Share in total final energy consumption (%);Wind;Energy Balances, UN Statistics Division (2024);0;0;0;0;0;0;0;0;0;0;0;0;0;0;0;0;0;0;0;0;0;0;0;0;0;0;0;0;0;0;0;0;0
662;Saint Lucia;Share in total final energy consumption (%);Solar;Energy Balances, UN Statistics Division (2024);0;0;0;0;0;0;0;0;0;0;0;0;0;0;0;0;0;0;0;0;0;0;0;0;0;0;0;0;0.3;0.4;0.4;0.4;0.4
662;Saint Lucia;Final consumption of renewable energy (PJ) - Heat raising;Renewables;Energy Balances, UN Statistics Division (2024);1.2;1.2;1.2;1.2;1.1;1.1;1.1;1.1;1.1;1.1;1.1;1;1;0.9;0.9;0.9;0.8;0.8;0.8;0.7;0.7;0.7;0.7;0.6;0.6;0.6;0.6;0.6;0.5;0.5;0.5;0.5;0.5
662;Saint Lucia;Final consumption of renewable energy (PJ) - Transport;Renewables;Energy Balances, UN Statistics Division (2024);0;0;0;0;0;0;0;0;0;0;0;0;0;0;0;0;0;0;0;0;0;0;0;0;0;0;0;0;0;0;0;0;0
662;Saint Lucia;Final consumption of renewable energy (PJ) - Electricity consumption;Renewables;Energy Balances, UN Statistics Division (2024);0;0;0;0;0;0;0;0;0;0;0;0;0;0;0;0;0;0;0;0;0;0;0;0;0;0;0;0;0;0;0;0;0
663;Saint Martin (French part);Total final energy consumption (PJ);Total;Energy Balances, UN Statistics Division (2024);0;0;0;0;0;0;0;0;0;0;0;0;0;0;0;0;0;0;0;0;0;5.1;5.1;5;5;5;4.9;4.8;4.7;4.7;4.7;4.6;4.6
663;Saint Martin (French part);Share in total final energy consumption (%);Renewables;Energy Balances, UN Statistics Division (2024);0;0;0;0;0;0;0;0;0;0;0;0;0;0;0;0;0;0;0;0;0;0;0;0.2;0.2;0.3;0.2;0;0;0;0.1;0.1;0.1
663;Saint Martin (French part);Share in total final energy consumption (%);Modern renewables;Energy Balances, UN Statistics Division (2024);0;0;0;0;0;0;0;0;0;0;0;0;0;0;0;0;0;0;0;0;0;0;0;0.2;0.2;0.3;0.2;0;0;0;0.1;0.1;0.1
663;Saint Martin (French part);Share in total final energy consumption (%);Municipal waste (renew);Energy Balances, UN Statistics Division (2024);0;0;0;0;0;0;0;0;0;0;0;0;0;0;0;0;0;0;0;0;0;0;0;0;0;0;0;0;0;0;0;0;0
663;Saint Martin (French part);Share in total final energy consumption (%);Liquid biofuels;Energy Balances, UN Statistics Division (2024);0;0;0;0;0;0;0;0;0;0;0;0;0;0;0;0;0;0;0;0;0;0;0;0;0;0;0;0;0;0;0;0;0
663;Saint Martin (French part);Share in total final energy consumption (%);Solid biofuels;Energy Balances, UN Statistics Division (2024);0;0;0;0;0;0;0;0;0;0;0;0;0;0;0;0;0;0;0;0;0;0;0;0;0;0;0;0;0;0;0;0;0
663;Saint Martin (French part);Share in total final energy consumption (%);Biogases;Energy Balances, UN Statistics Division (2024);0;0;0;0;0;0;0;0;0;0;0;0;0;0;0;0;0;0;0;0;0;0;0;0;0;0;0;0;0;0;0;0;0
663;Saint Martin (French part);Share in total final energy consumption (%);Hydro;Energy Balances, UN Statistics Division (2024);0;0;0;0;0;0;0;0;0;0;0;0;0;0;0;0;0;0;0;0;0;0;0;0;0;0;0;0;0;0;0;0;0
663;Saint Martin (French part);Share in total final energy consumption (%);Geothermal;Energy Balances, UN Statistics Division (2024);0;0;0;0;0;0;0;0;0;0;0;0;0;0;0;0;0;0;0;0;0;0;0;0;0;0;0;0;0;0;0;0;0
663;Saint Martin (French part);Share in total final energy consumption (%);Tide, wave and ocean;Energy Balances, UN Statistics Division (2024);0;0;0;0;0;0;0;0;0;0;0;0;0;0;0;0;0;0;0;0;0;0;0;0;0;0;0;0;0;0;0;0;0
663;Saint Martin (French part);Share in total final energy consumption (%);Wind;Energy Balances, UN Statistics Division (2024);0;0;0;0;0;0;0;0;0;0;0;0;0;0;0;0;0;0;0;0;0;0;0;0;0;0;0;0;0;0;0;0;0
663;Saint Martin (French part);Share in total final energy consumption (%);Solar;Energy Balances, UN Statistics Division (2024);0;0;0;0;0;0;0;0;0;0;0;0;0;0;0;0;0;0;0;0;0;0;0;0.2;0.2;0.3;0.2;0;0;0;0.1;0.1;0.1
663;Saint Martin (French part);Final consumption of renewable energy (PJ) - Heat raising;Renewables;Energy Balances, UN Statistics Division (2024);0;0;0;0;0;0;0;0;0;0;0;0;0;0;0;0;0;0;0;0;0;0;0;0;0;0;0;0;0;0;0;0;0
663;Saint Martin (French part);Final consumption of renewable energy (PJ) - Transport;Renewables;Energy Balances, UN Statistics Division (2024);0;0;0;0;0;0;0;0;0;0;0;0;0;0;0;0;0;0;0;0;0;0;0;0;0;0;0;0;0;0;0;0;0
663;Saint Martin (French part);Final consumption of renewable energy (PJ) - Electricity consumption;Renewables;Energy Balances, UN Statistics Division (2024);0;0;0;0;0;0;0;0;0;0;0;0;0;0;0;0;0;0;0;0;0;0;0;0;0;0;0;0;0;0;0;0;0
666;Saint Pierre and Miquelon;Total final energy consumption (PJ);Total;Energy Balances, UN Statistics Division (2024);0.4;0.4;0.4;0.4;0.5;0.5;0.5;0.4;0.5;0.5;0.5;0.5;0.5;0.6;0.5;0.6;0.6;0.6;0.6;0.6;0.6;0.6;0.6;0.6;0.6;0.6;0.6;0.6;0.5;0.6;0.6;0.5;0.5
666;Saint Pierre and Miquelon;Share in total final energy consumption (%);Renewables;Energy Balances, UN Statistics Division (2024);0;0;0;0;0;0;0;0;0;0;0.4;0.5;0.4;0.4;0.4;1.4;1.4;1.9;1.5;1.4;1.6;1.6;1.4;1.5;1;1;0.9;0.9;1.1;0.9;1.1;1.2;1.2
666;Saint Pierre and Miquelon;Share in total final energy consumption (%);Modern renewables;Energy Balances, UN Statistics Division (2024);0;0;0;0;0;0;0;0;0;0;0.4;0.5;0.4;0.4;0.4;0.4;0.4;1;0.5;0.5;0.6;0.7;0.5;0.6;0;0;0;0;0;0;0.1;0.1;0
666;Saint Pierre and Miquelon;Share in total final energy consumption (%);Municipal waste (renew);Energy Balances, UN Statistics Division (2024);0;0;0;0;0;0;0;0;0;0;0;0;0;0;0;0;0;0;0;0;0;0;0;0;0;0;0;0;0;0;0;0;0
666;Saint Pierre and Miquelon;Share in total final energy consumption (%);Liquid biofuels;Energy Balances, UN Statistics Division (2024);0;0;0;0;0;0;0;0;0;0;0;0;0;0;0;0;0;0;0;0;0;0;0;0;0;0;0;0;0;0;0;0;0
666;Saint Pierre and Miquelon;Share in total final energy consumption (%);Solid biofuels;Energy Balances, UN Statistics Division (2024);0;0;0;0;0;0;0;0;0;0;0;0;0;0;0;1;0.9;0.9;1;1;0.9;0.9;0.9;0.9;0.9;1;0.9;0.9;1.1;0.9;1.1;1.2;1.2
666;Saint Pierre and Miquelon;Share in total final energy consumption (%);Biogases;Energy Balances, UN Statistics Division (2024);0;0;0;0;0;0;0;0;0;0;0;0;0;0;0;0;0;0;0;0;0;0;0;0;0;0;0;0;0;0;0;0;0
666;Saint Pierre and Miquelon;Share in total final energy consumption (%);Hydro;Energy Balances, UN Statistics Division (2024);0;0;0;0;0;0;0;0;0;0;0;0;0;0;0;0;0;0;0;0;0;0;0;0;0;0;0;0;0;0;0;0;0
666;Saint Pierre and Miquelon;Share in total final energy consumption (%);Geothermal;Energy Balances, UN Statistics Division (2024);0;0;0;0;0;0;0;0;0;0;0;0;0;0;0;0;0;0;0;0;0;0;0;0;0;0;0;0;0;0;0;0;0
666;Saint Pierre and Miquelon;Share in total final energy consumption (%);Tide, wave and ocean;Energy Balances, UN Statistics Division (2024);0;0;0;0;0;0;0;0;0;0;0;0;0;0;0;0;0;0;0;0;0;0;0;0;0;0;0;0;0;0;0;0;0
666;Saint Pierre and Miquelon;Share in total final energy consumption (%);Wind;Energy Balances, UN Statistics Division (2024);0;0;0;0;0;0;0;0;0;0;0.4;0.5;0.4;0.4;0.4;0.4;0.4;1;0.5;0.5;0.6;0.7;0.5;0.6;0;0;0;0;0;0;0;0;0
666;Saint Pierre and Miquelon;Share in total final energy consumption (%);Solar;Energy Balances, UN Statistics Division (2024);0;0;0;0;0;0;0;0;0;0;0;0;0;0;0;0;0;0;0;0;0;0;0;0;0;0;0;0;0;0;0;0;0
666;Saint Pierre and Miquelon;Final consumption of renewable energy (PJ) - Heat raising;Renewables;Energy Balances, UN Statistics Division (2024);0;0;0;0;0;0;0;0;0;0;0;0;0;0;0;0;0;0;0;0;0;0;0;0;0;0;0;0;0;0;0;0;0
666;Saint Pierre and Miquelon;Final consumption of renewable energy (PJ) - Transport;Renewables;Energy Balances, UN Statistics Division (2024);0;0;0;0;0;0;0;0;0;0;0;0;0;0;0;0;0;0;0;0;0;0;0;0;0;0;0;0;0;0;0;0;0
666;Saint Pierre and Miquelon;Final consumption of renewable energy (PJ) - Electricity consumption;Renewables;Energy Balances, UN Statistics Division (2024);0;0;0;0;0;0;0;0;0;0;0;0;0;0;0;0;0;0;0;0;0;0;0;0;0;0;0;0;0;0;0;0;0
670;Saint Vincent and the Grenadines;Total final energy consumption (PJ);Total;Energy Balances, UN Statistics Division (2024);1;1;1.1;1.2;1.3;1.5;1.5;1.6;1.9;1.9;1.7;2;2.2;2.3;2.6;2.5;2.5;2.7;2.5;3.3;2.5;2.5;2.7;2.5;2.9;2.7;2.7;2.4;2.8;2.5;2.7;2.7;2.8
670;Saint Vincent and the Grenadines;Share in total final energy consumption (%);Renewables;Energy Balances, UN Statistics Division (2024);15.4;11.6;13.2;12.3;10.5;9.1;9;8.8;7.2;6.5;8.5;6.2;6.1;5.6;5.9;5.8;5.3;4.7;5.3;4.1;5.1;6.1;5;5.4;3.3;4.3;4.1;5.3;4.9;5.4;5.2;5;5.1
670;Saint Vincent and the Grenadines;Share in total final energy consumption (%);Modern renewables;Energy Balances, UN Statistics Division (2024);8;4.2;6.3;6.3;5.2;4.4;4.3;4.3;3.6;2.9;4.5;2.9;3.1;2.9;3.4;3.3;2.8;2.5;3;2.3;2.8;3.8;2.9;3;1.4;2.2;2;2.9;3;3.2;3.3;3;3.1
670;Saint Vincent and the Grenadines;Share in total final energy consumption (%);Municipal waste (renew);Energy Balances, UN Statistics Division (2024);0;0;0;0;0;0;0;0;0;0;0;0;0;0;0;0;0;0;0;0;0;0;0;0;0;0;0;0;0;0;0;0;0
670;Saint Vincent and the Grenadines;Share in total final energy consumption (%);Liquid biofuels;Energy Balances, UN Statistics Division (2024);0;0;0;0;0;0;0;0;0;0;0;0;0;0;0;0;0;0;0;0;0;0;0;0;0;0;0;0;0;0;0;0;0
670;Saint Vincent and the Grenadines;Share in total final energy consumption (%);Solid biofuels;Energy Balances, UN Statistics Division (2024);7.5;7.4;6.9;6;5.3;4.7;4.7;4.4;3.5;3.6;4;3.3;2.9;2.8;2.5;2.5;2.5;2.2;2.4;1.8;2.3;2.3;2.2;2.3;2;2.1;2.1;2.3;2;2.2;2;2.1;2
670;Saint Vincent and the Grenadines;Share in total final energy consumption (%);Biogases;Energy Balances, UN Statistics Division (2024);0;0;0;0;0;0;0;0;0;0;0;0;0;0;0;0;0;0;0;0;0;0;0;0;0;0;0;0;0;0;0;0;0
670;Saint Vincent and the Grenadines;Share in total final energy consumption (%);Hydro;Energy Balances, UN Statistics Division (2024);8;4.2;6.3;6.3;5.2;4.4;4.3;4.3;3.6;2.9;4.5;2.9;3.1;2.9;3.4;3.3;2.8;2.5;3;2.3;2.8;3.8;2.9;3;1.3;2;1.9;2.8;2.7;2.8;2.6;2.5;2.6
670;Saint Vincent and the Grenadines;Share in total final energy consumption (%);Geothermal;Energy Balances, UN Statistics Division (2024);0;0;0;0;0;0;0;0;0;0;0;0;0;0;0;0;0;0;0;0;0;0;0;0;0;0;0;0;0;0;0;0;0
670;Saint Vincent and the Grenadines;Share in total final energy consumption (%);Tide, wave and ocean;Energy Balances, UN Statistics Division (2024);0;0;0;0;0;0;0;0;0;0;0;0;0;0;0;0;0;0;0;0;0;0;0;0;0;0;0;0;0;0;0;0;0
670;Saint Vincent and the Grenadines;Share in total final energy consumption (%);Wind;Energy Balances, UN Statistics Division (2024);0;0;0;0;0;0;0;0;0;0;0;0;0;0;0;0;0;0;0;0;0;0;0;0;0;0;0;0;0;0;0;0;0
670;Saint Vincent and the Grenadines;Share in total final energy consumption (%);Solar;Energy Balances, UN Statistics Division (2024);0;0;0;0;0;0;0;0;0;0;0;0;0;0;0;0;0;0;0;0;0;0;0;0;0.1;0.1;0.1;0.2;0.2;0.3;0.6;0.5;0.5
670;Saint Vincent and the Grenadines;Final consumption of renewable energy (PJ) - Heat raising;Renewables;Energy Balances, UN Statistics Division (2024);0.1;0.1;0.1;0.1;0.1;0.1;0.1;0.1;0.1;0.1;0.1;0.1;0.1;0.1;0.1;0.1;0.1;0.1;0.1;0.1;0.1;0.1;0.1;0.1;0.1;0.1;0.1;0.1;0.1;0.1;0.1;0.1;0.1
670;Saint Vincent and the Grenadines;Final consumption of renewable energy (PJ) - Transport;Renewables;Energy Balances, UN Statistics Division (2024);0;0;0;0;0;0;0;0;0;0;0;0;0;0;0;0;0;0;0;0;0;0;0;0;0;0;0;0;0;0;0;0;0
670;Saint Vincent and the Grenadines;Final consumption of renewable energy (PJ) - Electricity consumption;Renewables;Energy Balances, UN Statistics Division (2024);0.1;0;0.1;0.1;0.1;0.1;0.1;0.1;0.1;0.1;0.1;0.1;0.1;0.1;0.1;0.1;0.1;0.1;0.1;0.1;0.1;0.1;0.1;0.1;0;0.1;0.1;0.1;0.1;0.1;0.1;0.1;0.1
882;Samoa;Total final energy consumption (PJ);Total;Energy Balances, UN Statistics Division (2024);2.6;2.8;2.9;3.1;3.2;3.4;3.5;3.7;3.8;3.9;4;3.7;3.8;3.9;3.8;3.9;3.6;3.7;3.4;3.5;3.7;3.6;3.7;3.7;3.8;4.2;4.4;4.2;4.3;4.6;4.5;4.5;4.2
882;Samoa;Share in total final energy consumption (%);Renewables;Energy Balances, UN Statistics Division (2024);64;61.8;60.6;59.3;60;58.6;58.2;59.1;58;57.9;59.7;52.4;49.6;52.4;48.8;48.9;46;43.2;45;43.2;41.9;40.6;40.2;42.7;41.4;37.1;36.8;35.2;35.6;33.7;33.8;30.5;31.7
882;Samoa;Share in total final energy consumption (%);Modern renewables;Energy Balances, UN Statistics Division (2024);16.2;15.9;16.6;17.3;19.3;19.2;19.3;20.9;20.4;20.5;22.9;13.1;11.1;16.3;12;13.4;8;7;7.4;5.7;9.3;3.2;3.3;2.9;2.7;2.8;3.7;3.8;5.1;5.3;4.9;5.7;4.7
882;Samoa;Share in total final energy consumption (%);Municipal waste (renew);Energy Balances, UN Statistics Division (2024);0;0;0;0;0;0;0;0;0;0;0;0;0;0;0;0;0;0;0;0;0;0;0;0;0;0;0;0;0;0;0;0;0
882;Samoa;Share in total final energy consumption (%);Liquid biofuels;Energy Balances, UN Statistics Division (2024);0;0;0;0;0;0;0;0;0;0;0;0;0;0;0;0;0;0;0;0.1;0.1;0;0;0;0;0;0;0;0;0;0;0;0
882;Samoa;Share in total final energy consumption (%);Solid biofuels;Energy Balances, UN Statistics Division (2024);60.8;58.8;57.1;56;55.5;54.3;54.6;54.6;54.8;54.2;56.3;49.3;45.9;48.6;45.2;45;41.9;38.6;40.4;39.1;37.6;37.6;37.2;40;38.9;34.4;33.2;31.5;30.6;28.5;29.1;25;27.2
882;Samoa;Share in total final energy consumption (%);Biogases;Energy Balances, UN Statistics Division (2024);0;0;0;0;0;0;0;0;0;0;0;0;0;0;0;0;0;0;0;0;0;0;0;0;0;0;0;0;0;0;0;0;0
882;Samoa;Share in total final energy consumption (%);Hydro;Energy Balances, UN Statistics Division (2024);3.2;3;3.5;3.3;4.6;4.3;3.6;4.5;3.2;3.7;3.4;3.1;3.7;3.8;3.6;3.9;4;4.5;4.5;4;4.2;2.9;3;2.6;2.4;2.3;2.4;2.1;3.3;3.5;3;3.9;2.7
882;Samoa;Share in total final energy consumption (%);Geothermal;Energy Balances, UN Statistics Division (2024);0;0;0;0;0;0;0;0;0;0;0;0;0;0;0;0;0;0;0;0;0;0;0;0;0;0;0;0;0;0;0;0;0
882;Samoa;Share in total final energy consumption (%);Tide, wave and ocean;Energy Balances, UN Statistics Division (2024);0;0;0;0;0;0;0;0;0;0;0;0;0;0;0;0;0;0;0;0;0;0;0;0;0;0;0;0;0;0;0;0;0
882;Samoa;Share in total final energy consumption (%);Wind;Energy Balances, UN Statistics Division (2024);0;0;0;0;0;0;0;0;0;0;0;0;0;0;0;0;0;0;0;0;0;0;0;0;0;0;0;0;0;0;0;0;0
882;Samoa;Share in total final energy consumption (%);Solar;Energy Balances, UN Statistics Division (2024);0;0;0;0;0;0;0;0;0;0;0;0;0;0;0;0;0;0;0.1;0.1;0.1;0.1;0.1;0.1;0.1;0.3;1.2;1.6;1.7;1.7;1.8;1.6;1.8
882;Samoa;Final consumption of renewable energy (PJ) - Heat raising;Renewables;Energy Balances, UN Statistics Division (2024);1.6;1.6;1.7;1.7;1.8;1.8;1.9;2;2.1;2.1;2.3;1.8;1.7;1.9;1.7;1.8;1.5;1.4;1.4;1.4;1.4;1.4;1.4;1.5;1.5;1.5;1.5;1.3;1.3;1.3;1.3;1.1;1.1
882;Samoa;Final consumption of renewable energy (PJ) - Transport;Renewables;Energy Balances, UN Statistics Division (2024);0;0;0;0;0;0;0;0;0;0;0;0;0;0;0;0;0;0;0;0;0;0;0;0;0;0;0;0;0;0;0;0;0
882;Samoa;Final consumption of renewable energy (PJ) - Electricity consumption;Renewables;Energy Balances, UN Statistics Division (2024);0.1;0.1;0.1;0.1;0.2;0.1;0.1;0.2;0.1;0.1;0.1;0.1;0.1;0.1;0.1;0.2;0.1;0.2;0.2;0.1;0.2;0.1;0.1;0.1;0.1;0.1;0.2;0.2;0.2;0.2;0.2;0.2;0.2
678;Sao Tome and Principe;Total final energy consumption (PJ);Total;Energy Balances, UN Statistics Division (2024);1.2;1.2;1.2;1.2;1.2;1.2;1.2;1.2;1.3;1.2;1.3;1.3;1.3;1.4;1.5;1.5;1.6;1.6;1.7;1.7;1.8;1.8;1.8;1.7;1.9;2;2.1;2;2;1.8;2;2;1.9
678;Sao Tome and Principe;Share in total final energy consumption (%);Renewables;Energy Balances, UN Statistics Division (2024);50.9;50.9;54.2;54.5;53.4;53.9;55.6;56.1;55.1;56.7;54.7;55.5;55.3;51.8;48.9;47.9;47.3;47.7;46;45.4;38.2;42.4;40.2;42.8;38.4;39.2;38.1;39.2;40.6;38.6;41.4;40.9;42
678;Sao Tome and Principe;Share in total final energy consumption (%);Modern renewables;Energy Balances, UN Statistics Division (2024);1.6;1.6;1.4;1.5;1.3;1.2;1.2;1.2;1.2;1.6;1.3;1;1.2;1.4;1;0.7;1.3;1.6;1.2;1.1;0.9;1;1;1;1.1;0.9;0.8;0.7;0.9;1;0.8;0.8;0.5
678;Sao Tome and Principe;Share in total final energy consumption (%);Municipal waste (renew);Energy Balances, UN Statistics Division (2024);0;0;0;0;0;0;0;0;0;0;0;0;0;0;0;0;0;0;0;0;0;0;0;0;0;0;0;0;0;0;0;0;0
678;Sao Tome and Principe;Share in total final energy consumption (%);Liquid biofuels;Energy Balances, UN Statistics Division (2024);0;0;0;0;0;0;0;0;0;0;0;0;0;0;0;0;0;0;0;0;0;0;0;0;0;0;0;0;0;0;0;0;0
678;Sao Tome and Principe;Share in total final energy consumption (%);Solid biofuels;Energy Balances, UN Statistics Division (2024);49.3;49.3;52.8;53;52.2;52.7;54.4;54.8;53.9;55;53.4;54.5;54.2;50.4;47.9;47.3;46.1;46.1;44.8;44.3;37.5;41.6;39.4;42;37.5;38.5;37.4;38.7;39.9;37.9;40.8;40.3;41.7
678;Sao Tome and Principe;Share in total final energy consumption (%);Biogases;Energy Balances, UN Statistics Division (2024);0;0;0;0;0;0;0;0;0;0;0;0;0;0;0;0;0;0;0;0;0;0;0;0;0;0;0;0;0;0;0;0;0
678;Sao Tome and Principe;Share in total final energy consumption (%);Hydro;Energy Balances, UN Statistics Division (2024);1.6;1.6;1.4;1.5;1.3;1.2;1.2;1.2;1.2;1.6;1.3;1;1.2;1.4;1;0.7;1.3;1.6;1.2;1.1;0.7;0.8;0.8;0.8;0.9;0.7;0.6;0.5;0.6;0.7;0.6;0.6;0.2
678;Sao Tome and Principe;Share in total final energy consumption (%);Geothermal;Energy Balances, UN Statistics Division (2024);0;0;0;0;0;0;0;0;0;0;0;0;0;0;0;0;0;0;0;0;0;0;0;0;0;0;0;0;0;0;0;0;0
678;Sao Tome and Principe;Share in total final energy consumption (%);Tide, wave and ocean;Energy Balances, UN Statistics Division (2024);0;0;0;0;0;0;0;0;0;0;0;0;0;0;0;0;0;0;0;0;0;0;0;0;0;0;0;0;0;0;0;0;0
678;Sao Tome and Principe;Share in total final energy consumption (%);Wind;Energy Balances, UN Statistics Division (2024);0;0;0;0;0;0;0;0;0;0;0;0;0;0;0;0;0;0;0;0;0;0;0;0;0;0;0;0;0;0;0;0;0
678;Sao Tome and Principe;Share in total final energy consumption (%);Solar;Energy Balances, UN Statistics Division (2024);0;0;0;0;0;0;0;0;0;0;0;0;0;0;0;0;0;0;0;0;0;0;0;0;0;0;0;0;0;0;0;0;0.1
678;Sao Tome and Principe;Final consumption of renewable energy (PJ) - Heat raising;Renewables;Energy Balances, UN Statistics Division (2024);0.6;0.6;0.6;0.6;0.6;0.6;0.7;0.7;0.7;0.7;0.7;0.7;0.7;0.7;0.7;0.7;0.7;0.7;0.7;0.7;0.7;0.8;0.7;0.7;0.7;0.8;0.8;0.8;0.8;0.7;0.8;0.8;0.8
678;Sao Tome and Principe;Final consumption of renewable energy (PJ) - Transport;Renewables;Energy Balances, UN Statistics Division (2024);0;0;0;0;0;0;0;0;0;0;0;0;0;0;0;0;0;0;0;0;0;0;0;0;0;0;0;0;0;0;0;0;0
678;Sao Tome and Principe;Final consumption of renewable energy (PJ) - Electricity consumption;Renewables;Energy Balances, UN Statistics Division (2024);0;0;0;0;0;0;0;0;0;0;0;0;0;0;0;0;0;0;0;0;0;0;0;0;0;0;0;0;0;0;0;0;0
682;Saudi Arabia;Total final energy consumption (PJ);Total;IEA (2024), World Energy Balances;1350;1397.3;1527.5;1588;1746.4;1688.6;1822.9;1793.5;1931.6;1994.8;2060;2090;2289.3;2391.7;2518.6;2627.5;2845.2;3132.1;3444.3;3552.1;3987;4184;4348.5;4424.4;4852.1;5091.1;4851.6;4666.2;4569.6;4525.8;4309.2;4419;4699.4
682;Saudi Arabia;Share in total final energy consumption (%);Renewables;IEA (2024), World Energy Balances;0;0;0;0;0;0;0;0;0;0;0;0;0;0;0;0;0;0;0;0;0;0;0;0;0;0;0;0;0;0;0.1;0.1;0.2
682;Saudi Arabia;Share in total final energy consumption (%);Modern renewables;IEA (2024), World Energy Balances;0;0;0;0;0;0;0;0;0;0;0;0;0;0;0;0;0;0;0;0;0;0;0;0;0;0;0;0;0;0;0.1;0.1;0.1
682;Saudi Arabia;Share in total final energy consumption (%);Municipal waste (renew);IEA (2024), World Energy Balances;0;0;0;0;0;0;0;0;0;0;0;0;0;0;0;0;0;0;0;0;0;0;0;0;0;0;0;0;0;0;0;0;0
682;Saudi Arabia;Share in total final energy consumption (%);Liquid biofuels;IEA (2024), World Energy Balances;0;0;0;0;0;0;0;0;0;0;0;0;0;0;0;0;0;0;0;0;0;0;0;0;0;0;0;0;0;0;0;0;0
682;Saudi Arabia;Share in total final energy consumption (%);Solid biofuels;IEA (2024), World Energy Balances;0;0;0;0;0;0;0;0;0;0;0;0;0;0;0;0;0;0;0;0;0;0;0;0;0;0;0;0;0;0;0;0;0
682;Saudi Arabia;Share in total final energy consumption (%);Biogases;IEA (2024), World Energy Balances;0;0;0;0;0;0;0;0;0;0;0;0;0;0;0;0;0;0;0;0;0;0;0;0;0;0;0;0;0;0;0;0;0
682;Saudi Arabia;Share in total final energy consumption (%);Hydro;IEA (2024), World Energy Balances;0;0;0;0;0;0;0;0;0;0;0;0;0;0;0;0;0;0;0;0;0;0;0;0;0;0;0;0;0;0;0;0;0
682;Saudi Arabia;Share in total final energy consumption (%);Geothermal;IEA (2024), World Energy Balances;0;0;0;0;0;0;0;0;0;0;0;0;0;0;0;0;0;0;0;0;0;0;0;0;0;0;0;0;0;0;0;0;0
682;Saudi Arabia;Share in total final energy consumption (%);Tide, wave and ocean;IEA (2024), World Energy Balances;0;0;0;0;0;0;0;0;0;0;0;0;0;0;0;0;0;0;0;0;0;0;0;0;0;0;0;0;0;0;0;0;0
682;Saudi Arabia;Share in total final energy consumption (%);Wind;IEA (2024), World Energy Balances;0;0;0;0;0;0;0;0;0;0;0;0;0;0;0;0;0;0;0;0;0;0;0;0;0;0;0;0;0;0;0;0;0.1
682;Saudi Arabia;Share in total final energy consumption (%);Solar;IEA (2024), World Energy Balances;0;0;0;0;0;0;0;0;0;0;0;0;0;0;0;0;0;0;0;0;0;0;0;0;0;0;0;0;0;0;0.1;0.1;0.1
682;Saudi Arabia;Final consumption of renewable energy (PJ) - Heat raising;Renewables;IEA (2024), World Energy Balances;0.5;0.5;0.3;0.2;0.5;0.4;0.2;0.2;0.2;0.2;0.2;0.2;0.2;0.2;0.2;0.2;0.2;0.3;0.3;0.3;0.3;0.3;0.3;0.3;0.3;0.3;0.3;0.3;0.3;0.3;0.3;0.3;0.3
682;Saudi Arabia;Final consumption of renewable energy (PJ) - Transport;Renewables;IEA (2024), World Energy Balances;0;0;0;0;0;0;0;0;0;0;0;0;0;0;0;0;0;0;0;0;0;0;0;0;0;0;0;0;0;0;0;0;0
682;Saudi Arabia;Final consumption of renewable energy (PJ) - Electricity consumption;Renewables;IEA (2024), World Energy Balances;0;0;0;0;0;0;0;0;0;0;0;0;0;0;0;0;0;0;0;0;0;0;0;0.1;0.1;0.1;0.1;0.2;0.2;0.9;2.5;2.8;7
686;Senegal;Total final energy consumption (PJ);Total;IEA (2024), World Energy Balances;44.7;45.2;46.9;46.1;46.7;49.4;51.5;54.8;59.5;64.1;59.9;63.6;67.6;67.5;73;71;72.1;84.7;87.3;105.9;105.2;112.2;111.6;105.2;115.6;121.2;126.2;102.8;112.6;119.4;124.5;147;163.3
686;Senegal;Share in total final energy consumption (%);Renewables;IEA (2024), World Energy Balances;55.6;55.3;53.7;55.1;54.8;53.2;52.5;50.7;48;45.8;47.5;45.8;43.8;43.7;39.9;40.3;43.3;40;39.8;51.3;49.5;48;49.6;42.7;42.5;39.1;36.7;36.8;34.2;36.2;38.7;32.5;29.1
686;Senegal;Share in total final energy consumption (%);Modern renewables;IEA (2024), World Energy Balances;0.3;0.3;0.3;0.3;0.3;0.3;0.3;0.2;0.2;0.2;0.2;0.2;0.3;0.2;0.1;0.2;0.2;0.1;0.1;1.6;1.1;1.3;1.4;1.8;1.1;1;1.2;1.1;1.4;4.6;5.2;3.8;3.3
686;Senegal;Share in total final energy consumption (%);Municipal waste (renew);IEA (2024), World Energy Balances;0;0;0;0;0;0;0;0;0;0;0;0;0;0;0;0;0;0;0;0;0;0;0;0;0;0;0;0;0;0;0;0;0
686;Senegal;Share in total final energy consumption (%);Liquid biofuels;IEA (2024), World Energy Balances;0;0;0;0;0;0;0;0;0;0;0;0;0;0;0;0;0;0;0;0;0;0;0;0;0;0;0;0;0;0;0;0;0
686;Senegal;Share in total final energy consumption (%);Solid biofuels;IEA (2024), World Energy Balances;55.6;55.3;53.7;55.1;54.8;53.2;52.5;50.7;48;45.8;47.5;45.8;43.8;43.7;39.9;40.3;43.3;40;39.8;51.3;49.5;48;49.6;42.7;42.5;39.1;36.7;36.5;33.5;35.3;37.3;30.6;27.2
686;Senegal;Share in total final energy consumption (%);Biogases;IEA (2024), World Energy Balances;0;0;0;0;0;0;0;0;0;0;0;0;0;0;0;0;0;0;0;0;0;0;0;0;0;0;0;0;0;0;0;0;0
686;Senegal;Share in total final energy consumption (%);Hydro;IEA (2024), World Energy Balances;0;0;0;0;0;0;0;0;0;0;0;0;0;0;0;0;0;0;0;0;0;0;0;0;0;0;0;0;0;0;0;0;0
686;Senegal;Share in total final energy consumption (%);Geothermal;IEA (2024), World Energy Balances;0;0;0;0;0;0;0;0;0;0;0;0;0;0;0;0;0;0;0;0;0;0;0;0;0;0;0;0;0;0;0;0;0
686;Senegal;Share in total final energy consumption (%);Tide, wave and ocean;IEA (2024), World Energy Balances;0;0;0;0;0;0;0;0;0;0;0;0;0;0;0;0;0;0;0;0;0;0;0;0;0;0;0;0;0;0;0;0;0
686;Senegal;Share in total final energy consumption (%);Wind;IEA (2024), World Energy Balances;0;0;0;0;0;0;0;0;0;0;0;0;0;0;0;0;0;0;0;0;0;0;0;0;0;0;0;0;0;0.1;0.5;0.8;0.8
686;Senegal;Share in total final energy consumption (%);Solar;IEA (2024), World Energy Balances;0;0;0;0;0;0;0;0;0;0;0;0;0;0;0;0;0;0;0;0;0;0;0;0;0;0;0;0.3;0.7;0.8;0.9;1.1;1.2
686;Senegal;Final consumption of renewable energy (PJ) - Heat raising;Renewables;IEA (2024), World Energy Balances;24.7;24.9;25.1;25.3;25.4;26.1;26.9;27.7;28.4;29.3;28.4;29;29.4;29.3;29;28.5;31.1;33.8;34.6;54.2;51.9;53.6;55.2;44.7;48.9;47.2;46.1;37.3;37.5;41.8;46.1;44.6;44
686;Senegal;Final consumption of renewable energy (PJ) - Transport;Renewables;IEA (2024), World Energy Balances;0;0;0;0;0;0;0;0;0;0;0;0;0;0;0;0;0;0;0;0;0;0;0;0;0;0;0;0;0;0;0;0;0
686;Senegal;Final consumption of renewable energy (PJ) - Electricity consumption;Renewables;IEA (2024), World Energy Balances;0.1;0.1;0.1;0.1;0.1;0.1;0.1;0.1;0.1;0.1;0.1;0.1;0.2;0.1;0.1;0.1;0.1;0.1;0.1;0.2;0.2;0.2;0.1;0.2;0.2;0.2;0.2;0.5;1.1;1.4;2;3.2;3.5
688;Serbia;Total final energy consumption (PJ);Total;IEA (2024), World Energy Balances;485.6;403.5;331.3;275.7;262.8;252;362.6;397.4;387.7;290.6;289.3;331.9;359.4;380.9;429.6;391.4;393.2;418.7;383.4;345;366.3;379.7;351.6;342.9;321.3;329.8;343.2;349.8;352.8;350.8;362.4;385.8;394
688;Serbia;Share in total final energy consumption (%);Renewables;IEA (2024), World Energy Balances;14.5;17.2;17.8;19.2;20.9;23.3;18;15.2;15.5;22.1;22.1;19.6;18;15.7;14.6;16.1;15.3;14;15.5;20.7;20.5;17.4;19.5;20;23.2;21.2;20.9;20;21.1;21.4;26;27.2;25
688;Serbia;Share in total final energy consumption (%);Modern renewables;IEA (2024), World Energy Balances;14.5;17.2;17.8;19.2;20.9;23.3;18;15.2;15.5;22.1;22.1;19.6;18;15.7;14.6;16.1;15.3;14;15.5;20.7;20.5;17.4;19.5;20;23.2;21.2;20.9;20;21.1;21.4;26;27.2;25
688;Serbia;Share in total final energy consumption (%);Municipal waste (renew);IEA (2024), World Energy Balances;0;0;0;0;0;0;0;0;0;0;0;0;0;0;0;0;0;0;0;0;0;0;0;0;0;0;0;0;0;0;0;0;0
688;Serbia;Share in total final energy consumption (%);Liquid biofuels;IEA (2024), World Energy Balances;0;0;0;0;0;0;0;0;0;0;0;0;0;0;0;0;0;0;0;0;0;0;0;0;0;0;0;0;0;0;0;0;0
688;Serbia;Share in total final energy consumption (%);Solid biofuels;IEA (2024), World Energy Balances;10.1;10.5;9.5;11.4;11.7;12.2;8.5;7.8;7.9;10.6;11.6;10.1;9.3;8.8;7.8;8.6;8.5;8;8.8;12.8;11.7;11.3;12.2;12.6;13.5;13.1;12.7;12.5;12.4;13.1;18.1;17.8;17.3
688;Serbia;Share in total final energy consumption (%);Biogases;IEA (2024), World Energy Balances;0;0;0;0;0;0;0;0;0;0;0;0;0;0;0;0;0;0;0;0;0;0;0;0;0;0;0.1;0.2;0.2;0.2;0.3;0.4;0.4
688;Serbia;Share in total final energy consumption (%);Hydro;IEA (2024), World Energy Balances;4.4;6.7;8.3;7.8;9.2;11.1;9.5;7.5;7.6;11.5;10.5;9.4;8.7;6.8;6.8;7.5;6.8;6;6.6;7.8;8.7;6.1;7.2;7.4;9.7;8;8.1;7.3;8.3;7.4;6.7;8.2;6.6
688;Serbia;Share in total final energy consumption (%);Geothermal;IEA (2024), World Energy Balances;0;0;0;0;0;0;0;0;0;0;0;0;0;0;0;0;0;0;0.1;0.1;0.1;0.1;0.1;0.1;0.1;0.1;0.1;0.1;0.1;0.1;0.1;0;0
688;Serbia;Share in total final energy consumption (%);Tide, wave and ocean;IEA (2024), World Energy Balances;0;0;0;0;0;0;0;0;0;0;0;0;0;0;0;0;0;0;0;0;0;0;0;0;0;0;0;0;0;0;0;0;0
688;Serbia;Share in total final energy consumption (%);Wind;IEA (2024), World Energy Balances;0;0;0;0;0;0;0;0;0;0;0;0;0;0;0;0;0;0;0;0;0;0;0;0;0;0;0;0;0.1;0.7;0.7;0.8;0.7
688;Serbia;Share in total final energy consumption (%);Solar;IEA (2024), World Energy Balances;0;0;0;0;0;0;0;0;0;0;0;0;0;0;0;0;0;0;0;0;0;0;0;0;0;0;0;0;0;0;0;0;0
688;Serbia;Final consumption of renewable energy (PJ) - Heat raising;Renewables;IEA (2024), World Energy Balances;48.9;42.4;31.5;31.5;30.8;30.8;30.8;30.8;30.8;30.8;33.6;33.6;33.6;33.6;33.6;33.6;33.6;33.6;33.9;44.4;43.2;43.1;43.2;43.3;43.6;43.7;43.8;44.2;44.3;46.5;66.6;69.5;69
688;Serbia;Final consumption of renewable energy (PJ) - Transport;Renewables;IEA (2024), World Energy Balances;0.3;0.4;0.3;0.2;0.3;0.3;0.3;0.3;0.3;0.3;0.3;0.3;0.3;0.2;0.2;0.3;0.3;0.2;0.2;0.5;0.3;0.4;0.5;0.4;0.4;0.3;0.4;0.3;0.4;0.4;0.4;0.5;0.4
688;Serbia;Final consumption of renewable energy (PJ) - Electricity consumption;Renewables;IEA (2024), World Energy Balances;21.3;26.7;27.2;21.3;23.9;27.7;34.1;29.4;29;33.1;30;31;30.8;25.9;29;29.1;26.4;24.9;25.2;26.5;31.5;22.7;24.8;25;30.7;26;27.6;25.5;29.6;28.3;27.2;34.9;29.1
690;Seychelles;Total final energy consumption (PJ);Total;Energy Balances, UN Statistics Division (2024);1.3;1.5;1.5;1.6;1.8;1.7;2.2;2.4;2.6;2.8;2.4;3;3.1;3;3.5;3.1;3;2.9;3.2;3.5;4.1;3.5;3.6;3.5;3.9;4.1;4.8;4.8;5.2;4.9;5;5.2;5.5
690;Seychelles;Share in total final energy consumption (%);Renewables;Energy Balances, UN Statistics Division (2024);4.2;3.5;3.3;3.1;2.8;3;2.3;2.1;1.9;1.8;1.5;1.3;1.1;1.1;1;0.9;0.9;1;0.9;0.8;0.7;0.9;0.8;1.5;1.4;1.4;1.2;1.2;1.2;1.2;1.3;1.7;1.9
690;Seychelles;Share in total final energy consumption (%);Modern renewables;Energy Balances, UN Statistics Division (2024);0;0;0;0;0;0;0;0;0;0;0;0;0;0;0;0;0;0;0;0;0;0;0;0.6;0.6;0.7;0.6;0.6;0.7;0.6;0.8;1.2;1.4
690;Seychelles;Share in total final energy consumption (%);Municipal waste (renew);Energy Balances, UN Statistics Division (2024);0;0;0;0;0;0;0;0;0;0;0;0;0;0;0;0;0;0;0;0;0;0;0;0;0;0;0;0;0;0;0;0;0
690;Seychelles;Share in total final energy consumption (%);Liquid biofuels;Energy Balances, UN Statistics Division (2024);0;0;0;0;0;0;0;0;0;0;0;0;0;0;0;0;0;0;0;0;0;0;0;0;0;0;0;0;0;0;0;0;0
690;Seychelles;Share in total final energy consumption (%);Solid biofuels;Energy Balances, UN Statistics Division (2024);4.2;3.5;3.3;3.1;2.8;3;2.3;2.1;1.9;1.8;1.5;1.3;1.1;1.1;1;0.9;0.9;1;0.9;0.8;0.7;0.9;0.8;0.8;0.7;0.7;0.6;0.6;0.6;0.6;0.6;0.6;0.5
690;Seychelles;Share in total final energy consumption (%);Biogases;Energy Balances, UN Statistics Division (2024);0;0;0;0;0;0;0;0;0;0;0;0;0;0;0;0;0;0;0;0;0;0;0;0;0;0;0;0;0;0;0;0;0
690;Seychelles;Share in total final energy consumption (%);Hydro;Energy Balances, UN Statistics Division (2024);0;0;0;0;0;0;0;0;0;0;0;0;0;0;0;0;0;0;0;0;0;0;0;0;0;0;0;0;0;0;0;0;0
690;Seychelles;Share in total final energy consumption (%);Geothermal;Energy Balances, UN Statistics Division (2024);0;0;0;0;0;0;0;0;0;0;0;0;0;0;0;0;0;0;0;0;0;0;0;0;0;0;0;0;0;0;0;0;0
690;Seychelles;Share in total final energy consumption (%);Tide, wave and ocean;Energy Balances, UN Statistics Division (2024);0;0;0;0;0;0;0;0;0;0;0;0;0;0;0;0;0;0;0;0;0;0;0;0;0;0;0;0;0;0;0;0;0
690;Seychelles;Share in total final energy consumption (%);Wind;Energy Balances, UN Statistics Division (2024);0;0;0;0;0;0;0;0;0;0;0;0;0;0;0;0;0;0;0;0;0;0;0;0.6;0.6;0.5;0.5;0.4;0.5;0.3;0.4;0.3;0.4
690;Seychelles;Share in total final energy consumption (%);Solar;Energy Balances, UN Statistics Division (2024);0;0;0;0;0;0;0;0;0;0;0;0;0;0;0;0;0;0;0;0;0;0;0;0;0.1;0.1;0.2;0.2;0.2;0.3;0.4;0.8;1
690;Seychelles;Final consumption of renewable energy (PJ) - Heat raising;Renewables;Energy Balances, UN Statistics Division (2024);0.1;0.1;0.1;0.1;0.1;0.1;0.1;0.1;0.1;0.1;0;0;0;0;0;0;0;0;0;0;0;0;0;0;0;0;0;0;0;0;0;0;0
690;Seychelles;Final consumption of renewable energy (PJ) - Transport;Renewables;Energy Balances, UN Statistics Division (2024);0;0;0;0;0;0;0;0;0;0;0;0;0;0;0;0;0;0;0;0;0;0;0;0;0;0;0;0;0;0;0;0;0
690;Seychelles;Final consumption of renewable energy (PJ) - Electricity consumption;Renewables;Energy Balances, UN Statistics Division (2024);0;0;0;0;0;0;0;0;0;0;0;0;0;0;0;0;0;0;0;0;0;0;0;0;0;0;0;0;0;0;0;0.1;0.1
694;Sierra Leone;Total final energy consumption (PJ);Total;Energy Balances, UN Statistics Division (2024);41.3;40.5;39.7;38.7;37.9;39;38.6;41.3;42.1;42.9;44.6;45.5;47.1;47.7;47.6;46.7;48.8;47.8;48.2;48.2;49.3;51.7;53.1;56.4;58.1;57.5;58.3;57.8;57.1;58.1;58.8;62.2;62.1
694;Sierra Leone;Share in total final energy consumption (%);Renewables;Energy Balances, UN Statistics Division (2024);92.3;91.8;92.5;93;92.7;93.8;94.3;94.5;94.6;95;93.3;91.2;88;86.5;86.5;88.1;84.4;86.3;86;86.1;84.9;81;79.1;74.6;73;74;73.6;74.4;75.7;74.8;74.2;70.5;70.9
694;Sierra Leone;Share in total final energy consumption (%);Modern renewables;Energy Balances, UN Statistics Division (2024);14;14.4;15;15.7;16.1;17;17.7;18.5;19.1;19.8;20.1;20.2;20;20.1;20.7;21.6;21.2;22.3;22.9;23.5;23.8;23.3;23.1;22.2;22.4;23.1;23.7;24.4;25.2;25.4;25.6;24.8;25.2
694;Sierra Leone;Share in total final energy consumption (%);Municipal waste (renew);Energy Balances, UN Statistics Division (2024);0;0;0;0;0;0;0;0;0;0;0;0;0;0;0;0;0;0;0;0;0;0;0;0;0;0;0;0;0;0;0;0;0
694;Sierra Leone;Share in total final energy consumption (%);Liquid biofuels;Energy Balances, UN Statistics Division (2024);0;0;0;0;0;0;0;0;0;0;0;0;0;0;0;0;0;0;0;0;0;0;0;0;0;0;0;0;0;0;0;0;0
694;Sierra Leone;Share in total final energy consumption (%);Solid biofuels;Energy Balances, UN Statistics Division (2024);92.3;91.8;92.5;93;92.7;93.8;94.3;94.5;94.6;95;93.2;91.1;87.9;86.5;86.5;88;84.3;86.3;85.6;85.8;84.3;80.5;78.6;74.3;72.4;73.4;72.7;73.4;74.6;73.7;73.2;69.5;70
694;Sierra Leone;Share in total final energy consumption (%);Biogases;Energy Balances, UN Statistics Division (2024);0;0;0;0;0;0;0;0;0;0;0;0;0;0;0;0;0;0;0;0;0;0;0;0;0;0;0;0;0;0;0;0;0
694;Sierra Leone;Share in total final energy consumption (%);Hydro;Energy Balances, UN Statistics Division (2024);0;0;0;0;0;0;0;0;0;0;0.1;0.1;0.1;0.1;0.1;0.1;0;0.1;0.4;0.3;0.5;0.5;0.4;0.4;0.7;0.6;0.9;1;1;1.1;1;1;0.9
694;Sierra Leone;Share in total final energy consumption (%);Geothermal;Energy Balances, UN Statistics Division (2024);0;0;0;0;0;0;0;0;0;0;0;0;0;0;0;0;0;0;0;0;0;0;0;0;0;0;0;0;0;0;0;0;0
694;Sierra Leone;Share in total final energy consumption (%);Tide, wave and ocean;Energy Balances, UN Statistics Division (2024);0;0;0;0;0;0;0;0;0;0;0;0;0;0;0;0;0;0;0;0;0;0;0;0;0;0;0;0;0;0;0;0;0
694;Sierra Leone;Share in total final energy consumption (%);Wind;Energy Balances, UN Statistics Division (2024);0;0;0;0;0;0;0;0;0;0;0;0;0;0;0;0;0;0;0;0;0;0;0;0;0;0;0;0;0;0;0;0;0
694;Sierra Leone;Share in total final energy consumption (%);Solar;Energy Balances, UN Statistics Division (2024);0;0;0;0;0;0;0;0;0;0;0;0;0;0;0;0;0;0;0;0;0;0;0;0;0;0;0;0;0;0;0;0;0
694;Sierra Leone;Final consumption of renewable energy (PJ) - Heat raising;Renewables;Energy Balances, UN Statistics Division (2024);38.1;37.2;36.7;35.9;35.1;36.6;36.4;39;39.8;40.7;41.6;41.5;41.4;41.2;41.2;41.2;41.2;41.2;41.3;41.4;41.5;41.6;41.8;41.9;42.1;42.2;42.3;42.5;42.6;42.8;43;43.2;43.4
694;Sierra Leone;Final consumption of renewable energy (PJ) - Transport;Renewables;Energy Balances, UN Statistics Division (2024);0;0;0;0;0;0;0;0;0;0;0;0;0;0;0;0;0;0;0;0;0;0;0;0;0;0;0;0;0;0;0;0;0
694;Sierra Leone;Final consumption of renewable energy (PJ) - Electricity consumption;Renewables;Energy Balances, UN Statistics Division (2024);0;0;0;0;0;0;0;0;0;0;0;0;0;0;0;0;0;0;0.2;0.2;0.3;0.3;0.2;0.2;0.4;0.4;0.6;0.6;0.6;0.6;0.6;0.6;0.6
702;Singapore;Total final energy consumption (PJ);Total;IEA (2024), World Energy Balances;129.6;141.7;134.6;139.2;151.5;160.2;157.9;168.8;170.8;176.2;233.7;239.9;249.3;262.2;274.2;298.7;309.4;324.1;332.1;376.2;410.2;429.5;426.7;445.8;470.2;484.3;472.2;495.4;479.7;484.2;478.1;501;512.4
702;Singapore;Share in total final energy consumption (%);Renewables;IEA (2024), World Energy Balances;0.2;0.5;0.5;0.5;0.5;0.5;0.5;0.4;0.4;0.4;0.3;0.6;0.6;0.6;0.5;0.5;0.5;0.5;0.5;0.5;0.5;0.5;0.5;0.6;0.6;0.6;0.7;0.7;0.8;0.9;0.9;1.1;1.3
702;Singapore;Share in total final energy consumption (%);Modern renewables;IEA (2024), World Energy Balances;0.2;0.5;0.5;0.5;0.5;0.5;0.5;0.4;0.4;0.4;0.3;0.6;0.6;0.6;0.5;0.5;0.5;0.5;0.5;0.5;0.5;0.5;0.5;0.6;0.6;0.6;0.7;0.7;0.8;0.9;0.9;1.1;1.3
702;Singapore;Share in total final energy consumption (%);Municipal waste (renew);IEA (2024), World Energy Balances;0.2;0.5;0.5;0.5;0.5;0.5;0.5;0.4;0.4;0.4;0.3;0.6;0.6;0.6;0.5;0.5;0.5;0.5;0.5;0.5;0.5;0.5;0.5;0.5;0.5;0.4;0.4;0.4;0.4;0.4;0.4;0.4;0.5
702;Singapore;Share in total final energy consumption (%);Liquid biofuels;IEA (2024), World Energy Balances;0;0;0;0;0;0;0;0;0;0;0;0;0;0;0;0;0;0;0;0;0;0;0;0;0;0;0;0;0;0;0;0;0
702;Singapore;Share in total final energy consumption (%);Solid biofuels;IEA (2024), World Energy Balances;0;0;0;0;0;0;0;0;0;0;0;0;0;0;0;0;0;0;0;0;0;0;0;0.1;0.1;0.2;0.2;0.2;0.2;0.2;0.2;0.2;0.2
702;Singapore;Share in total final energy consumption (%);Biogases;IEA (2024), World Energy Balances;0;0;0;0;0;0;0;0;0;0;0;0;0;0;0;0;0;0;0;0;0;0;0;0;0;0;0;0;0;0;0;0;0
702;Singapore;Share in total final energy consumption (%);Hydro;IEA (2024), World Energy Balances;0;0;0;0;0;0;0;0;0;0;0;0;0;0;0;0;0;0;0;0;0;0;0;0;0;0;0;0;0;0;0;0;0
702;Singapore;Share in total final energy consumption (%);Geothermal;IEA (2024), World Energy Balances;0;0;0;0;0;0;0;0;0;0;0;0;0;0;0;0;0;0;0;0;0;0;0;0;0;0;0;0;0;0;0;0;0
702;Singapore;Share in total final energy consumption (%);Tide, wave and ocean;IEA (2024), World Energy Balances;0;0;0;0;0;0;0;0;0;0;0;0;0;0;0;0;0;0;0;0;0;0;0;0;0;0;0;0;0;0;0;0;0
702;Singapore;Share in total final energy consumption (%);Wind;IEA (2024), World Energy Balances;0;0;0;0;0;0;0;0;0;0;0;0;0;0;0;0;0;0;0;0;0;0;0;0;0;0;0;0;0;0;0;0;0
702;Singapore;Share in total final energy consumption (%);Solar;IEA (2024), World Energy Balances;0;0;0;0;0;0;0;0;0;0;0;0;0;0;0;0;0;0;0;0;0;0;0;0;0;0;0.1;0.1;0.2;0.3;0.4;0.5;0.6
702;Singapore;Final consumption of renewable energy (PJ) - Heat raising;Renewables;IEA (2024), World Energy Balances;0;0;0;0;0;0;0;0;0;0;0;0;0;0;0;0;0;0;0;0;0;0;0;0;0;0;0;0;0;0;0;0;0
702;Singapore;Final consumption of renewable energy (PJ) - Transport;Renewables;IEA (2024), World Energy Balances;0;0;0;0;0;0;0;0;0;0;0;0;0;0;0;0.1;0.1;0.1;0.1;0.1;0.1;0.1;0.1;0.1;0.1;0.2;0.2;0.2;0.2;0.3;0.2;0.3;0.4
702;Singapore;Final consumption of renewable energy (PJ) - Electricity consumption;Renewables;IEA (2024), World Energy Balances;0.2;0.7;0.7;0.7;0.7;0.7;0.7;0.7;0.7;0.7;0.8;1.4;1.4;1.5;1.4;1.5;1.5;1.6;1.7;1.7;1.8;1.9;2;2.4;2.6;3;3.2;3.3;3.5;4;4.1;5.2;6.5
534;Sint Maarten (Dutch part);Total final energy consumption (PJ);Total;Energy Balances, UN Statistics Division (2024);NaN;NaN;NaN;NaN;NaN;NaN;NaN;NaN;NaN;NaN;NaN;NaN;NaN;NaN;NaN;NaN;NaN;NaN;NaN;NaN;NaN;NaN;7.5;7.7;7.9;8.1;8.2;7.9;7.7;7.7;7.5;7.7;7.9
534;Sint Maarten (Dutch part);Share in total final energy consumption (%);Renewables;Energy Balances, UN Statistics Division (2024);NaN;NaN;NaN;NaN;NaN;NaN;NaN;NaN;NaN;NaN;NaN;NaN;NaN;NaN;NaN;NaN;NaN;NaN;NaN;NaN;NaN;NaN;0.1;0.1;0;0;0;0;0.1;0.1;0.1;0;0
534;Sint Maarten (Dutch part);Share in total final energy consumption (%);Modern renewables;Energy Balances, UN Statistics Division (2024);NaN;NaN;NaN;NaN;NaN;NaN;NaN;NaN;NaN;NaN;NaN;NaN;NaN;NaN;NaN;NaN;NaN;NaN;NaN;NaN;NaN;NaN;0;0;0;0;0;0;0;0;0;0;0
534;Sint Maarten (Dutch part);Share in total final energy consumption (%);Municipal waste (renew);Energy Balances, UN Statistics Division (2024);NaN;NaN;NaN;NaN;NaN;NaN;NaN;NaN;NaN;NaN;NaN;NaN;NaN;NaN;NaN;NaN;NaN;NaN;NaN;NaN;NaN;NaN;0;0;0;0;0;0;0;0;0;0;0
534;Sint Maarten (Dutch part);Share in total final energy consumption (%);Liquid biofuels;Energy Balances, UN Statistics Division (2024);NaN;NaN;NaN;NaN;NaN;NaN;NaN;NaN;NaN;NaN;NaN;NaN;NaN;NaN;NaN;NaN;NaN;NaN;NaN;NaN;NaN;NaN;0;0;0;0;0;0;0;0;0;0;0
534;Sint Maarten (Dutch part);Share in total final energy consumption (%);Solid biofuels;Energy Balances, UN Statistics Division (2024);NaN;NaN;NaN;NaN;NaN;NaN;NaN;NaN;NaN;NaN;NaN;NaN;NaN;NaN;NaN;NaN;NaN;NaN;NaN;NaN;NaN;NaN;0.1;0.1;0;0;0;0;0.1;0.1;0.1;0;0
534;Sint Maarten (Dutch part);Share in total final energy consumption (%);Biogases;Energy Balances, UN Statistics Division (2024);NaN;NaN;NaN;NaN;NaN;NaN;NaN;NaN;NaN;NaN;NaN;NaN;NaN;NaN;NaN;NaN;NaN;NaN;NaN;NaN;NaN;NaN;0;0;0;0;0;0;0;0;0;0;0
534;Sint Maarten (Dutch part);Share in total final energy consumption (%);Hydro;Energy Balances, UN Statistics Division (2024);NaN;NaN;NaN;NaN;NaN;NaN;NaN;NaN;NaN;NaN;NaN;NaN;NaN;NaN;NaN;NaN;NaN;NaN;NaN;NaN;NaN;NaN;0;0;0;0;0;0;0;0;0;0;0
534;Sint Maarten (Dutch part);Share in total final energy consumption (%);Geothermal;Energy Balances, UN Statistics Division (2024);NaN;NaN;NaN;NaN;NaN;NaN;NaN;NaN;NaN;NaN;NaN;NaN;NaN;NaN;NaN;NaN;NaN;NaN;NaN;NaN;NaN;NaN;0;0;0;0;0;0;0;0;0;0;0
534;Sint Maarten (Dutch part);Share in total final energy consumption (%);Tide, wave and ocean;Energy Balances, UN Statistics Division (2024);NaN;NaN;NaN;NaN;NaN;NaN;NaN;NaN;NaN;NaN;NaN;NaN;NaN;NaN;NaN;NaN;NaN;NaN;NaN;NaN;NaN;NaN;0;0;0;0;0;0;0;0;0;0;0
534;Sint Maarten (Dutch part);Share in total final energy consumption (%);Wind;Energy Balances, UN Statistics Division (2024);NaN;NaN;NaN;NaN;NaN;NaN;NaN;NaN;NaN;NaN;NaN;NaN;NaN;NaN;NaN;NaN;NaN;NaN;NaN;NaN;NaN;NaN;0;0;0;0;0;0;0;0;0;0;0
534;Sint Maarten (Dutch part);Share in total final energy consumption (%);Solar;Energy Balances, UN Statistics Division (2024);NaN;NaN;NaN;NaN;NaN;NaN;NaN;NaN;NaN;NaN;NaN;NaN;NaN;NaN;NaN;NaN;NaN;NaN;NaN;NaN;NaN;NaN;0;0;0;0;0;0;0;0;0;0;0
534;Sint Maarten (Dutch part);Final consumption of renewable energy (PJ) - Heat raising;Renewables;Energy Balances, UN Statistics Division (2024);NaN;NaN;NaN;NaN;NaN;NaN;NaN;NaN;NaN;NaN;NaN;NaN;NaN;NaN;NaN;NaN;NaN;NaN;NaN;NaN;NaN;NaN;0;0;0;0;0;0;0;0;0;0;0
534;Sint Maarten (Dutch part);Final consumption of renewable energy (PJ) - Transport;Renewables;Energy Balances, UN Statistics Division (2024);NaN;NaN;NaN;NaN;NaN;NaN;NaN;NaN;NaN;NaN;NaN;NaN;NaN;NaN;NaN;NaN;NaN;NaN;NaN;NaN;NaN;NaN;0;0;0;0;0;0;0;0;0;0;0
534;Sint Maarten (Dutch part);Final consumption of renewable energy (PJ) - Electricity consumption;Renewables;Energy Balances, UN Statistics Division (2024);NaN;NaN;NaN;NaN;NaN;NaN;NaN;NaN;NaN;NaN;NaN;NaN;NaN;NaN;NaN;NaN;NaN;NaN;NaN;NaN;NaN;NaN;0;0;0;0;0;0;0;0;0;0;0
703;Slovakia;Total final energy consumption (PJ);Total;IEA (2024), World Energy Balances;592.3;503.4;475.9;430.9;417.2;420.7;440.1;436.5;428.5;421.7;421.1;440.5;443.8;422.5;417.6;436.9;422.9;425.9;440.4;404;463.9;435.2;419.4;427.6;384.9;401.3;416.3;443.6;438.8;430.8;404.2;439.1;414.9
703;Slovakia;Share in total final energy consumption (%);Renewables;IEA (2024), World Energy Balances;2.2;2.1;2.3;4.1;4.7;4.2;3.9;3.9;3.6;3.8;3.7;6;5.5;5.3;6.2;6.3;6.6;8.2;7.6;10;16.1;16.1;17.2;16.8;15.8;18.7;18.8;17.7;16.5;17.6;17.6;17.9;17.2
703;Slovakia;Share in total final energy consumption (%);Modern renewables;IEA (2024), World Energy Balances;2.2;2.1;2.3;4.1;4.7;4.2;3.9;3.9;3.6;3.8;3.7;6;5.5;5.3;6.2;6.3;6.6;8.2;7.6;10;16.1;16.1;17.2;16.8;15.8;18.7;18.8;17.7;16.5;17.6;17.6;17.9;17.2
703;Slovakia;Share in total final energy consumption (%);Municipal waste (renew);IEA (2024), World Energy Balances;0;0;0;0;0;0;0;0;0;0;0;0.1;0;0;0;0;0;0;0.1;0.1;0.1;0.1;0.1;0.1;0;0;0.1;0.1;0;0.2;0.2;0.2;0.2
703;Slovakia;Share in total final energy consumption (%);Liquid biofuels;IEA (2024), World Energy Balances;0;0;0;0;0;0;0;0;0;0;0;0.3;0;0;0;0.1;0.4;0.6;0.7;0.9;0.9;0.9;0.9;1;1.5;1.5;1.5;1.4;1.4;1.5;1.6;1.6;1.7
703;Slovakia;Share in total final energy consumption (%);Solid biofuels;IEA (2024), World Energy Balances;1.2;1.2;1;1.7;1.7;0.8;0.7;0.8;0.7;0.7;0.9;2.6;2.3;3;3.3;3.3;3.1;4.2;3.9;5.4;11.3;11.7;12.5;11.4;9.7;12.6;12.4;11.5;10.8;11.4;11.1;11.8;11.4
703;Slovakia;Share in total final energy consumption (%);Biogases;IEA (2024), World Energy Balances;0;0;0;0;0;0;0;0;0;0;0;0;0;0;0.1;0;0.1;0.1;0.1;0.1;0.1;0.3;0.4;0.2;0.5;0.9;0.9;0.8;0.8;0.7;0.8;0.7;0.6
703;Slovakia;Share in total final energy consumption (%);Hydro;IEA (2024), World Energy Balances;1;0.9;1.3;2.4;3;3.4;3.2;3.1;2.9;3.1;2.8;3;3;2.2;2.8;2.8;2.8;3.3;2.8;3.5;3.6;2.7;3;3.6;3.5;3.2;3.5;3.3;2.9;3.2;3.4;3;2.7
703;Slovakia;Share in total final energy consumption (%);Geothermal;IEA (2024), World Energy Balances;0;0;0;0;0;0;0;0;0;0;0;0;0;0;0;0;0;0;0;0;0;0;0;0;0;0;0;0;0;0;0;0;0
703;Slovakia;Share in total final energy consumption (%);Tide, wave and ocean;IEA (2024), World Energy Balances;0;0;0;0;0;0;0;0;0;0;0;0;0;0;0;0;0;0;0;0;0;0;0;0;0;0;0;0;0;0;0;0;0
703;Slovakia;Share in total final energy consumption (%);Wind;IEA (2024), World Energy Balances;0;0;0;0;0;0;0;0;0;0;0;0;0;0;0;0;0;0;0;0;0;0;0;0;0;0;0;0;0;0;0;0;0
703;Slovakia;Share in total final energy consumption (%);Solar;IEA (2024), World Energy Balances;0;0;0;0;0;0;0;0;0;0;0;0;0;0;0;0;0;0;0;0;0.1;0.3;0.4;0.5;0.6;0.5;0.5;0.4;0.5;0.5;0.6;0.6;0.6
703;Slovakia;Final consumption of renewable energy (PJ) - Heat raising;Renewables;IEA (2024), World Energy Balances;7;5.9;4.9;7.2;7.2;3.2;3.1;3.5;3;3;3.8;11.7;10.4;12.9;14.3;14.8;12.8;16.9;16.3;21.1;51.7;50.3;51.6;47.4;35.3;49.1;50.2;50.1;45.9;47.9;44.2;50.8;46.2
703;Slovakia;Final consumption of renewable energy (PJ) - Transport;Renewables;IEA (2024), World Energy Balances;0.3;0.3;0.3;0.6;0.9;0.9;0.6;0.6;0.6;0.5;0.5;1.7;0.6;0.4;0.4;0.7;2.2;2.9;3.4;3.9;4.5;4.4;4.2;4.6;6.1;6.5;6.6;6.8;6.7;7;6.9;7.3;7.7
703;Slovakia;Final consumption of renewable energy (PJ) - Electricity consumption;Renewables;IEA (2024), World Energy Balances;5.9;4.3;5.8;9.9;11.6;13.5;13.4;12.7;11.9;12.5;11.4;13;13.4;9.3;11.4;12;12.8;15.3;13.8;15.4;18.4;15.4;16.3;19.7;19.5;19.4;21.7;21.6;19.9;20.9;20.1;20.5;17.5
705;Slovenia;Total final energy consumption (PJ);Total;IEA (2024), World Energy Balances;154.2;154;140.9;152.4;160.2;169.4;185.7;188.7;181.5;183.2;189.3;199.3;194.8;201.5;205.6;212.9;213.3;214.1;228.9;202.5;211;210.5;205;200.3;192.1;196.2;203.5;206.1;205.8;202;184.2;197.2;196.6
705;Slovenia;Share in total final energy consumption (%);Renewables;IEA (2024), World Energy Balances;12.4;13.1;13.9;12.4;12.3;11.5;11.1;10.2;11.1;11;18;18.7;16.3;16.9;17.8;18.6;17.4;18.4;17.6;19.6;20.1;19.1;20.2;22.5;22.9;21.4;21;19.7;20.6;20.9;22.7;23.4;20
705;Slovenia;Share in total final energy consumption (%);Modern renewables;IEA (2024), World Energy Balances;12.4;13.1;13.9;12.4;12.3;11.5;11.1;10.2;11.1;11;18;18.7;16.3;16.9;17.8;18.6;17.4;18.4;17.6;19.6;20.1;19.1;20.2;22.5;22.9;21.4;21;19.7;20.6;20.9;22.7;23.4;20
705;Slovenia;Share in total final energy consumption (%);Municipal waste (renew);IEA (2024), World Energy Balances;0;0;0;0;0;0;0;0;0;0;0;0;0;0;0;0;0;0;0;0;0;0;0;0;0;0;0;0;0;0;0;0;0
705;Slovenia;Share in total final energy consumption (%);Liquid biofuels;IEA (2024), World Energy Balances;0;0;0;0;0;0;0;0;0;0;0;0;0;0;0;0;0.1;0.3;0.4;0.6;0.9;0.7;1.1;1.3;1;0.6;0.4;0.5;1.5;2;2.1;2.2;1.7
705;Slovenia;Share in total final energy consumption (%);Solid biofuels;IEA (2024), World Energy Balances;7.2;7.3;7.9;7.3;6.9;6.5;5.9;5.8;6.1;5.2;12.2;13.3;11.3;12.1;11.7;13.5;11.8;13;12;12.8;12.7;12.7;12.6;13.4;12.4;13.4;13;12.3;10.9;10.8;11.8;12.3;10.7
705;Slovenia;Share in total final energy consumption (%);Biogases;IEA (2024), World Energy Balances;0;0;0;0;0;0;0;0;0;0;0;0;0.1;0.1;0.1;0.1;0.1;0.1;0.1;0.2;0.2;0.3;0.4;0.4;0.4;0.4;0.3;0.3;0.3;0.2;0.3;0.3;0.3
705;Slovenia;Share in total final energy consumption (%);Hydro;IEA (2024), World Energy Balances;5.1;5.9;6;5.1;5.5;5;5.2;4.4;5;5.7;5.6;5.2;4.9;4.6;5.9;4.9;5.3;4.8;4.9;5.8;5.7;4.8;5.5;6.6;8.3;6;6.4;5.7;7;6.9;7.4;7.4;5.6
705;Slovenia;Share in total final energy consumption (%);Geothermal;IEA (2024), World Energy Balances;0;0;0;0;0;0;0;0;0;0;0;0;0;0;0;0;0;0;0;0;0.4;0.4;0.3;0.3;0.3;0.2;0.2;0.3;0.3;0.3;0.2;0.2;0.3
705;Slovenia;Share in total final energy consumption (%);Tide, wave and ocean;IEA (2024), World Energy Balances;0;0;0;0;0;0;0;0;0;0;0;0;0;0;0;0;0;0;0;0;0;0;0;0;0;0;0;0;0;0;0;0;0
705;Slovenia;Share in total final energy consumption (%);Wind;IEA (2024), World Energy Balances;0;0;0;0;0;0;0;0;0;0;0;0;0;0;0;0;0;0;0;0;0;0;0;0;0;0;0;0;0;0;0;0;0
705;Slovenia;Share in total final energy consumption (%);Solar;IEA (2024), World Energy Balances;0;0;0;0;0;0;0;0;0;0;0.1;0.1;0.1;0.1;0.1;0.1;0.1;0.1;0.1;0.2;0.2;0.3;0.4;0.5;0.6;0.7;0.6;0.6;0.6;0.7;0.8;0.9;1.4
705;Slovenia;Final consumption of renewable energy (PJ) - Heat raising;Renewables;IEA (2024), World Energy Balances;11.2;11.2;11.1;11.1;11;11;11;11;11;9.4;23.1;26.7;21.9;24.4;24.1;28.7;25.2;28;27.2;26.2;27.9;27.8;26.8;28;24.9;27.2;27.2;26.1;23.4;22.5;22.5;24.9;21.7
705;Slovenia;Final consumption of renewable energy (PJ) - Transport;Renewables;IEA (2024), World Energy Balances;0.2;0.2;0.1;0.1;0.1;0.2;0.2;0.1;0.1;0.2;0.3;0.2;0.1;0.1;0.2;0.2;0.4;0.7;1.2;1.5;2.1;1.7;2.3;2.7;2;1.4;1;1.2;3.4;4.2;4.2;4.6;3.6
705;Slovenia;Final consumption of renewable energy (PJ) - Electricity consumption;Renewables;IEA (2024), World Energy Balances;7.7;8.9;8.3;7.6;8.6;8.3;9.5;8.2;9;10.4;10.6;10.3;9.7;9.5;12.3;10.7;11.4;10.6;11.9;12;12.4;10.8;12.3;14.3;17.1;13.4;14.4;13.3;15.7;15.3;15.2;16.6;14
90;Solomon Islands;Total final energy consumption (PJ);Total;Energy Balances, UN Statistics Division (2024);4.7;4.8;4.9;5;5.2;5.4;5.5;5.6;5.6;5.9;5.9;6;6.1;6.3;6.5;6.5;6.6;6.6;6.7;6.9;7;7.3;7.3;7.7;7;6.6;6.6;6.6;6.7;6.7;6.7;6.6;6.5
90;Solomon Islands;Share in total final energy consumption (%);Renewables;Energy Balances, UN Statistics Division (2024);60.2;59;57.7;56.1;54.5;54.1;52.5;53.1;52.5;55.3;55.3;54.1;52.8;51.5;49.9;49.7;48.9;47.4;46.7;45.8;45.1;43.6;43.8;41.8;45.9;48.6;48.7;49;48.6;48.4;49;49.1;50.1
90;Solomon Islands;Share in total final energy consumption (%);Modern renewables;Energy Balances, UN Statistics Division (2024);1.1;1.2;1.2;1;1.3;1.3;1;0.5;0.3;0;0;0;0;0;0.1;0;0.1;0.1;0.1;0.2;0.1;0.2;0.2;0.2;0.3;0.3;0.3;0.4;0.3;0.3;0.3;0.3;0.3
90;Solomon Islands;Share in total final energy consumption (%);Municipal waste (renew);Energy Balances, UN Statistics Division (2024);0;0;0;0;0;0;0;0;0;0;0;0;0;0;0;0;0;0;0;0;0;0;0;0;0;0;0;0;0;0;0;0;0
90;Solomon Islands;Share in total final energy consumption (%);Liquid biofuels;Energy Balances, UN Statistics Division (2024);0;0;0;0;0;0;0;0;0;0;0;0;0;0;0;0;0;0;0;0;0;0;0;0;0;0;0;0;0;0;0;0;0
90;Solomon Islands;Share in total final energy consumption (%);Solid biofuels;Energy Balances, UN Statistics Division (2024);60.2;59;57.7;56.1;54.5;54.1;52.5;53.1;52.5;55.3;55.2;54.1;52.8;51.4;49.9;49.6;48.9;47.4;46.6;45.7;45;43.5;43.8;41.8;45.8;48.5;48.6;48.8;48.5;48.2;48.8;49;49.9
90;Solomon Islands;Share in total final energy consumption (%);Biogases;Energy Balances, UN Statistics Division (2024);0;0;0;0;0;0;0;0;0;0;0;0;0;0;0;0;0;0;0;0;0;0;0;0;0;0;0;0;0;0;0;0;0
90;Solomon Islands;Share in total final energy consumption (%);Hydro;Energy Balances, UN Statistics Division (2024);0;0;0;0;0;0;0;0;0;0;0;0;0;0;0.1;0;0;0;0;0;0;0;0;0;0;0;0;0;0;0;0;0;0
90;Solomon Islands;Share in total final energy consumption (%);Geothermal;Energy Balances, UN Statistics Division (2024);0;0;0;0;0;0;0;0;0;0;0;0;0;0;0;0;0;0;0;0;0;0;0;0;0;0;0;0;0;0;0;0;0
90;Solomon Islands;Share in total final energy consumption (%);Tide, wave and ocean;Energy Balances, UN Statistics Division (2024);0;0;0;0;0;0;0;0;0;0;0;0;0;0;0;0;0;0;0;0;0;0;0;0;0;0;0;0;0;0;0;0;0
90;Solomon Islands;Share in total final energy consumption (%);Wind;Energy Balances, UN Statistics Division (2024);0;0;0;0;0;0;0;0;0;0;0;0;0;0;0;0;0;0;0;0;0;0;0;0;0;0;0;0;0;0;0;0;0
90;Solomon Islands;Share in total final energy consumption (%);Solar;Energy Balances, UN Statistics Division (2024);0;0;0;0;0;0;0;0;0;0;0;0;0;0;0;0;0;0;0;0;0;0;0;0;0.1;0.1;0.1;0.2;0.1;0.2;0.1;0.1;0.1
90;Solomon Islands;Final consumption of renewable energy (PJ) - Heat raising;Renewables;Energy Balances, UN Statistics Division (2024);2.8;2.8;2.8;2.8;2.8;2.8;2.8;2.9;2.9;3.2;3.2;3.2;3.2;3.2;3.2;3.2;3.2;3.1;3.1;3.1;3.2;3.2;3.2;3.2;3.2;3.2;3.2;3.2;3.2;3.2;3.3;3.2;3.2
90;Solomon Islands;Final consumption of renewable energy (PJ) - Transport;Renewables;Energy Balances, UN Statistics Division (2024);0;0;0;0;0;0;0;0;0;0;0;0;0;0;0;0;0;0;0;0;0;0;0;0;0;0;0;0;0;0;0;0;0
90;Solomon Islands;Final consumption of renewable energy (PJ) - Electricity consumption;Renewables;Energy Balances, UN Statistics Division (2024);0.1;0.1;0.1;0.1;0.1;0.1;0.1;0;0;0;0;0;0;0;0;0;0;0;0;0;0;0;0;0;0;0;0;0;0;0;0;0;0
706;Somalia;Total final energy consumption (PJ);Total;Energy Balances, UN Statistics Division (2024);55.6;56.3;59.2;59.7;61;62.1;64;66.6;68.5;70.9;71.7;73.8;76.2;79;81.5;83.8;86.4;88.9;91.5;94.1;97;98.3;100.8;107.1;111;108.7;115.1;117.8;120.6;123.5;127.2;130.1;133.6
706;Somalia;Share in total final energy consumption (%);Renewables;Energy Balances, UN Statistics Division (2024);86.3;87.6;88.8;89.4;89.9;90.6;91.1;91.7;92.5;92.9;92.6;92.4;92.2;92.1;92;92;91.9;91.7;91.6;91.6;91.3;91.1;91.1;91.5;91.5;91;91.2;91.1;91;91;90.3;90.4;89.4
706;Somalia;Share in total final energy consumption (%);Modern renewables;Energy Balances, UN Statistics Division (2024);22.8;23.3;23.9;24.3;24.7;24.7;25.1;25.6;25.9;26.6;24.8;24.9;25.2;25.9;26.2;26.4;26.8;27.2;27.5;27.9;28.2;27.6;29.2;33.2;32.1;32.6;31.9;32.2;32.6;33;33.2;33.7;33.4
706;Somalia;Share in total final energy consumption (%);Municipal waste (renew);Energy Balances, UN Statistics Division (2024);0;0;0;0;0;0;0;0;0;0;0;0;0;0;0;0;0;0;0;0;0;0;0;0;0;0;0;0;0;0;0;0;0
706;Somalia;Share in total final energy consumption (%);Liquid biofuels;Energy Balances, UN Statistics Division (2024);0;0;0;0;0;0;0;0;0;0;0;0;0;0;0;0;0;0;0;0;0;0;0;0;0;0;0;0;0;0;0;0;0
706;Somalia;Share in total final energy consumption (%);Solid biofuels;Energy Balances, UN Statistics Division (2024);86.3;87.6;88.8;89.4;89.9;90.6;91.1;91.7;92.5;92.9;92.6;92.4;92.2;92.1;92;92;91.9;91.7;91.6;91.6;91.3;91.1;91.1;91.5;91.5;91;91.2;91.1;91;90.9;90.3;90.3;89.3
706;Somalia;Share in total final energy consumption (%);Biogases;Energy Balances, UN Statistics Division (2024);0;0;0;0;0;0;0;0;0;0;0;0;0;0;0;0;0;0;0;0;0;0;0;0;0;0;0;0;0;0;0;0;0
706;Somalia;Share in total final energy consumption (%);Hydro;Energy Balances, UN Statistics Division (2024);0;0;0;0;0;0;0;0;0;0;0;0;0;0;0;0;0;0;0;0;0;0;0;0;0;0;0;0;0;0;0;0;0
706;Somalia;Share in total final energy consumption (%);Geothermal;Energy Balances, UN Statistics Division (2024);0;0;0;0;0;0;0;0;0;0;0;0;0;0;0;0;0;0;0;0;0;0;0;0;0;0;0;0;0;0;0;0;0
706;Somalia;Share in total final energy consumption (%);Tide, wave and ocean;Energy Balances, UN Statistics Division (2024);0;0;0;0;0;0;0;0;0;0;0;0;0;0;0;0;0;0;0;0;0;0;0;0;0;0;0;0;0;0;0;0;0
706;Somalia;Share in total final energy consumption (%);Wind;Energy Balances, UN Statistics Division (2024);0;0;0;0;0;0;0;0;0;0;0;0;0;0;0;0;0;0;0;0;0;0;0;0;0;0;0;0;0;0;0;0;0
706;Somalia;Share in total final energy consumption (%);Solar;Energy Balances, UN Statistics Division (2024);0;0;0;0;0;0;0;0;0;0;0;0;0;0;0;0;0;0;0;0;0;0;0;0;0;0;0;0;0;0;0.1;0.1;0.1
706;Somalia;Final consumption of renewable energy (PJ) - Heat raising;Renewables;Energy Balances, UN Statistics Division (2024);48;49.3;52.6;53.4;54.8;56.2;58.3;61.1;63.4;65.9;66.4;68.2;70.3;72.8;75;77.1;79.4;81.5;83.8;86.2;88.6;89.6;91.8;97.9;101.6;98.9;105;107.3;109.7;112.3;114.8;117.5;119.2
706;Somalia;Final consumption of renewable energy (PJ) - Transport;Renewables;Energy Balances, UN Statistics Division (2024);0;0;0;0;0;0;0;0;0;0;0;0;0;0;0;0;0;0;0;0;0;0;0;0;0;0;0;0;0;0;0;0;0
706;Somalia;Final consumption of renewable energy (PJ) - Electricity consumption;Renewables;Energy Balances, UN Statistics Division (2024);0;0;0;0;0;0;0;0;0;0;0;0;0;0;0;0;0;0;0;0;0;0;0;0;0;0;0;0.1;0.1;0.1;0.1;0.1;0.2
710;South Africa;Total final energy consumption (PJ);Total;IEA (2024), World Energy Balances;1960.6;1917.2;1829.7;1831.2;1884.8;1962;2083.2;2165.1;2168;2078.8;1920.4;1888.5;2014.5;2102.4;2228.3;2344.5;2376.7;2461.6;2450.8;2548.6;2295.9;2326.3;2412.2;2559.5;2534.7;2462.6;2443.3;2625.8;2593.4;2413.6;2226.3;2269.9;2231.6
710;South Africa;Share in total final energy consumption (%);Renewables;IEA (2024), World Energy Balances;16.6;17.5;18.4;18.6;18.6;18.1;17.4;17.1;17.3;17.7;10.4;10;9.6;8.4;7.5;7.3;7.2;6.6;6.5;5.9;6.3;6.2;5.9;5.8;5.6;5.6;5.9;5.9;6.3;6.6;7.1;7.2;7.7
710;South Africa;Share in total final energy consumption (%);Modern renewables;IEA (2024), World Energy Balances;3.1;3.4;3.4;3.4;3.5;3.3;3.3;3.3;3.2;3;5.1;4.9;5;4.2;3.8;3.9;4;3.6;3.7;3.3;3.5;3.5;3.3;3.5;3.4;3.3;3.6;3.9;4.3;4.6;5;5.2;5.6
710;South Africa;Share in total final energy consumption (%);Municipal waste (renew);IEA (2024), World Energy Balances;0;0;0;0;0;0;0;0;0;0;0;0;0;0;0;0;0;0;0;0;0;0;0;0;0;0;0;0;0;0;0;0;0
710;South Africa;Share in total final energy consumption (%);Liquid biofuels;IEA (2024), World Energy Balances;0;0;0;0;0;0;0;0;0;0;0;0;0;0;0;0;0;0;0;0;0;0;0;0;0;0;0;0;0;0;0;0;0
710;South Africa;Share in total final energy consumption (%);Solid biofuels;IEA (2024), World Energy Balances;16.5;17.2;18.3;18.6;18.4;18;17.3;16.8;17.1;17.6;10.2;9.7;9.2;8.3;7.4;7.1;6.8;6.4;6.3;5.7;5.9;5.8;5.6;5.5;5.1;4.8;4.8;4.6;4.8;5;5.1;4.8;5
710;South Africa;Share in total final energy consumption (%);Biogases;IEA (2024), World Energy Balances;0;0;0;0;0;0;0;0;0;0;0;0;0;0;0;0;0;0;0;0;0;0;0;0;0;0;0;0;0;0;0;0;0
710;South Africa;Share in total final energy consumption (%);Hydro;IEA (2024), World Energy Balances;0.2;0.3;0.1;0;0.2;0.1;0.2;0.3;0.2;0.1;0.2;0.3;0.3;0.1;0.1;0.2;0.3;0.1;0.1;0.2;0.3;0.3;0.1;0.1;0.1;0.1;0.1;0.1;0.1;0.1;0.2;0.3;0.4
710;South Africa;Share in total final energy consumption (%);Geothermal;IEA (2024), World Energy Balances;0;0;0;0;0;0;0;0;0;0;0;0;0;0;0;0;0;0;0;0;0;0;0;0;0;0;0;0;0;0;0;0;0
710;South Africa;Share in total final energy consumption (%);Tide, wave and ocean;IEA (2024), World Energy Balances;0;0;0;0;0;0;0;0;0;0;0;0;0;0;0;0;0;0;0;0;0;0;0;0;0;0;0;0;0;0;0;0;0
710;South Africa;Share in total final energy consumption (%);Wind;IEA (2024), World Energy Balances;0;0;0;0;0;0;0;0;0;0;0;0;0;0;0;0;0;0;0;0;0;0;0;0;0.1;0.3;0.4;0.5;0.7;0.8;0.9;1.1;1.3
710;South Africa;Share in total final energy consumption (%);Solar;IEA (2024), World Energy Balances;0;0;0;0;0;0;0;0;0;0;0;0;0;0;0;0;0;0;0.1;0.1;0.1;0.1;0.1;0.2;0.3;0.4;0.6;0.6;0.7;0.8;1;1.1;1
710;South Africa;Final consumption of renewable energy (PJ) - Heat raising;Renewables;IEA (2024), World Energy Balances;323;329;334;340;347;354;359.2;363.7;369;364.6;195.6;182.5;186.1;173.6;164.8;166.6;162;158.1;156.2;146.3;137.5;138;137.9;143.8;134;122.1;120.7;125.1;127.7;124.1;117.7;113.9;115.1
710;South Africa;Final consumption of renewable energy (PJ) - Transport;Renewables;IEA (2024), World Energy Balances;0.1;0.2;0.1;0;0.1;0;0.1;0.2;0.1;0.1;0.1;0.2;0.3;0.1;0.1;0.1;0.2;0.1;0.1;0.1;0.1;0.1;0.1;0.1;0.2;0.3;0.4;0.5;0.5;0.6;0.5;0.7;0.6
710;South Africa;Final consumption of renewable energy (PJ) - Electricity consumption;Renewables;IEA (2024), World Energy Balances;3;5.7;2;0.4;2.8;1.4;4.1;6.6;5.4;2.7;4.1;6.4;7.5;2.7;3.3;4.5;8.9;3.2;4.1;4.6;6.6;6.4;4;3.8;8.9;15.7;22.3;28.7;34.9;35.7;40.9;49.8;55.9
728;South Sudan;Total final energy consumption (PJ);Total;IEA (2024), World Energy Balances;NaN;NaN;NaN;NaN;NaN;NaN;NaN;NaN;NaN;NaN;NaN;NaN;NaN;NaN;NaN;NaN;NaN;NaN;NaN;NaN;NaN;NaN;22.4;21.7;21.8;24.5;22.6;21.1;24.6;24.8;24.1;24.8;24.1
728;South Sudan;Share in total final energy consumption (%);Renewables;IEA (2024), World Energy Balances;NaN;NaN;NaN;NaN;NaN;NaN;NaN;NaN;NaN;NaN;NaN;NaN;NaN;NaN;NaN;NaN;NaN;NaN;NaN;NaN;NaN;NaN;30.6;30.1;29.5;27.5;28.7;35.1;31.5;31.5;32.8;32.4;34
728;South Sudan;Share in total final energy consumption (%);Modern renewables;IEA (2024), World Energy Balances;NaN;NaN;NaN;NaN;NaN;NaN;NaN;NaN;NaN;NaN;NaN;NaN;NaN;NaN;NaN;NaN;NaN;NaN;NaN;NaN;NaN;NaN;2.1;2.5;2.5;1.3;1.4;1.5;1.3;1.4;1.4;1.5;1.8
728;South Sudan;Share in total final energy consumption (%);Municipal waste (renew);IEA (2024), World Energy Balances;NaN;NaN;NaN;NaN;NaN;NaN;NaN;NaN;NaN;NaN;NaN;NaN;NaN;NaN;NaN;NaN;NaN;NaN;NaN;NaN;NaN;NaN;0;0;0;0;0;0;0;0;0;0;0
728;South Sudan;Share in total final energy consumption (%);Liquid biofuels;IEA (2024), World Energy Balances;NaN;NaN;NaN;NaN;NaN;NaN;NaN;NaN;NaN;NaN;NaN;NaN;NaN;NaN;NaN;NaN;NaN;NaN;NaN;NaN;NaN;NaN;0;0;0;0;0;0;0;0;0;0;0
728;South Sudan;Share in total final energy consumption (%);Solid biofuels;IEA (2024), World Energy Balances;NaN;NaN;NaN;NaN;NaN;NaN;NaN;NaN;NaN;NaN;NaN;NaN;NaN;NaN;NaN;NaN;NaN;NaN;NaN;NaN;NaN;NaN;30.5;30.1;29.4;27.5;28.6;35;31.4;31.3;32.7;32.2;33.5
728;South Sudan;Share in total final energy consumption (%);Biogases;IEA (2024), World Energy Balances;NaN;NaN;NaN;NaN;NaN;NaN;NaN;NaN;NaN;NaN;NaN;NaN;NaN;NaN;NaN;NaN;NaN;NaN;NaN;NaN;NaN;NaN;0;0;0;0;0;0;0;0;0;0;0
728;South Sudan;Share in total final energy consumption (%);Hydro;IEA (2024), World Energy Balances;NaN;NaN;NaN;NaN;NaN;NaN;NaN;NaN;NaN;NaN;NaN;NaN;NaN;NaN;NaN;NaN;NaN;NaN;NaN;NaN;NaN;NaN;0;0;0;0;0;0;0;0;0;0;0
728;South Sudan;Share in total final energy consumption (%);Geothermal;IEA (2024), World Energy Balances;NaN;NaN;NaN;NaN;NaN;NaN;NaN;NaN;NaN;NaN;NaN;NaN;NaN;NaN;NaN;NaN;NaN;NaN;NaN;NaN;NaN;NaN;0;0;0;0;0;0;0;0;0;0;0
728;South Sudan;Share in total final energy consumption (%);Tide, wave and ocean;IEA (2024), World Energy Balances;NaN;NaN;NaN;NaN;NaN;NaN;NaN;NaN;NaN;NaN;NaN;NaN;NaN;NaN;NaN;NaN;NaN;NaN;NaN;NaN;NaN;NaN;0;0;0;0;0;0;0;0;0;0;0
728;South Sudan;Share in total final energy consumption (%);Wind;IEA (2024), World Energy Balances;NaN;NaN;NaN;NaN;NaN;NaN;NaN;NaN;NaN;NaN;NaN;NaN;NaN;NaN;NaN;NaN;NaN;NaN;NaN;NaN;NaN;NaN;0;0;0;0;0;0;0;0;0;0;0
728;South Sudan;Share in total final energy consumption (%);Solar;IEA (2024), World Energy Balances;NaN;NaN;NaN;NaN;NaN;NaN;NaN;NaN;NaN;NaN;NaN;NaN;NaN;NaN;NaN;NaN;NaN;NaN;NaN;NaN;NaN;NaN;0;0;0;0;0;0;0.1;0.2;0.1;0.2;0.5
728;South Sudan;Final consumption of renewable energy (PJ) - Heat raising;Renewables;IEA (2024), World Energy Balances;NaN;NaN;NaN;NaN;NaN;NaN;NaN;NaN;NaN;NaN;NaN;NaN;NaN;NaN;NaN;NaN;NaN;NaN;NaN;NaN;NaN;NaN;6.9;6.5;6.4;6.7;6.5;7.4;7.7;7.7;7.9;8;8.1
728;South Sudan;Final consumption of renewable energy (PJ) - Transport;Renewables;IEA (2024), World Energy Balances;NaN;NaN;NaN;NaN;NaN;NaN;NaN;NaN;NaN;NaN;NaN;NaN;NaN;NaN;NaN;NaN;NaN;NaN;NaN;NaN;NaN;NaN;0;0;0;0;0;0;0;0;0;0;0
728;South Sudan;Final consumption of renewable energy (PJ) - Electricity consumption;Renewables;IEA (2024), World Energy Balances;NaN;NaN;NaN;NaN;NaN;NaN;NaN;NaN;NaN;NaN;NaN;NaN;NaN;NaN;NaN;NaN;NaN;NaN;NaN;NaN;NaN;NaN;0;0;0;0;0;0;0;0;0;0.1;0.1
724;Spain;Total final energy consumption (PJ);Total;IEA (2024), World Energy Balances;2294.1;2389.1;2421;2385.2;2498.4;2553.3;2616.1;2726.6;2873.9;2981.7;3186.1;3347.3;3408.8;3624;3790;3917.2;3818.6;3919.5;3776.2;3508.4;3567.7;3436.5;3294.8;3184.6;3121.1;3146.7;3212.1;3303.8;3377.4;3366.2;2983.1;3237.6;3199.4
724;Spain;Share in total final energy consumption (%);Renewables;IEA (2024), World Energy Balances;10.6;10;8.3;9.1;9.2;8.3;10.1;9.2;8.9;7.7;7.9;8.9;7.4;8.9;8;7.3;8.5;9;9.7;12.2;14.4;14.7;15.8;16.9;17.3;16.3;16.7;15.2;16.9;16.7;19.3;19;18.2
724;Spain;Share in total final energy consumption (%);Modern renewables;IEA (2024), World Energy Balances;10.6;10;8.3;9.1;9.2;8.3;10.1;9.2;8.9;7.7;7.9;8.9;7.4;8.9;8;7.3;8.5;9;9.7;12.2;14.4;14.7;15.8;16.9;17.3;16.3;16.7;15.2;16.9;16.7;19.3;19;18.2
724;Spain;Share in total final energy consumption (%);Municipal waste (renew);IEA (2024), World Energy Balances;0;0;0;0;0;0;0;0;0;0;0;0;0;0;0;0;0;0.1;0.1;0.1;0.1;0.1;0.1;0.1;0.1;0.1;0.1;0.1;0.1;0.1;0.1;0.1;0.1
724;Spain;Share in total final energy consumption (%);Liquid biofuels;IEA (2024), World Energy Balances;0;0;0;0;0;0;0;0;0;0;0.1;0.1;0.2;0.2;0.2;0.3;0.2;0.4;0.7;1.3;1.7;2.1;2.7;1.2;1.3;1.3;1.5;1.7;2.1;2.1;2;1.8;1.8
724;Spain;Share in total final energy consumption (%);Solid biofuels;IEA (2024), World Energy Balances;7.2;6.5;5.8;5.9;5.7;5.3;5.2;5.1;5;4.9;4.5;4.3;4.3;4.1;4;3.8;4.2;4.1;4.2;4.6;4.5;4.9;5.2;5.3;5.4;5.6;5.1;5.1;5;5.1;5.6;5.3;5.4
724;Spain;Share in total final energy consumption (%);Biogases;IEA (2024), World Energy Balances;0;0;0;0;0;0.1;0.1;0.1;0.1;0.1;0.1;0.1;0.1;0.1;0.1;0.1;0.1;0.1;0.1;0.1;0.1;0.1;0.1;0.3;0.2;0.2;0.2;0.2;0.2;0.2;0.3;0.2;0.2
724;Spain;Share in total final energy consumption (%);Hydro;IEA (2024), World Energy Balances;3.3;3.4;2.3;3.1;3.5;2.8;4.6;3.9;3.6;2.4;2.7;3.8;1.9;3.4;2.5;1.4;2;2.1;1.8;2.2;3.5;2.7;1.8;3.4;3.7;2.7;3.5;1.7;3.2;2.3;3.1;2.8;1.5
724;Spain;Share in total final energy consumption (%);Geothermal;IEA (2024), World Energy Balances;0;0;0;0;0;0;0;0;0;0;0;0;0;0;0;0;0;0;0;0;0;0;0;0;0;0;0;0;0;0;0;0;0
724;Spain;Share in total final energy consumption (%);Tide, wave and ocean;IEA (2024), World Energy Balances;0;0;0;0;0;0;0;0;0;0;0;0;0;0;0;0;0;0;0;0;0;0;0;0;0;0;NaN;NaN;NaN;0;0;0;0
724;Spain;Share in total final energy consumption (%);Wind;IEA (2024), World Energy Balances;0;0;0;0;0;0;0;0.1;0.1;0.3;0.5;0.6;0.8;1;1.2;1.6;1.8;2.1;2.6;3.2;3.7;3.8;4.4;5.1;5;4.7;4.7;4.7;4.8;5.1;5.8;5.8;5.5
724;Spain;Share in total final energy consumption (%);Solar;IEA (2024), World Energy Balances;0;0;0;0;0;0;0;0;0;0;0;0;0.1;0.1;0.1;0.1;0.1;0.1;0.3;0.7;0.8;1;1.3;1.5;1.6;1.7;1.7;1.7;1.6;1.8;2.6;3;3.6
724;Spain;Final consumption of renewable energy (PJ) - Heat raising;Renewables;IEA (2024), World Energy Balances;164.7;154.6;140.9;141.3;141.7;136.3;137.1;137.7;143.6;144.4;142.2;142.9;144.5;144.9;146.8;147.5;160.2;162.6;158.1;163.9;163.7;169.8;173.1;172.7;172.2;179.5;166.9;170.1;172.6;178.5;172;174.5;179.4
724;Spain;Final consumption of renewable energy (PJ) - Transport;Renewables;IEA (2024), World Energy Balances;2.3;2.4;1.8;2.4;3.3;2.1;3;2.5;2.6;1.7;5.3;6.5;8.3;12.1;10.8;13.8;9.6;18.2;28.5;48.2;64.6;77.3;94.3;43.5;46.6;46.3;52.4;58.6;76;73.6;64;64.8;63.6
724;Spain;Final consumption of renewable energy (PJ) - Electricity consumption;Renewables;IEA (2024), World Energy Balances;75.7;80.8;57.1;73.6;85.8;72.6;123.1;109.4;110.9;82.7;103.6;149.5;99.9;166;147.1;124.5;153.9;172.4;181.3;216.4;285;258.9;251.7;322.4;322;287.1;317.4;272.6;322.3;309.3;341;374.4;338.7
144;Sri Lanka;Total final energy consumption (PJ);Total;IEA (2024), World Energy Balances;220.8;221.6;236.3;235.7;234;236.7;270.9;273.6;279.1;297;302.4;296.9;300.6;311.7;318.1;334.8;336.8;343.9;329.7;331.3;365;348;354.6;344.5;351.8;373.9;398.3;387.4;388.5;398.4;381.4;404.2;373.6
144;Sri Lanka;Share in total final energy consumption (%);Renewables;IEA (2024), World Energy Balances;78.1;78;75.3;74.2;70.6;69.9;64.4;65.9;64.2;63.3;64.2;62.9;62.1;61.3;61.6;60.1;62.2;60.2;61.6;63.5;61.8;56.4;52.9;56.9;54.2;51.3;45.1;45.8;47.9;46.2;49.3;48.8;52.8
144;Sri Lanka;Share in total final energy consumption (%);Modern renewables;IEA (2024), World Energy Balances;16.1;16.1;17.2;16.1;12.6;14.4;15.7;17.1;17;19.9;22;19.7;21.3;21.3;22.2;22;24;23;22.3;22.5;24;24.5;23.2;27.5;25.9;26.3;23.3;24.7;27.7;26.3;28.3;29.3;31.6
144;Sri Lanka;Share in total final energy consumption (%);Municipal waste (renew);IEA (2024), World Energy Balances;0;0;0;0;0;0;0;0;0;0;0;0;0;0;0;0;0;0;0;0;0;0;0;0;0;0;0;0;0;0;0;0;0
144;Sri Lanka;Share in total final energy consumption (%);Liquid biofuels;IEA (2024), World Energy Balances;0;0;0;0;0;0;0;0;0;0;0;0;0;0;0;0;0;0;0;0;0;0;0;0;0;0;0;0;0;0;0;0;0
144;Sri Lanka;Share in total final energy consumption (%);Solid biofuels;IEA (2024), World Energy Balances;73.8;73.9;71.6;69.5;65.4;64.6;60.9;62.2;60.1;59.3;61.5;60.2;59.8;58.6;59.1;57.6;58.7;57.2;58.3;60;57.1;52.2;49.8;50.3;49.9;45.8;41.4;42;42.1;41.7;44.5;42.1;45.6
144;Sri Lanka;Share in total final energy consumption (%);Biogases;IEA (2024), World Energy Balances;0;0;0;0;0;0;0;0;0;0;0;0;0;0;0;0;0;0;0;0;0;0;0;0;0;0;0;0;0;0;0;0;0
144;Sri Lanka;Share in total final energy consumption (%);Hydro;IEA (2024), World Energy Balances;4.2;4.1;3.6;4.7;5.1;5.3;3.5;3.7;4.1;4;2.6;2.7;2.3;2.7;2.5;2.5;3.5;3;3.3;3.5;4.7;4.1;2.9;6.3;4.1;5.1;3.4;3.3;5.4;4;4.2;5.8;5.9
144;Sri Lanka;Share in total final energy consumption (%);Geothermal;IEA (2024), World Energy Balances;0;0;0;0;0;0;0;0;0;0;0;0;0;0;0;0;0;0;0;0;0;0;0;0;0;0;0;0;0;0;0;0;0
144;Sri Lanka;Share in total final energy consumption (%);Tide, wave and ocean;IEA (2024), World Energy Balances;0;0;0;0;0;0;0;0;0;0;0;0;0;0;0;0;0;0;0;0;0;0;0;0;0;0;0;0;0;0;0;0;0
144;Sri Lanka;Share in total final energy consumption (%);Wind;IEA (2024), World Energy Balances;0;0;0;0;0;0;0;0;0;0;0;0;0;0;0;0;0;0;0;0;0;0.1;0.1;0.2;0.2;0.3;0.3;0.3;0.3;0.3;0.3;0.5;0.6
144;Sri Lanka;Share in total final energy consumption (%);Solar;IEA (2024), World Energy Balances;0;0;0;0;0;0;0;0;0;0;0;0;0;0;0;0;0;0;0;0;0;0;0;0;0;0;0;0.1;0.2;0.2;0.3;0.4;0.6
144;Sri Lanka;Final consumption of renewable energy (PJ) - Heat raising;Renewables;IEA (2024), World Energy Balances;163.1;163.7;169.3;163.7;153.1;153;164.9;170.2;167.7;176;186;178.8;179.7;182.5;188.1;192.8;197.6;196.7;192.2;198.6;208.1;181.7;176.5;173.2;175.3;171.2;164.8;162.6;163.1;165.8;169.3;169.9;170.1
144;Sri Lanka;Final consumption of renewable energy (PJ) - Transport;Renewables;IEA (2024), World Energy Balances;0;0;0;0;0;0;0;0;0;0;0;0;0;0;0;0;0;0;0;0;0;0;0;0;0;0;0;0;0;0;0;0;0
144;Sri Lanka;Final consumption of renewable energy (PJ) - Electricity consumption;Renewables;IEA (2024), World Energy Balances;9.4;9.1;8.6;11.1;12;12.6;9.6;10.1;11.3;11.8;8;8;7;8.6;7.9;8.3;11.8;10.3;10.8;11.9;17.6;14.7;11;22.7;15.5;20.5;14.9;14.7;23;18.4;18.6;27.5;27.1
275;State of Palestine;Total final energy consumption (PJ);Total;Energy Balances, UN Statistics Division (2024);18.6;18.9;19.6;20.1;20.6;20.8;21.8;26;27.5;28.6;26.2;27.3;31.5;36;35.1;34.6;33.8;35.9;34.4;41.3;44.7;42.9;50.5;52.3;66.7;66.4;70;68;65.9;70.5;72.3;77.1;95.1
275;State of Palestine;Share in total final energy consumption (%);Renewables;Energy Balances, UN Statistics Division (2024);23;22.9;22.5;22.2;21.9;21.9;21.2;18;17.2;16.7;18.4;18;23.8;24.6;26.2;25.9;20.2;22.5;22.2;18.4;16.5;19.8;15.8;15.4;14;14.2;15.4;12.4;14.7;15.7;16.8;17.1;18.1
275;State of Palestine;Share in total final energy consumption (%);Modern renewables;Energy Balances, UN Statistics Division (2024);23;22.9;22.5;22.2;21.9;21.9;21.2;18;17.2;16.7;18.4;18;23.8;24.6;26.2;25.9;20.2;22.5;22.2;18.4;16.5;19.8;15.8;15.4;14;14.2;15.4;12.4;14.7;15.7;16.8;17.1;18.1
275;State of Palestine;Share in total final energy consumption (%);Municipal waste (renew);Energy Balances, UN Statistics Division (2024);0;0;0;0;0;0;0;0;0;0;0;0;0;0;0;0;0;0;0;0;0;0;0;0;0;0;0;0;0;0;0;0;0
275;State of Palestine;Share in total final energy consumption (%);Liquid biofuels;Energy Balances, UN Statistics Division (2024);0;0;0;0;0;0;0;0;0;0;0;0;0;0;0;0;0;0;0;0;0;0;0;0;0;0;0;0;0;0;0;0;0
275;State of Palestine;Share in total final energy consumption (%);Solid biofuels;Energy Balances, UN Statistics Division (2024);5.4;5.4;5.4;5.4;5.3;5.4;5.3;4.6;4.4;4.3;4.8;4.5;12;14.2;15.7;15.3;10;10;10.9;8.6;11.1;13.7;10.9;11;9.8;9.6;9.3;5.9;5.9;6.8;5.8;5.4;5.5
275;State of Palestine;Share in total final energy consumption (%);Biogases;Energy Balances, UN Statistics Division (2024);0;0;0;0;0;0;0;0;0;0;0;0;0;0;0;0;0;0;0;0;0;0;0;0;0;0;0;0;0;0;0;0;0
275;State of Palestine;Share in total final energy consumption (%);Hydro;Energy Balances, UN Statistics Division (2024);0;0;0;0;0;0;0;0;0;0;0;0;0;0;0;0;0;0;0;0;0;0;0;0;0;0;0;0;0;0;0;0;0
275;State of Palestine;Share in total final energy consumption (%);Geothermal;Energy Balances, UN Statistics Division (2024);0;0;0;0;0;0;0;0;0;0;0;0;0;0;0;0;0;0;0;0;0;0;0;0;0;0;0;0;0;0;0;0;0
275;State of Palestine;Share in total final energy consumption (%);Tide, wave and ocean;Energy Balances, UN Statistics Division (2024);0;0;0;0;0;0;0;0;0;0;0;0;0;0;0;0;0;0;0;0;0;0;0;0;0;0;0;0;0;0;0;0;0
275;State of Palestine;Share in total final energy consumption (%);Wind;Energy Balances, UN Statistics Division (2024);0;0;0;0;0;0;0;0;0;0;0;0;0;0;0;0;0;0;0;0;0;0;0;0;0;0;0;0;0;0;0;0;0
275;State of Palestine;Share in total final energy consumption (%);Solar;Energy Balances, UN Statistics Division (2024);17.6;17.5;17.1;16.8;16.6;16.5;15.9;13.5;12.8;12.4;13.6;13.6;11.8;10.4;10.5;10.6;10.1;12.5;11.2;9.8;5.4;6;4.9;4.5;4.2;4.6;6.1;6.5;8.7;8.9;11;11.7;12.6
275;State of Palestine;Final consumption of renewable energy (PJ) - Heat raising;Renewables;Energy Balances, UN Statistics Division (2024);4.3;4.3;4.4;4.5;4.5;4.6;4.6;4.7;4.7;4.8;4.8;4.9;7.5;8.8;9.2;9;6.8;8.1;7.6;7.6;7.4;8.5;8;8;9.2;9.1;9.3;6.8;6.8;7.7;7.2;7.3;8.4
275;State of Palestine;Final consumption of renewable energy (PJ) - Transport;Renewables;Energy Balances, UN Statistics Division (2024);0;0;0;0;0;0;0;0;0;0;0;0;0;0;0;0;0;0;0;0;0;0;0;0;0;0;0;0;0;0;0;0;0
275;State of Palestine;Final consumption of renewable energy (PJ) - Electricity consumption;Renewables;Energy Balances, UN Statistics Division (2024);0;0;0;0;0;0;0;0;0;0;0;0;0;0;0;0;0;0;0;0;0;0;0;0.1;0.1;0.3;1.5;1.6;2.9;3.3;4.9;5.9;8.7
729;Sudan;Total final energy consumption (PJ);Total;IEA (2024), World Energy Balances;249.3;243.1;242.8;222.3;269;264.5;273.6;290;291.7;303;311.1;319.4;337.7;343.8;358.8;383.1;425.7;415.2;424.7;447.2;482.5;467.9;466.8;473.8;485.5;497.7;525.4;531.6;540.2;559.7;545.2;570.5;571.9
729;Sudan;Share in total final energy consumption (%);Renewables;IEA (2024), World Energy Balances;73.3;76.2;77.4;85.6;79.5;81.5;83.6;80.5;81.9;80.8;80.7;79.4;76.8;77;75.4;72.3;69.3;65.6;63.5;63.1;61.3;63.7;63.7;64.3;63.7;61.9;58.9;59.4;59.8;59.4;62.6;60.9;62.6
729;Sudan;Share in total final energy consumption (%);Modern renewables;IEA (2024), World Energy Balances;19.6;20.3;20.7;22.8;21.1;21.3;24.5;23.9;24.7;23.5;23.4;22.9;21;21.6;21.7;21.4;23;21.9;21.2;21.8;22.4;23.3;23.3;24.1;24.2;23.1;21.8;22.5;22.3;22.1;23.3;22.3;23
729;Sudan;Share in total final energy consumption (%);Municipal waste (renew);IEA (2024), World Energy Balances;0;0;0;0;0;0;0;0;0;0;0;0;0;0;0;0;0;0;0;0;0;0;0;0;0;0;0;0;0;0;0;0;0
729;Sudan;Share in total final energy consumption (%);Liquid biofuels;IEA (2024), World Energy Balances;0;0;0;0;0;0;0;0;0;0;0;0;0;0;0;0;0;0;0;0;0;0;0;0;0;0;0;0;0;0;0;0;0
729;Sudan;Share in total final energy consumption (%);Solid biofuels;IEA (2024), World Energy Balances;72.1;75;76.1;84.3;78.4;80.5;82.7;79.7;81;79.6;79.5;78.5;75.8;76.1;74.6;71.3;68.4;64.7;62.5;61.1;57.6;59.7;59.6;59.1;58.1;57;54.4;54.1;54.6;54;56.6;55.5;56.6
729;Sudan;Share in total final energy consumption (%);Biogases;IEA (2024), World Energy Balances;0;0;0;0;0;0;0;0;0;0;0;0;0;0;0;0;0;0;0;0;0;0;0;0;0;0;0;0;0;0;0;0;0
729;Sudan;Share in total final energy consumption (%);Hydro;IEA (2024), World Energy Balances;1.1;1.2;1.3;1.3;1.1;1;1;0.8;0.9;1.2;1.1;0.9;1;0.9;0.8;0.9;0.9;1;1;2;3.7;3.9;4.1;5.2;5.6;4.9;4.5;5.3;5.1;5.4;6;5.4;6
729;Sudan;Share in total final energy consumption (%);Geothermal;IEA (2024), World Energy Balances;0;0;0;0;0;0;0;0;0;0;0;0;0;0;0;0;0;0;0;0;0;0;0;0;0;0;0;0;0;0;0;0;0
729;Sudan;Share in total final energy consumption (%);Tide, wave and ocean;IEA (2024), World Energy Balances;0;0;0;0;0;0;0;0;0;0;0;0;0;0;0;0;0;0;0;0;0;0;0;0;0;0;0;0;0;0;0;0;0
729;Sudan;Share in total final energy consumption (%);Wind;IEA (2024), World Energy Balances;0;0;0;0;0;0;0;0;0;0;0;0;0;0;0;0;0;0;0;0;0;0;0;0;0;0;0;0;0;0;0;0;0
729;Sudan;Share in total final energy consumption (%);Solar;IEA (2024), World Energy Balances;0;0;0;0;0;0;0;0;0;0;0;0;0;0;0;0;0;0;0;0;0;0;0;0;0;0;0;0;0;0;0;0;0
729;Sudan;Final consumption of renewable energy (PJ) - Heat raising;Renewables;IEA (2024), World Energy Balances;179.8;182.3;184.9;187.4;211;213;226.1;231.2;236.4;241.3;247.4;250.6;255.9;261.7;267.5;273.3;291;268.5;265.6;273.2;277.9;279.4;278.3;280.1;282;283.8;285.7;287.6;295.2;302.2;308.8;316.6;323.5
729;Sudan;Final consumption of renewable energy (PJ) - Transport;Renewables;IEA (2024), World Energy Balances;0;0;0;0;0;0;0;0;0;0;0;0;0;0;0;0;0;0;0;0;0;0;0;0;0;0;0;0;0;0;0;0;0
729;Sudan;Final consumption of renewable energy (PJ) - Electricity consumption;Renewables;IEA (2024), World Energy Balances;2.9;2.8;3.1;2.9;2.9;2.5;2.6;2.4;2.6;3.7;3.6;3;3.3;3;2.9;3.6;3.8;4;4.1;9;17.9;18.4;19.2;24.5;27.4;24.4;23.7;28.1;27.6;30.3;32.5;30.7;34.3
740;Suriname;Total final energy consumption (PJ);Total;IEA (2024), World Energy Balances;NaN;NaN;NaN;NaN;NaN;NaN;NaN;NaN;NaN;NaN;21.9;22;16.5;17;17.9;19.2;19.8;19.6;20.8;20.6;23;21.4;25;22.3;23.8;23.9;31;27.7;24.6;29.5;28.1;29.5;30.3
740;Suriname;Share in total final energy consumption (%);Renewables;IEA (2024), World Energy Balances;NaN;NaN;NaN;NaN;NaN;NaN;NaN;NaN;NaN;NaN;23.6;24.1;27.8;24.6;22.6;18.9;22.1;24.6;26.2;26.5;22.1;21.2;15.8;17.6;12.9;11.6;11.1;15.5;18.3;14.9;14.6;13.8;12.8
740;Suriname;Share in total final energy consumption (%);Modern renewables;IEA (2024), World Energy Balances;NaN;NaN;NaN;NaN;NaN;NaN;NaN;NaN;NaN;NaN;15.8;16.3;21.6;19.1;17.3;14.1;17.4;19.8;21.6;21.7;17.7;16.5;11.5;12.7;8.4;7.2;8;12.1;14.5;11.6;11.7;11.1;10.1
740;Suriname;Share in total final energy consumption (%);Municipal waste (renew);IEA (2024), World Energy Balances;NaN;NaN;NaN;NaN;NaN;NaN;NaN;NaN;NaN;NaN;0;0;0;0;0;0;0;0;0;0;0;0;0;0;0;0;0;0;0;0;0;0;0
740;Suriname;Share in total final energy consumption (%);Liquid biofuels;IEA (2024), World Energy Balances;NaN;NaN;NaN;NaN;NaN;NaN;NaN;NaN;NaN;NaN;0;0;0;0;0;0;0;0;0;0;0;0;0;0;0;0;0;0;0;0;0;0;0
740;Suriname;Share in total final energy consumption (%);Solid biofuels;IEA (2024), World Energy Balances;NaN;NaN;NaN;NaN;NaN;NaN;NaN;NaN;NaN;NaN;8.5;8.6;7;6.4;6.1;5.5;5.4;5.6;5.4;5.6;5.1;5.5;5;6;5.4;5.4;3.6;4.1;4.6;3.9;3.5;3.3;3.3
740;Suriname;Share in total final energy consumption (%);Biogases;IEA (2024), World Energy Balances;NaN;NaN;NaN;NaN;NaN;NaN;NaN;NaN;NaN;NaN;0;0;0;0;0;0;0;0;0;0;0;0;0;0;0;0;0;0;0;0;0;0;0
740;Suriname;Share in total final energy consumption (%);Hydro;IEA (2024), World Energy Balances;NaN;NaN;NaN;NaN;NaN;NaN;NaN;NaN;NaN;NaN;15.2;15.6;20.8;18.3;16.5;13.4;16.6;18.9;20.8;20.9;17;15.6;10.7;11.6;7.3;6.1;7.4;11.3;13.5;10.9;10.9;10.4;9.4
740;Suriname;Share in total final energy consumption (%);Geothermal;IEA (2024), World Energy Balances;NaN;NaN;NaN;NaN;NaN;NaN;NaN;NaN;NaN;NaN;0;0;0;0;0;0;0;0;0;0;0;0;0;0;0;0;0;0;0;0;0;0;0
740;Suriname;Share in total final energy consumption (%);Tide, wave and ocean;IEA (2024), World Energy Balances;NaN;NaN;NaN;NaN;NaN;NaN;NaN;NaN;NaN;NaN;0;0;0;0;0;0;0;0;0;0;0;0;0;0;0;0;0;0;0;0;0;0;0
740;Suriname;Share in total final energy consumption (%);Wind;IEA (2024), World Energy Balances;NaN;NaN;NaN;NaN;NaN;NaN;NaN;NaN;NaN;NaN;0;0;0;0;0;0;0;0;0;0;0;0;0;0;0;0;0;0;0;0;0;0;0
740;Suriname;Share in total final energy consumption (%);Solar;IEA (2024), World Energy Balances;NaN;NaN;NaN;NaN;NaN;NaN;NaN;NaN;NaN;NaN;0;0;0;0;0;0;0;0;0;0;0;0;0;0;0.1;0.1;0.1;0.1;0.2;0.1;0.1;0.1;0.1
740;Suriname;Final consumption of renewable energy (PJ) - Heat raising;Renewables;IEA (2024), World Energy Balances;NaN;NaN;NaN;NaN;NaN;NaN;NaN;NaN;NaN;NaN;1.9;1.9;1.2;1.1;1.1;1.1;1.1;1.1;1.1;1.2;1.2;1.2;1.3;1.3;1.3;1.3;1.1;1.1;1.1;1.1;1;1;1
740;Suriname;Final consumption of renewable energy (PJ) - Transport;Renewables;IEA (2024), World Energy Balances;NaN;NaN;NaN;NaN;NaN;NaN;NaN;NaN;NaN;NaN;0;0;0;0;0;0;0;0;0;0;0;0;0;0;0;0;0;0;0;0;0;0;0
740;Suriname;Final consumption of renewable energy (PJ) - Electricity consumption;Renewables;IEA (2024), World Energy Balances;NaN;NaN;NaN;NaN;NaN;NaN;NaN;NaN;NaN;NaN;3.3;3.4;3.4;3.1;3;2.6;3.3;3.7;4.3;4.3;3.9;3.3;2.7;2.6;1.8;1.5;2.3;3.2;3.4;3.2;3.1;3.1;2.9
752;Sweden;Total final energy consumption (PJ);Total;IEA (2024), World Energy Balances;1263.8;1275.6;1349.9;1360.6;1383.1;1415.8;1455.1;1422.2;1434.6;1414.3;1405.4;1379.7;1379.1;1372.1;1362.9;1333.1;1330.3;1337.3;1305.6;1264.9;1367.5;1306.6;1310.2;1284.3;1251.9;1276.5;1288.3;1290.1;1277.7;1265.1;1245;1292;1248.9
752;Sweden;Share in total final energy consumption (%);Renewables;IEA (2024), World Energy Balances;34.1;32.5;33.2;34.4;31.4;33.9;31.4;35.5;35.5;34.6;39.8;37.4;35.8;34.6;35.5;39.3;40.1;41.8;43.2;45.7;44.7;45.4;48.3;47.3;48.6;51.9;51;51.9;51.5;52.7;57.6;57.7;59.7
752;Sweden;Share in total final energy consumption (%);Modern renewables;IEA (2024), World Energy Balances;34.1;32.5;33.2;34.4;31.4;33.9;31.4;35.5;35.5;34.6;39.8;37.4;35.8;34.6;35.5;39.3;40.1;41.8;43.2;45.7;44.7;45.4;48.3;47.3;48.6;51.9;51;51.9;51.5;52.7;57.6;57.7;59.7
752;Sweden;Share in total final energy consumption (%);Municipal waste (renew);IEA (2024), World Energy Balances;0.4;0.4;0.4;0.4;0.3;0.4;0.4;0.4;0.4;0.4;0.5;0.5;0.5;0.6;0.6;0.7;0.7;1.3;1.5;1.6;1.7;1.8;1.8;2;2.1;2.2;2;2;1.9;2;2.3;2.2;2.2
752;Sweden;Share in total final energy consumption (%);Liquid biofuels;IEA (2024), World Energy Balances;0;0;0;0;0;0;0;0;0;0;0;0;0.1;0.2;0.4;0.7;1;1.2;1.4;1.7;1.6;1.6;1.9;2.3;2.9;3.3;4.1;5;5.6;5.4;5.7;6;6.9
752;Sweden;Share in total final energy consumption (%);Solid biofuels;IEA (2024), World Energy Balances;16.7;17.3;16.5;17.5;17.7;18.9;19.4;20.3;20;19.1;21.3;19.8;19.6;20.1;20.5;21.4;22.8;23;23.1;24.5;24.7;25.1;26.1;26.2;26;26;26.6;26.3;26;26.7;27.2;27.8;28.6
752;Sweden;Share in total final energy consumption (%);Biogases;IEA (2024), World Energy Balances;NaN;NaN;0;0.1;0.1;0.1;0.1;0.1;0.1;0.1;0.1;0.1;0.1;0.1;0.1;0.1;0.1;0.1;0.3;0.3;0.3;0.3;0.4;0.4;0.4;0.5;0.5;0.5;0.5;0.5;0.5;0.4;0.5
752;Sweden;Share in total final energy consumption (%);Hydro;IEA (2024), World Energy Balances;17;14.8;16.3;16.5;13.2;14.5;11.5;14.7;15;14.9;17.8;16.9;15.5;13.4;13.6;16.2;15.2;15.7;16.3;16.9;15.5;15.2;16.6;14.1;14.6;16.4;14.2;14.1;13.7;13.8;15.7;15.3;14.3
752;Sweden;Share in total final energy consumption (%);Geothermal;IEA (2024), World Energy Balances;0;0;0;0;0;0;0;0;0;0;0;0;0;0;0;0;0;0;0;0;0;0;0;0;0;0;0;0;0;0;0;0;0
752;Sweden;Share in total final energy consumption (%);Tide, wave and ocean;IEA (2024), World Energy Balances;0;0;0;0;0;0;0;0;0;0;0;0;0;0;0;0;0;0;0;0;0;0;0;0;0;0;0;0;0;0;0;0;0
752;Sweden;Share in total final energy consumption (%);Wind;IEA (2024), World Energy Balances;0;0;0;0;0;0;0;0;0.1;0.1;0.1;0.1;0.1;0.2;0.2;0.2;0.2;0.3;0.5;0.6;0.8;1.4;1.5;2.3;2.6;3.5;3.5;3.8;3.7;4.2;6;5.6;6.8
752;Sweden;Share in total final energy consumption (%);Solar;IEA (2024), World Energy Balances;0;0;0;0;0;0;0;0;0;0;0;0;0;0;0;0;0;0;0;0;0;0;0;0;0;0.1;0.1;0.1;0.1;0.2;0.3;0.3;0.4
752;Sweden;Final consumption of renewable energy (PJ) - Heat raising;Renewables;IEA (2024), World Energy Balances;209.5;219.5;222.4;237.1;244;266.8;282.1;287.1;285.8;269.8;294.3;269.6;264.4;269.2;267.4;276.5;291.5;302.2;298.8;304.4;335;323.6;340.3;338.6;330.4;339.8;347.6;346.2;339.9;344.6;355.4;375.5;372.9
752;Sweden;Final consumption of renewable energy (PJ) - Transport;Renewables;IEA (2024), World Energy Balances;4.5;3.8;4.7;4.5;3.8;4.7;4.2;5.1;5;5.2;6.6;5.9;6.4;7.2;10.1;11.2;13.3;16.2;18.3;19.3;19.8;24.3;27.4;30.6;37.8;44.3;52.1;62.8;67.2;64.3;65.4;68.7;80.3
752;Sweden;Final consumption of renewable energy (PJ) - Electricity consumption;Renewables;IEA (2024), World Energy Balances;216.4;190.8;221.5;226.3;185.9;208.7;170;212.7;218.9;214.7;258.7;240.3;223.6;197.7;206.1;236.1;228.4;240;246.9;254.4;256.4;245.7;265;237.8;240.4;278.5;256.9;260;251.1;257.6;296.6;301.5;291.8
756;Switzerland;Total final energy consumption (PJ);Total;IEA (2024), World Energy Balances;741;780.1;783.3;757.5;738.6;758.9;776.5;758.5;778.3;794.4;783.8;807.9;786.7;811.3;816.7;828;821.2;794.8;823;806.9;840.1;772.9;801;819.1;750;759.5;771.3;761.8;740.7;741.5;702.4;742.5;686.2
756;Switzerland;Share in total final energy consumption (%);Renewables;IEA (2024), World Energy Balances;16.8;17.1;17;18;18.3;17.6;16.7;17.4;17.1;18.4;18.2;18.7;18.2;18;18.1;18.7;18.1;19.3;19.5;20;20.6;20.6;21.9;21.8;22.2;23.9;24.1;25;24.2;24.7;26.3;27.7;26.2
756;Switzerland;Share in total final energy consumption (%);Modern renewables;IEA (2024), World Energy Balances;16.8;17.1;17;18;18.3;17.6;16.7;17.4;17.1;18.4;18.2;18.7;18.2;18;18.1;18.7;18.1;19.3;19.5;20;20.6;20.6;21.9;21.8;22.2;23.9;24.1;25;24.2;24.7;26.3;27.7;26.2
756;Switzerland;Share in total final energy consumption (%);Municipal waste (renew);IEA (2024), World Energy Balances;0.5;0.5;0.5;0.5;0.6;0.6;0.6;0.6;0.6;0.8;0.9;0.8;0.9;0.9;1;1.1;1.1;1.2;1.1;1.3;1.3;1.4;1.3;1.2;1.3;1.4;1.5;1.5;1.5;1.6;1.6;1.6;1.6
756;Switzerland;Share in total final energy consumption (%);Liquid biofuels;IEA (2024), World Energy Balances;0;0;0;0;0;0;0;0;0;0;0;0;0;0;0;0;0;0.1;0.1;0;0.1;0.1;0.1;0.1;0.1;0.3;0.5;0.7;0.9;1;1.1;0.9;1
756;Switzerland;Share in total final energy consumption (%);Solid biofuels;IEA (2024), World Energy Balances;3.9;4;3.9;4;3.9;4;4.3;3.9;3.8;3.7;3.6;3.7;3.6;3.7;3.7;3.8;3.9;3.9;4.2;4.4;4.7;4.4;4.8;5.1;4.7;5.1;5.4;5.5;5.3;5.5;5.9;6.5;6.3
756;Switzerland;Share in total final energy consumption (%);Biogases;IEA (2024), World Energy Balances;0.2;0.2;0.2;0.2;0.2;0.2;0.2;0.2;0.2;0.2;0.2;0.2;0.2;0.2;0.2;0.2;0.2;0.3;0.3;0.3;0.3;0.3;0.3;0.3;0.4;0.4;0.4;0.4;0.4;0.4;0.4;0.4;0.5
756;Switzerland;Share in total final energy consumption (%);Hydro;IEA (2024), World Energy Balances;12.3;12.4;12.4;13.2;13.6;12.8;11.5;12.7;12.3;13.5;13.4;13.9;13.3;13;13.1;13.5;12.6;13.8;13.8;13.7;14;14.1;15;14.6;15;16;15.4;15.7;14.8;15;15.8;16.5;14.5
756;Switzerland;Share in total final energy consumption (%);Geothermal;IEA (2024), World Energy Balances;0;0;0;0;0;0;0;0;0;0;0;0;0;0;0;0;0;0;0;0;0;0;0;0;0;0;0;0;0;0;0;0;0
756;Switzerland;Share in total final energy consumption (%);Tide, wave and ocean;IEA (2024), World Energy Balances;0;0;0;0;0;0;0;0;0;0;0;0;0;0;0;0;0;0;0;0;0;0;0;0;0;0;0;0;0;0;0;0;0
756;Switzerland;Share in total final energy consumption (%);Wind;IEA (2024), World Energy Balances;0;0;0;0;0;0;0;0;0;0;0;0;0;0;0;0;0;0;0;0;0;0;0;0;0;0;0;0.1;0.1;0.1;0.1;0.1;0.1
756;Switzerland;Share in total final energy consumption (%);Solar;IEA (2024), World Energy Balances;0;0;0;0;0;0;0;0.1;0.1;0.1;0.1;0.1;0.1;0.1;0.1;0.1;0.1;0.1;0.1;0.2;0.2;0.3;0.3;0.4;0.6;0.8;0.9;1.1;1.2;1.2;1.5;1.6;2.3
756;Switzerland;Final consumption of renewable energy (PJ) - Heat raising;Renewables;IEA (2024), World Energy Balances;32.2;35.5;34.6;34.8;33;35;38;33.9;34.8;36.4;35.1;36.3;35.7;37.7;37.6;39.4;40.4;39.4;42.6;45.8;50.2;44.3;48.4;51.8;45.5;49.2;52.5;52.5;50.4;52.5;52.6;59.4;53.5
756;Switzerland;Final consumption of renewable energy (PJ) - Transport;Renewables;IEA (2024), World Energy Balances;5.1;5.2;5.2;5.3;5.3;5;4.5;4.8;4.9;5.5;5.9;6.3;6;6.3;6.3;6.8;6.5;7;7.3;6.9;7.4;6.9;7.7;7.7;7.8;9.7;11.2;13.3;14.2;15;14.8;14.9;14.3
756;Switzerland;Final consumption of renewable energy (PJ) - Electricity consumption;Renewables;IEA (2024), World Energy Balances;87.1;92.7;93.3;96;97;93.7;87.1;93.2;93.1;104;101.6;108.6;101.3;102.2;103.8;108.8;101.4;107;110.9;108.4;115.2;107.7;119.1;119.2;113.1;122.9;122;124.4;114.5;116;117.6;131.2;112.2
760;Syrian Arab Republic;Total final energy consumption (PJ);Total;IEA (2024), World Energy Balances;300.2;329;305.1;301.2;296.8;307.3;338.7;339.6;370.7;345;346.1;367.5;361.6;347.9;390.8;506.6;534.8;562.2;570.6;482.6;514.5;493.7;393.4;257.1;242.1;217.9;199;203.6;247.4;224.2;206;199.2;196.4
760;Syrian Arab Republic;Share in total final energy consumption (%);Renewables;IEA (2024), World Energy Balances;2.4;2.1;2.2;2.2;2;1.8;1.6;1.7;1.6;1.8;2;2.1;1.6;1.9;2.6;2.1;1.8;1.5;1.2;0.9;1.4;1.6;2;3.1;2.6;0.6;1.3;1;0.9;1;1.1;1.1;1.2
760;Syrian Arab Republic;Share in total final energy consumption (%);Modern renewables;IEA (2024), World Energy Balances;2.4;2.1;2.2;2.2;2;1.8;1.6;1.7;1.6;1.8;2;2.1;1.6;1.9;2.6;2.1;1.8;1.5;1.2;0.9;1.4;1.6;2;3.1;2.6;0.6;1.3;1;0.9;1;1.1;1.1;1.2
760;Syrian Arab Republic;Share in total final energy consumption (%);Municipal waste (renew);IEA (2024), World Energy Balances;0;0;0;0;0;0;0;0;0;0;0;0;0;0;0;0;0;0;0;0;0;0;0;0;0;0;0;0;0;0;0;0;0
760;Syrian Arab Republic;Share in total final energy consumption (%);Liquid biofuels;IEA (2024), World Energy Balances;0;0;0;0;0;0;0;0;0;0;0;0;0;0;0;0;0;0;0;0;0;0;0;0;0;0;0;0;0;0;0;0;0
760;Syrian Arab Republic;Share in total final energy consumption (%);Solid biofuels;IEA (2024), World Energy Balances;0;0;0;0;0;0;0;0;0.1;0.1;0.1;0.1;0;0;0;0;0;0;0;0;0;0;0;0.1;0.1;0.1;0.1;0.1;0.1;0.1;0.1;0.1;0.1
760;Syrian Arab Republic;Share in total final energy consumption (%);Biogases;IEA (2024), World Energy Balances;0;0;0;0;0;0;0;0;0;0;0;0;0;0;0;0;0;0;0;0;0;0;0;0;0;0;0;0;0;0;0;0;0
760;Syrian Arab Republic;Share in total final energy consumption (%);Hydro;IEA (2024), World Energy Balances;2.3;2.1;2.2;2.2;2;1.7;1.6;1.6;1.6;1.7;1.9;2;1.6;1.9;2.5;2.1;1.8;1.5;1.2;0.9;1.3;1.6;2;3;2.5;0.5;1.2;0.9;0.8;0.9;0.9;1;1
760;Syrian Arab Republic;Share in total final energy consumption (%);Geothermal;IEA (2024), World Energy Balances;0;0;0;0;0;0;0;0;0;0;0;0;0;0;0;0;0;0;0;0;0;0;0;0;0;0;0;0;0;0;0;0;0
760;Syrian Arab Republic;Share in total final energy consumption (%);Tide, wave and ocean;IEA (2024), World Energy Balances;0;0;0;0;0;0;0;0;0;0;0;0;0;0;0;0;0;0;0;0;0;0;0;0;0;0;0;0;0;0;0;0;0
760;Syrian Arab Republic;Share in total final energy consumption (%);Wind;IEA (2024), World Energy Balances;0;0;0;0;0;0;0;0;0;0;0;0;0;0;0;0;0;0;0;0;0;0;0;0;0;0;0;0;0;0;0;0;0
760;Syrian Arab Republic;Share in total final energy consumption (%);Solar;IEA (2024), World Energy Balances;0;0;0;0;0;0;0;0;0;0;0;0;0;0;0;0;0;0;0;0;0;0;0;0;0;0;0;0;0;0;0;0.1;0.1
760;Syrian Arab Republic;Final consumption of renewable energy (PJ) - Heat raising;Renewables;IEA (2024), World Energy Balances;0.1;0.1;0.1;0.1;0.1;0.1;0.1;0.1;0.2;0.2;0.2;0.2;0.2;0.2;0.2;0.2;0.2;0.2;0.2;0.2;0.2;0.2;0.2;0.2;0.2;0.2;0.2;0.2;0.2;0.2;0.2;0.2;0.2
760;Syrian Arab Republic;Final consumption of renewable energy (PJ) - Transport;Renewables;IEA (2024), World Energy Balances;0;0;0;0;0;0;0;0;0;0;0;0;0;0;0;0;0;0;0;0;0;0;0;0;0;0;0;0;0;0;0;0;0
760;Syrian Arab Republic;Final consumption of renewable energy (PJ) - Electricity consumption;Renewables;IEA (2024), World Energy Balances;7;6.7;6.6;6.5;5.9;5.4;5.4;5.6;5.8;5.8;6.7;7.4;5.6;6.4;10;10.5;9.5;8.5;6.9;4.2;6.8;7.8;7.8;7.7;6.1;1.1;2.4;1.9;1.9;2;2;2.1;2.2
762;Tajikistan;Total final energy consumption (PJ);Total;IEA (2024), World Energy Balances;196;187.2;150.1;113.6;88.5;81.1;77;74.4;78.5;77.8;75.3;74.2;75.6;76.2;81.9;81.4;84.6;96.4;91.9;79.3;81.9;82;88.1;87.9;95.3;102.6;103.9;106;114.8;124.3;128.6;128;133.7
762;Tajikistan;Share in total final energy consumption (%);Renewables;IEA (2024), World Energy Balances;29.6;31;37.4;43.9;57.3;60.6;62.7;56.8;55.8;59.7;62.4;64.1;64.2;64.6;61.4;63.7;61.6;53.8;54.6;60.6;61.8;60;55.8;55.1;45.9;48.1;43.7;44.2;41.6;40.1;38.8;34.9;36.7
762;Tajikistan;Share in total final energy consumption (%);Modern renewables;IEA (2024), World Energy Balances;29.6;31;37.4;43.9;57.3;60.6;62.7;56.8;55.8;59.7;62.4;64.1;64.2;64.6;61.4;63.7;61.6;53.8;54.6;60.6;61.8;60;55.8;55.1;45.9;48.1;43.7;44.2;41.6;40.1;38.8;34.9;36.7
762;Tajikistan;Share in total final energy consumption (%);Municipal waste (renew);IEA (2024), World Energy Balances;0;0;0;0;0;0;0;0;0;0;0;0;0;0;0;0;0;0;0;0;0;0;0;0;0;0;0;0;0;0;0;0;0
762;Tajikistan;Share in total final energy consumption (%);Liquid biofuels;IEA (2024), World Energy Balances;0;0;0;0;0;0;0;0;0;0;0;0;0;0;0;0;0;0;0;0;0;0;0;0;0;0;0;0;0;0;0;0;0
762;Tajikistan;Share in total final energy consumption (%);Solid biofuels;IEA (2024), World Energy Balances;0;0;0;0;0;0;0;0;0;0;0;0;0;0;0;0;0;0;0;0;0;0;0;0;0;0;0;0;0;0;0;0;0
762;Tajikistan;Share in total final energy consumption (%);Biogases;IEA (2024), World Energy Balances;0;0;0;0;0;0;0;0;0;0;0;0;0;0;0;0;0;0;0;0;0;0;0;0;0;0;0;0;0;0;0;0;0
762;Tajikistan;Share in total final energy consumption (%);Hydro;IEA (2024), World Energy Balances;29.6;31;37.4;43.9;57.3;60.6;62.7;56.8;55.8;59.7;62.4;64.1;64.2;64.6;61.4;63.7;61.6;53.8;54.6;60.6;61.8;60;55.8;55.1;45.9;48.1;43.7;44.2;41.6;40.1;38.8;34.9;36.7
762;Tajikistan;Share in total final energy consumption (%);Geothermal;IEA (2024), World Energy Balances;0;0;0;0;0;0;0;0;0;0;0;0;0;0;0;0;0;0;0;0;0;0;0;0;0;0;0;0;0;0;0;0;0
762;Tajikistan;Share in total final energy consumption (%);Tide, wave and ocean;IEA (2024), World Energy Balances;0;0;0;0;0;0;0;0;0;0;0;0;0;0;0;0;0;0;0;0;0;0;0;0;0;0;0;0;0;0;0;0;0
762;Tajikistan;Share in total final energy consumption (%);Wind;IEA (2024), World Energy Balances;0;0;0;0;0;0;0;0;0;0;0;0;0;0;0;0;0;0;0;0;0;0;0;0;0;0;0;0;0;0;0;0;0
762;Tajikistan;Share in total final energy consumption (%);Solar;IEA (2024), World Energy Balances;0;0;0;0;0;0;0;0;0;0;0;0;0;0;0;0;0;0;0;0;0;0;0;0;0;0;0;0;0;0;0;0;0
762;Tajikistan;Final consumption of renewable energy (PJ) - Heat raising;Renewables;IEA (2024), World Energy Balances;0;0;0;0;0;0;0;0;0;0;0;0;0;0;0;0;0;0;0;0;0;0;0;0;0;0;0;0;0;0;0;0;0
762;Tajikistan;Final consumption of renewable energy (PJ) - Transport;Renewables;IEA (2024), World Energy Balances;0.7;0.7;0;0;0.3;0.3;0.3;0.3;0.2;0.2;0.2;0.1;0.1;0.1;0.1;0.1;0.1;0.1;0.1;0.1;0.1;0.6;0.1;0.1;0.1;0.1;0.1;0.1;0;0;0;0;0
762;Tajikistan;Final consumption of renewable energy (PJ) - Electricity consumption;Renewables;IEA (2024), World Energy Balances;57.4;57.4;56.1;49.9;50.3;48.9;48;42;43.6;46.2;46.9;47.4;48.4;49.2;50.2;51.8;52;51.8;50.1;48;50.5;48.6;49;48.3;43.6;49.2;45.3;46.8;47.7;49.8;49.8;44.6;49
764;Thailand;Total final energy consumption (PJ);Total;IEA (2024), World Energy Balances;1203.2;1270.5;1376.6;1468.4;1587.9;1796.7;1944.9;1970.2;1774.9;1874.6;1897.8;1937.5;2088;2209.9;2393.4;2439.8;2470.3;2495.8;2556.9;2605.3;2777.9;2773.3;3000.6;3005.7;3043.4;3157.5;3107.3;3186;3176.1;3305.1;3092.7;2903.4;3164
764;Thailand;Share in total final energy consumption (%);Renewables;IEA (2024), World Energy Balances;33.5;33;31.7;26.4;23.8;22.5;21;21.1;21.5;21.1;21.8;19.9;19.9;20.2;19.9;20.1;20.5;21.6;22.6;22.8;22.8;23;23.6;23.2;24.4;22.7;22.4;22.2;23.7;23.9;21;19.2;19.3
764;Thailand;Share in total final energy consumption (%);Modern renewables;IEA (2024), World Energy Balances;11.4;11.1;12.4;9.5;9.1;10.7;10.8;10.9;10;10;10.6;8.8;9.4;10.1;9.6;10.4;10.9;11.6;12.5;13.2;12.6;13.2;14.7;14.1;15.2;14.2;16.7;16.9;18.8;19.4;17.3;16;16.2
764;Thailand;Share in total final energy consumption (%);Municipal waste (renew);IEA (2024), World Energy Balances;0;0;0;0;0;0;0;0;0;0;0;0;0;0;0;0;0;0;0;0;0;0;0.1;0.1;0.1;0.1;0.1;0.1;0.2;0.2;0.2;0.2;0.4
764;Thailand;Share in total final energy consumption (%);Liquid biofuels;IEA (2024), World Energy Balances;0;0;0;0;0;0;0;0;0;0;0;0;0;0;0;0.1;0.1;0.2;0.8;1;1;1.1;1.3;1.7;2;2;2.2;2.3;2.6;2.8;3;2.8;2.3
764;Thailand;Share in total final energy consumption (%);Solid biofuels;IEA (2024), World Energy Balances;32.2;31.8;30.8;25.6;22.9;21.4;19.8;19.9;20.6;20.5;20.8;18.8;18.7;19.1;19;19.3;19.3;20.3;20.9;20.9;21.1;20.1;20.3;19.8;20.3;19;18.4;17.7;18.2;18.2;15.1;13.2;13.7
764;Thailand;Share in total final energy consumption (%);Biogases;IEA (2024), World Energy Balances;0;0;0;0;0;0;0;0;0;0;0;0;0;0;0;0;0;0;0;0;0;0.8;0.7;0.8;1.1;0.7;0.9;0.9;1.1;1;1.1;1.2;1.1
764;Thailand;Share in total final energy consumption (%);Hydro;IEA (2024), World Energy Balances;1.3;1.1;1;0.8;0.9;1.2;1.2;1.2;0.9;0.6;1;1.1;1.2;1.1;0.8;0.8;1.1;1.1;0.9;0.9;0.7;1;1;0.6;0.6;0.4;0.4;0.6;0.9;0.7;0.6;0.6;0.8
764;Thailand;Share in total final energy consumption (%);Geothermal;IEA (2024), World Energy Balances;0;0;0;0;0;0;0;0;0;0;0;0;0;0;0;0;0;0;0;0;0;0;0;0;0;0;0;0;0;0;0;0;0
764;Thailand;Share in total final energy consumption (%);Tide, wave and ocean;IEA (2024), World Energy Balances;0;0;0;0;0;0;0;0;0;0;0;0;0;0;0;0;0;0;0;0;0;0;0;0;0;0;0;0;0;0;0;0;0
764;Thailand;Share in total final energy consumption (%);Wind;IEA (2024), World Energy Balances;0;0;0;0;0;0;0;0;0;0;0;0;0;0;0;0;0;0;0;0;0;0;0;0;0;0;0;0.1;0.2;0.4;0.4;0.5;0.4
764;Thailand;Share in total final energy consumption (%);Solar;IEA (2024), World Energy Balances;0;0;0;0;0;0;0;0;0;0;0;0;0;0;0;0;0;0;0;0;0;0;0.1;0.1;0.2;0.3;0.4;0.5;0.5;0.6;0.6;0.7;0.6
764;Thailand;Final consumption of renewable energy (PJ) - Heat raising;Renewables;IEA (2024), World Energy Balances;387.3;404.5;423.8;375.3;363.7;382.7;383.3;391.6;363.8;382;392.2;363.1;388.6;418.7;451.7;465;472.4;500.3;526.1;534.7;576.4;563.7;619.6;599.6;631;601.6;539.9;539.3;557.8;576.8;446.7;358.8;406.3
764;Thailand;Final consumption of renewable energy (PJ) - Transport;Renewables;IEA (2024), World Energy Balances;0;0;0;0;0;0;0;0;0;0;0;0;0;0;0.1;1.4;2.7;5.9;20.1;26.6;27.4;29.6;38.8;50.3;61.2;64.2;67.4;74.6;81.5;90.9;91.3;81.8;73.8
764;Thailand;Final consumption of renewable energy (PJ) - Electricity consumption;Renewables;IEA (2024), World Energy Balances;15.5;14.3;13.2;11.8;14.3;22.4;25.4;24;17.7;14.3;21.6;22;27;27.8;24.1;24.2;31.8;33.1;32.3;33.6;30.2;43.2;48.5;47.6;50;49.5;89.6;94.8;112.4;123;110.9;118.1;130.2
626;Timor-Leste;Total final energy consumption (PJ);Total;Energy Balances, UN Statistics Division (2024);NaN;NaN;NaN;NaN;NaN;NaN;NaN;NaN;NaN;NaN;NaN;NaN;3.1;3.1;3.2;3.1;3.1;3;3;3.1;3.2;3.2;4;4.3;5.2;5;6.8;6.2;6.2;6.4;6.3;5.7;6
626;Timor-Leste;Share in total final energy consumption (%);Renewables;Energy Balances, UN Statistics Division (2024);NaN;NaN;NaN;NaN;NaN;NaN;NaN;NaN;NaN;NaN;NaN;NaN;48.3;47.8;44;43.6;41.9;41.9;39.7;36.9;34.8;32.8;25.6;22.6;18.1;18;12.7;13.2;12.7;11.7;11.4;12.1;10.9
626;Timor-Leste;Share in total final energy consumption (%);Modern renewables;Energy Balances, UN Statistics Division (2024);NaN;NaN;NaN;NaN;NaN;NaN;NaN;NaN;NaN;NaN;NaN;NaN;0;0;0;0;0;0;0.1;0.1;0.1;0.1;0.1;0.1;0.1;0.1;0.1;0.1;0.1;0.1;0.1;0.1;0.1
626;Timor-Leste;Share in total final energy consumption (%);Municipal waste (renew);Energy Balances, UN Statistics Division (2024);NaN;NaN;NaN;NaN;NaN;NaN;NaN;NaN;NaN;NaN;NaN;NaN;0;0;0;0;0;0;0;0;0;0;0;0;0;0;0;0;0;0;0;0;0
626;Timor-Leste;Share in total final energy consumption (%);Liquid biofuels;Energy Balances, UN Statistics Division (2024);NaN;NaN;NaN;NaN;NaN;NaN;NaN;NaN;NaN;NaN;NaN;NaN;0;0;0;0;0;0;0;0;0;0;0;0;0;0;0;0;0;0;0;0;0
626;Timor-Leste;Share in total final energy consumption (%);Solid biofuels;Energy Balances, UN Statistics Division (2024);NaN;NaN;NaN;NaN;NaN;NaN;NaN;NaN;NaN;NaN;NaN;NaN;48.3;47.8;44;43.6;41.9;41.9;39.6;36.8;34.7;32.7;25.5;22.4;18;17.9;12.6;13.1;12.6;11.6;11.3;12;10.8
626;Timor-Leste;Share in total final energy consumption (%);Biogases;Energy Balances, UN Statistics Division (2024);NaN;NaN;NaN;NaN;NaN;NaN;NaN;NaN;NaN;NaN;NaN;NaN;0;0;0;0;0;0;0;0;0;0;0;0;0;0;0;0;0;0;0;0;0
626;Timor-Leste;Share in total final energy consumption (%);Hydro;Energy Balances, UN Statistics Division (2024);NaN;NaN;NaN;NaN;NaN;NaN;NaN;NaN;NaN;NaN;NaN;NaN;0;0;0;0;0;0;0.1;0.1;0.1;0.1;0.1;0.1;0.1;0.1;0.1;0.1;0.1;0.1;0.1;0.1;0.1
626;Timor-Leste;Share in total final energy consumption (%);Geothermal;Energy Balances, UN Statistics Division (2024);NaN;NaN;NaN;NaN;NaN;NaN;NaN;NaN;NaN;NaN;NaN;NaN;0;0;0;0;0;0;0;0;0;0;0;0;0;0;0;0;0;0;0;0;0
626;Timor-Leste;Share in total final energy consumption (%);Tide, wave and ocean;Energy Balances, UN Statistics Division (2024);NaN;NaN;NaN;NaN;NaN;NaN;NaN;NaN;NaN;NaN;NaN;NaN;0;0;0;0;0;0;0;0;0;0;0;0;0;0;0;0;0;0;0;0;0
626;Timor-Leste;Share in total final energy consumption (%);Wind;Energy Balances, UN Statistics Division (2024);NaN;NaN;NaN;NaN;NaN;NaN;NaN;NaN;NaN;NaN;NaN;NaN;0;0;0;0;0;0;0;0;0;0;0;0;0;0;0;0;0;0;0;0;0
626;Timor-Leste;Share in total final energy consumption (%);Solar;Energy Balances, UN Statistics Division (2024);NaN;NaN;NaN;NaN;NaN;NaN;NaN;NaN;NaN;NaN;NaN;NaN;0;0;0;0;0;0;0;0;0;0;0;0.1;0;0;0;0.1;0.1;0;0;0;0
626;Timor-Leste;Final consumption of renewable energy (PJ) - Heat raising;Renewables;Energy Balances, UN Statistics Division (2024);NaN;NaN;NaN;NaN;NaN;NaN;NaN;NaN;NaN;NaN;NaN;NaN;1.5;1.5;1.4;1.4;1.3;1.2;1.2;1.1;1.1;1.1;1;1;0.9;0.9;0.8;0.8;0.8;0.7;0.7;0.7;0.6
626;Timor-Leste;Final consumption of renewable energy (PJ) - Transport;Renewables;Energy Balances, UN Statistics Division (2024);NaN;NaN;NaN;NaN;NaN;NaN;NaN;NaN;NaN;NaN;NaN;NaN;0;0;0;0;0;0;0;0;0;0;0;0;0;0;0;0;0;0;0;0;0
626;Timor-Leste;Final consumption of renewable energy (PJ) - Electricity consumption;Renewables;Energy Balances, UN Statistics Division (2024);NaN;NaN;NaN;NaN;NaN;NaN;NaN;NaN;NaN;NaN;NaN;NaN;0;0;0;0;0;0;0;0;0;0;0;0;0;0;0;0;0;0;0;0;0
768;Togo;Total final energy consumption (PJ);Total;IEA (2024), World Energy Balances;35.4;35.2;35;33.6;38.6;40.7;47;44;46.2;55;53.5;51.3;55.2;59.9;59.6;60.5;59.9;61.9;66.3;86.6;85;85;83.3;78.8;77.4;76.6;80.4;80.7;87.1;88.8;94.8;97.3;100.1
768;Togo;Share in total final energy consumption (%);Renewables;IEA (2024), World Energy Balances;78.7;82.1;85.8;91.5;81.6;81.5;73.1;79.6;77.8;73.1;77.1;82;78.7;74.8;76.1;77.2;79.7;79.9;76.5;63.4;65.8;69.1;71.3;75.6;81.5;81.3;80.7;80.9;76.6;76.6;72.7;73.2;73
768;Togo;Share in total final energy consumption (%);Modern renewables;IEA (2024), World Energy Balances;12;13.3;14.4;14.6;12.5;13.7;12.5;12.8;11.6;10.4;11;11.3;11.4;11.3;10.9;11;11.5;12.4;12;10.2;10.2;11.8;11.2;10.6;13.6;11.1;12.2;11.2;11.8;11.6;10.4;11;11.2
768;Togo;Share in total final energy consumption (%);Municipal waste (renew);IEA (2024), World Energy Balances;0;0;0;0;0;0;0;0;0;0;0;0;0;0;0;0;0;0.1;0;0;0;0.1;0.1;0;0;0;0;0;0;0;0;0;0
768;Togo;Share in total final energy consumption (%);Liquid biofuels;IEA (2024), World Energy Balances;0;0;0;0;0;0;0;0;0;0;0;0;0;0;0;0;0;0;0;0;0;0;0;0;0;0;0;0;0;0;0;0;0
768;Togo;Share in total final energy consumption (%);Solid biofuels;IEA (2024), World Energy Balances;76.6;79.8;82.9;89.1;79.8;78.4;70.3;77.1;75.6;71.4;75.3;80.6;76.8;72.5;74.6;75.8;78.1;78.2;73.9;61;63.9;65.8;69;74.7;78;80.3;78.6;79.9;74.7;75.4;72;72;71.7
768;Togo;Share in total final energy consumption (%);Biogases;IEA (2024), World Energy Balances;0;0;0;0;0;0;0;0;0;0;0;0;0;0;0;0;0;0;0;0;0;0;0;0;0;0;0;0;0;0;0;0;0
768;Togo;Share in total final energy consumption (%);Hydro;IEA (2024), World Energy Balances;2.1;2.3;2.9;2.4;1.8;3.1;2.8;2.5;2.2;1.7;1.8;1.4;1.8;2.3;1.5;1.4;1.5;1.7;2.6;2.3;1.8;3.2;2.2;0.9;3.4;0.9;2;1;1.8;1.2;0.7;0.7;0.6
768;Togo;Share in total final energy consumption (%);Geothermal;IEA (2024), World Energy Balances;0;0;0;0;0;0;0;0;0;0;0;0;0;0;0;0;0;0;0;0;0;0;0;0;0;0;0;0;0;0;0;0;0
768;Togo;Share in total final energy consumption (%);Tide, wave and ocean;IEA (2024), World Energy Balances;0;0;0;0;0;0;0;0;0;0;0;0;0;0;0;0;0;0;0;0;0;0;0;0;0;0;0;0;0;0;0;0;0
768;Togo;Share in total final energy consumption (%);Wind;IEA (2024), World Energy Balances;0;0;0;0;0;0;0;0;0;0;0;0;0;0;0;0;0;0;0;0;0;0;0;0;0;0;0;0;0;0;0;0;0
768;Togo;Share in total final energy consumption (%);Solar;IEA (2024), World Energy Balances;0;0;0;0;0;0;0;0;0;0;0;0;0;0;0;0;0;0;0;0;0;0;0;0;0;0;0;0;0;0.1;0.1;0.4;0.7
768;Togo;Final consumption of renewable energy (PJ) - Heat raising;Renewables;IEA (2024), World Energy Balances;27.2;28.1;29;29.9;30.8;31.9;33;33.9;34.9;39.3;40.3;41.3;42.4;43.4;44.5;45.9;46.7;48.3;49;52.8;54.4;55.9;57.5;58.9;60.3;61.5;63.3;64.5;65;66.9;68.2;70;71.8
768;Togo;Final consumption of renewable energy (PJ) - Transport;Renewables;IEA (2024), World Energy Balances;0;0;0;0;0;0;0;0;0;0;0;0;0;0;0;0;0;0;0;0;0;0;0;0;0;0;0;0;0;0;0;0;0
768;Togo;Final consumption of renewable energy (PJ) - Electricity consumption;Renewables;IEA (2024), World Energy Balances;0.7;0.8;1;0.8;0.7;1.3;1.3;1.1;1;0.9;1;0.7;1;1.4;0.9;0.9;0.9;1.1;1.7;2.1;1.6;2.8;1.9;0.7;2.7;0.7;1.6;0.8;1.6;1.1;0.7;1.1;1.3
776;Tonga;Total final energy consumption (PJ);Total;Energy Balances, UN Statistics Division (2024);1;1.1;0.9;1;1.1;1.2;1;1.1;1.1;1.4;1.2;1.1;1.2;1.5;1.4;1.3;1.6;1.3;1.2;1.4;1.4;1.2;1.2;1.3;1.3;1.2;1.7;1.7;1.6;2;1.7;1.7;1.7
776;Tonga;Share in total final energy consumption (%);Renewables;Energy Balances, UN Statistics Division (2024);1.4;1.3;1.6;1.4;1.2;1.2;1.5;1.3;1.2;1;2.5;2.7;2.5;2;2.1;2.2;1.9;2.2;2.4;2;1;1.1;1.1;1.5;1.7;2;1.7;1.7;1.7;1.7;2.6;2.4;2.1
776;Tonga;Share in total final energy consumption (%);Modern renewables;Energy Balances, UN Statistics Division (2024);0;0;0;0;0;0;0;0;0;0;0;0;0;0;0;0;0;0;0;0;0;0;0;0.5;0.6;0.9;0.9;1;0.9;1;1.8;1.7;1.4
776;Tonga;Share in total final energy consumption (%);Municipal waste (renew);Energy Balances, UN Statistics Division (2024);0;0;0;0;0;0;0;0;0;0;0;0;0;0;0;0;0;0;0;0;0;0;0;0;0;0;0;0;0;0;0;0;0
776;Tonga;Share in total final energy consumption (%);Liquid biofuels;Energy Balances, UN Statistics Division (2024);0;0;0;0;0;0;0;0;0;0;0;0;0;0;0;0;0;0;0;0;0;0;0;0;0;0;0;0;0;0;0;0;0
776;Tonga;Share in total final energy consumption (%);Solid biofuels;Energy Balances, UN Statistics Division (2024);1.4;1.3;1.6;1.4;1.2;1.2;1.5;1.3;1.2;1;2.5;2.7;2.5;2;2.1;2.2;1.9;2.2;2.4;2;1;1.1;1.1;1;1.1;1.1;0.8;0.8;0.8;0.6;0.7;0.7;0.7
776;Tonga;Share in total final energy consumption (%);Biogases;Energy Balances, UN Statistics Division (2024);0;0;0;0;0;0;0;0;0;0;0;0;0;0;0;0;0;0;0;0;0;0;0;0;0;0;0;0;0;0;0;0;0
776;Tonga;Share in total final energy consumption (%);Hydro;Energy Balances, UN Statistics Division (2024);0;0;0;0;0;0;0;0;0;0;0;0;0;0;0;0;0;0;0;0;0;0;0;0;0;0;0;0;0;0;0;0;0
776;Tonga;Share in total final energy consumption (%);Geothermal;Energy Balances, UN Statistics Division (2024);0;0;0;0;0;0;0;0;0;0;0;0;0;0;0;0;0;0;0;0;0;0;0;0;0;0;0;0;0;0;0;0;0
776;Tonga;Share in total final energy consumption (%);Tide, wave and ocean;Energy Balances, UN Statistics Division (2024);0;0;0;0;0;0;0;0;0;0;0;0;0;0;0;0;0;0;0;0;0;0;0;0;0;0;0;0;0;0;0;0;0
776;Tonga;Share in total final energy consumption (%);Wind;Energy Balances, UN Statistics Division (2024);0;0;0;0;0;0;0;0;0;0;0;0;0;0;0;0;0;0;0;0;0;0;0;0;0;0;0;0;0;0;0.5;0.4;0.3
776;Tonga;Share in total final energy consumption (%);Solar;Energy Balances, UN Statistics Division (2024);0;0;0;0;0;0;0;0;0;0;0;0;0;0;0;0;0;0;0;0;0;0;0;0.5;0.6;0.9;0.9;1;0.8;1;1.3;1.2;1
776;Tonga;Final consumption of renewable energy (PJ) - Heat raising;Renewables;Energy Balances, UN Statistics Division (2024);0;0;0;0;0;0;0;0;0;0;0;0;0;0;0;0;0;0;0;0;0;0;0;0;0;0;0;0;0;0;0;0;0
776;Tonga;Final consumption of renewable energy (PJ) - Transport;Renewables;Energy Balances, UN Statistics Division (2024);0;0;0;0;0;0;0;0;0;0;0;0;0;0;0;0;0;0;0;0;0;0;0;0;0;0;0;0;0;0;0;0;0
776;Tonga;Final consumption of renewable energy (PJ) - Electricity consumption;Renewables;Energy Balances, UN Statistics Division (2024);0;0;0;0;0;0;0;0;0;0;0;0;0;0;0;0;0;0;0;0;0;0;0;0;0;0;0;0;0;0;0;0;0
780;Trinidad and Tobago;Total final energy consumption (PJ);Total;IEA (2024), World Energy Balances;62.4;54.8;56.9;53.9;57.6;61.1;64.8;70.4;72;74.4;83.8;93.8;93.8;99.8;103.9;113.2;115.3;134;128.2;121.3;138.4;137.2;138.5;139.7;144.8;136.9;115.8;116.1;105.6;110.6;99.5;101.9;105.4
780;Trinidad and Tobago;Share in total final energy consumption (%);Renewables;IEA (2024), World Energy Balances;1.2;1.3;1.3;1.3;1.3;1.2;1;0.9;0.9;0.9;0.8;0.7;0.7;0.6;0.6;0.5;0.5;0.4;0.5;0.5;0.4;0.4;0.4;0.4;0.4;0.4;0.4;0.4;0.5;0.4;0.5;0.5;0.4
780;Trinidad and Tobago;Share in total final energy consumption (%);Modern renewables;IEA (2024), World Energy Balances;0.2;0.1;0.2;0.2;0.2;0.2;0.1;0.1;0.1;0.1;0.1;0.1;0.1;0;0.1;0.1;0.1;0.1;0.1;0.1;0;0;0;0;0;0;0;0;0;0;0;0;0
780;Trinidad and Tobago;Share in total final energy consumption (%);Municipal waste (renew);IEA (2024), World Energy Balances;0;0;0;0;0;0;0;0;0;0;0;0;0;0;0;0;0;0;0;0;0;0;0;0;0;0;0;0;0;0;0;0;0
780;Trinidad and Tobago;Share in total final energy consumption (%);Liquid biofuels;IEA (2024), World Energy Balances;0;0;0;0;0;0;0;0;0;0;0;0;0;0;0;0;0;0;0;0;0;0;0;0;0;0;0;0;0;0;0;0;0
780;Trinidad and Tobago;Share in total final energy consumption (%);Solid biofuels;IEA (2024), World Energy Balances;1.2;1.3;1.3;1.3;1.3;1.2;1;0.9;0.9;0.9;0.8;0.7;0.7;0.6;0.6;0.5;0.5;0.4;0.5;0.5;0.4;0.4;0.4;0.4;0.3;0.4;0.4;0.4;0.4;0.4;0.5;0.4;0.4
780;Trinidad and Tobago;Share in total final energy consumption (%);Biogases;IEA (2024), World Energy Balances;0;0;0;0;0;0;0;0;0;0;0;0;0;0;0;0;0;0;0;0;0;0;0;0;0;0;0;0;0;0;0;0;0
780;Trinidad and Tobago;Share in total final energy consumption (%);Hydro;IEA (2024), World Energy Balances;0;0;0;0;0;0;0;0;0;0;0;0;0;0;0;0;0;0;0;0;0;0;0;0;0;0;0;0;0;0;0;0;0
780;Trinidad and Tobago;Share in total final energy consumption (%);Geothermal;IEA (2024), World Energy Balances;0;0;0;0;0;0;0;0;0;0;0;0;0;0;0;0;0;0;0;0;0;0;0;0;0;0;0;0;0;0;0;0;0
780;Trinidad and Tobago;Share in total final energy consumption (%);Tide, wave and ocean;IEA (2024), World Energy Balances;0;0;0;0;0;0;0;0;0;0;0;0;0;0;0;0;0;0;0;0;0;0;0;0;0;0;0;0;0;0;0;0;0
780;Trinidad and Tobago;Share in total final energy consumption (%);Wind;IEA (2024), World Energy Balances;0;0;0;0;0;0;0;0;0;0;0;0;0;0;0;0;0;0;0;0;0;0;0;0;0;0;0;0;0;0;0;0;0
780;Trinidad and Tobago;Share in total final energy consumption (%);Solar;IEA (2024), World Energy Balances;0;0;0;0;0;0;0;0;0;0;0;0;0;0;0;0;0;0;0;0;0;0;0;0;0;0;0;0;0;0;0;0;0
780;Trinidad and Tobago;Final consumption of renewable energy (PJ) - Heat raising;Renewables;IEA (2024), World Energy Balances;0.6;0.6;0.6;0.6;0.6;0.6;0.6;0.6;0.6;0.6;0.6;0.6;0.6;0.6;0.5;0.5;0.5;0.5;0.5;0.5;0.5;0.5;0.5;0.5;0.5;0.5;0.5;0.5;0.5;0.5;0.5;0.4;0.4
780;Trinidad and Tobago;Final consumption of renewable energy (PJ) - Transport;Renewables;IEA (2024), World Energy Balances;0;0;0;0;0;0;0;0;0;0;0;0;0;0;0;0;0;0;0;0;0;0;0;0;0;0;0;0;0;0;0;0;0
780;Trinidad and Tobago;Final consumption of renewable energy (PJ) - Electricity consumption;Renewables;IEA (2024), World Energy Balances;0.1;0.1;0.1;0.1;0.1;0.1;0.1;0.1;0.1;0.1;0.1;0.1;0.1;0;0.1;0.1;0.1;0.1;0.1;0.1;0;0;0;0;0;0;0;0;0;0;0;0;0
788;Tunisia;Total final energy consumption (PJ);Total;IEA (2024), World Energy Balances;152.3;153.7;162.4;169.2;173.2;179.3;187.9;194.7;202.5;211.2;223;231.3;234.5;252.4;264.7;268.3;273.4;281.7;285.1;284;301.6;287.8;298.4;299.2;310.6;318.1;322.8;337;338.4;335.7;318.4;345.6;354.6
788;Tunisia;Share in total final energy consumption (%);Renewables;IEA (2024), World Energy Balances;14.5;14.8;14.2;13.9;14.2;14.4;14.4;14.4;14.5;14.5;14.2;14.2;14.5;14.1;13.9;14.2;14.3;14.3;14.6;16.1;12.6;13.2;13;13.2;12.8;12.5;12.3;11.8;11.8;12.1;12.7;11.8;11.5
788;Tunisia;Share in total final energy consumption (%);Modern renewables;IEA (2024), World Energy Balances;0.1;0.2;0.1;0.1;0.1;0.1;0.1;0.1;0.1;0.1;0.1;0.1;0.1;0.3;0.2;0.2;0.2;0.1;0.1;0.4;0.8;0.8;1;1.2;1.4;1.3;1.3;1.2;1.3;1.5;1.6;1.6;1.5
788;Tunisia;Share in total final energy consumption (%);Municipal waste (renew);IEA (2024), World Energy Balances;0;0;0;0;0;0;0;0;0;0;0;0;0;0;0;0;0;0;0;0;0;0;0;0;0;0;0;0;0;0;0;0;0
788;Tunisia;Share in total final energy consumption (%);Liquid biofuels;IEA (2024), World Energy Balances;0;0;0;0;0;0;0;0;0;0;0;0;0;0;0;0;0;0;0;0;0;0;0;0;0;0;0;0;0;0;0;0;0
788;Tunisia;Share in total final energy consumption (%);Solid biofuels;IEA (2024), World Energy Balances;14.4;14.6;14.1;13.8;14.1;14.3;14.3;14.4;14.4;14.4;14.1;14.1;14.4;13.9;13.7;14;14.2;14.2;14.5;15.9;12;12.6;12.2;12.2;11.7;11.4;11.2;10.7;10.7;10.8;11.3;10.4;10.2
788;Tunisia;Share in total final energy consumption (%);Biogases;IEA (2024), World Energy Balances;0;0;0;0;0;0;0;0;0;0;0;0;0;0;0;0;0;0;0;0;0;0;0;0;0;0;0;0;0;0;0;0;0
788;Tunisia;Share in total final energy consumption (%);Hydro;IEA (2024), World Energy Balances;0.1;0.2;0.1;0.1;0.1;0.1;0.1;0.1;0.1;0.1;0.1;0.1;0.1;0.2;0.2;0.2;0.1;0.1;0;0.1;0;0.1;0.1;0.1;0.1;0.1;0;0;0;0.1;0;0;0
788;Tunisia;Share in total final energy consumption (%);Geothermal;IEA (2024), World Energy Balances;0;0;0;0;0;0;0;0;0;0;0;0;0;0;0;0;0;0;0;0;0;0;0;0;0;0;0;0;0;0;0;0;0
788;Tunisia;Share in total final energy consumption (%);Tide, wave and ocean;IEA (2024), World Energy Balances;0;0;0;0;0;0;0;0;0;0;0;0;0;0;0;0;0;0;0;0;0;0;0;0;0;0;0;0;0;0;0;0;0
788;Tunisia;Share in total final energy consumption (%);Wind;IEA (2024), World Energy Balances;0;0;0;0;0;0;0;0;0;0;0;0;0;0;0.1;0;0;0;0;0.1;0.1;0.1;0.2;0.3;0.5;0.4;0.4;0.4;0.4;0.4;0.4;0.4;0.3
788;Tunisia;Share in total final energy consumption (%);Solar;IEA (2024), World Energy Balances;0;0;0;0;0;0;0;0;0;0;0;0;0;0;0;0;0;0;0;0;0.4;0.5;0.5;0.6;0.6;0.6;0.7;0.7;0.8;0.9;1;1;1.1
788;Tunisia;Final consumption of renewable energy (PJ) - Heat raising;Renewables;IEA (2024), World Energy Balances;21.9;22.4;22.8;23.3;24.5;25.6;26.8;28;29.2;30.3;31.5;32.7;33.8;35;36.2;37.4;38.7;40.1;41.4;45.1;37.5;37.6;38;38.1;38.2;38.1;38.2;38.2;38.5;38.7;38.8;38.8;38.8
788;Tunisia;Final consumption of renewable energy (PJ) - Transport;Renewables;IEA (2024), World Energy Balances;0;0;0;0;0;0;0;0;0;0;0;0;0;0;0;0;0;0;0;0;0;0;0;0;0;0;0;0;0;0;0;0;0
788;Tunisia;Final consumption of renewable energy (PJ) - Electricity consumption;Renewables;IEA (2024), World Energy Balances;0.1;0.3;0.2;0.2;0.1;0.1;0.2;0.1;0.2;0.3;0.3;0.2;0.3;0.6;0.6;0.6;0.4;0.3;0.2;0.5;0.6;0.5;0.9;1.2;1.7;1.6;1.6;1.5;1.6;1.9;1.8;1.9;2
792;Türkiye;Total final energy consumption (PJ);Total;IEA (2024), World Energy Balances;1573.6;1592.9;1639.3;1751.9;1678.5;1853.6;2012.1;2069.6;2046.7;2018.7;2274.2;2035.9;2229.2;2385.6;2464.3;2551.9;2801.1;2964.5;2868.9;2831;2983.5;3188.3;3310.4;3287.7;3372.9;3631.9;3766.3;4195;4119.9;4150.9;4234.2;4584.8;4517.1
792;Türkiye;Share in total final energy consumption (%);Renewables;IEA (2024), World Energy Balances;24.4;24;24;23.5;24;21.9;21;20.7;21.5;20.5;17.3;18.1;17.5;16.3;16.8;15.3;14.2;12.5;12.5;13.1;14.2;12.7;13;13.8;11.5;13.3;13.2;11.4;11.8;14.1;13.7;12;13.8
792;Türkiye;Share in total final energy consumption (%);Modern renewables;IEA (2024), World Energy Balances;24.4;24;24;23.5;24;21.9;21;20.7;21.5;20.5;17.3;18.1;17.5;16.3;16.8;15.3;14.2;12.5;12.5;13.1;14.2;12.7;13;13.8;11.5;13.3;13.2;11.4;11.8;14.1;13.7;12;13.8
792;Türkiye;Share in total final energy consumption (%);Municipal waste (renew);IEA (2024), World Energy Balances;0;0;0;0;0;0;0;0;0;0;0;0;0;0;0;0;0;0;0;0;0;0;0;0;0;0;0;0;0;0;0;0;0
792;Türkiye;Share in total final energy consumption (%);Liquid biofuels;IEA (2024), World Energy Balances;0;0;0;0;0;0;0;0;0;0;0;0;0;0;0;0;0;0;0;0;0;0;0.1;0.5;0.2;0.1;0.1;0.1;0.2;0.2;0.1;0.1;0.1
792;Türkiye;Share in total final energy consumption (%);Solid biofuels;IEA (2024), World Energy Balances;19.2;18.9;18.3;17;17.7;15.4;14.3;13.9;14.2;13.9;11.9;12.8;11.2;10.1;9.4;8.7;7.7;7;6.9;6.8;6.2;4.6;4.4;4.2;3.9;3.2;2.9;2.4;1.6;1.6;1.7;1.6;1.7
792;Türkiye;Share in total final energy consumption (%);Biogases;IEA (2024), World Energy Balances;0;0;0;0;0;0;0;0;0;0;0;0;0;0;0;0;0;0;0;0;0;0;0.1;0.1;0.1;0.1;0.2;0.2;0.2;0.2;0.3;0.3;0.4
792;Türkiye;Share in total final energy consumption (%);Hydro;IEA (2024), World Energy Balances;4.1;4;4.5;5.4;4.9;5.2;5.5;5.3;5.7;4.7;3.8;3.3;4.3;4.2;5.3;4.4;4.6;3.5;3.4;3.6;5;4.7;5.1;5.3;3.5;5.5;5.3;4.1;4.4;6.4;5.6;3.7;4.6
792;Türkiye;Share in total final energy consumption (%);Geothermal;IEA (2024), World Energy Balances;1;1;1;1;1;1;1;1.1;1.2;1.3;1.1;1.4;1.4;1.4;1.4;1.5;1.4;1.3;1.5;1.9;2;2;1.9;2;2.1;2.5;2.5;2.3;2.5;2.6;2.7;2.5;2.6
792;Türkiye;Share in total final energy consumption (%);Tide, wave and ocean;IEA (2024), World Energy Balances;0;0;0;0;0;0;0;0;0;0;0;0;0;0;0;0;0;0;0;0;0;0;0;0;0;0;0;0;0;0;0;0;0
792;Türkiye;Share in total final energy consumption (%);Wind;IEA (2024), World Energy Balances;0;0;0;0;0;0;0;0;0;0;0;0;0;0;0;0;0;0;0.1;0.2;0.3;0.4;0.5;0.7;0.7;0.9;1.2;1.3;1.5;1.6;1.8;2.1;2.4
792;Türkiye;Share in total final energy consumption (%);Solar;IEA (2024), World Energy Balances;0.1;0.1;0.2;0.2;0.3;0.3;0.3;0.4;0.4;0.5;0.5;0.6;0.6;0.6;0.6;0.6;0.6;0.6;0.6;0.6;0.6;0.8;1;1;1;1;1;1;1.5;1.5;1.6;1.7;2
792;Türkiye;Final consumption of renewable energy (PJ) - Heat raising;Renewables;IEA (2024), World Energy Balances;318.2;317.8;319.3;318.1;320.3;308.5;312.8;316.6;322.2;316.9;307.1;300.8;294;288.1;281.2;277.8;269.1;264.6;259.2;262;262.2;235.8;239;233.3;227.8;233.1;223.6;214;186.6;182.3;186.6;185.8;191.3
792;Türkiye;Final consumption of renewable energy (PJ) - Transport;Renewables;IEA (2024), World Energy Balances;0.5;0.5;0.6;0.7;0.6;0.5;0.7;0.3;0.5;0.5;0.7;0.5;0.7;0.6;0.8;0.7;1.6;1.2;1.3;0.7;0.8;1.3;4;17.5;6.8;5.7;5.8;6.1;7.9;9.5;6.7;7;8.8
792;Türkiye;Final consumption of renewable energy (PJ) - Electricity consumption;Renewables;IEA (2024), World Energy Balances;64.8;63.5;73.2;93.6;82.7;96.9;109.7;111.3;118.1;95.8;85.4;67.6;95.2;99.8;131.5;113;127.8;104;99.1;108.8;160.9;167.2;188.3;202.7;153.8;245.6;268.6;258.3;292.8;394.2;387.6;358.3;423.8
795;Turkmenistan;Total final energy consumption (PJ);Total;IEA (2024), World Energy Balances;520.2;441;341.1;308.7;368.9;372.6;339;347;365.3;417;386.1;384.6;407.4;466.5;496.4;504.4;512.9;602.8;590;539.7;607.9;668.6;674.3;653.2;645.3;703;688.9;698.5;737.6;735;819.9;1111.7;1143.3
795;Turkmenistan;Share in total final energy consumption (%);Renewables;IEA (2024), World Energy Balances;0;0;0;0;0;0;0;0;0.1;0.1;0.1;0.1;0.1;0.1;0.1;0.1;0.1;0.1;0.1;0.1;0.1;0.1;0.1;0.1;0.1;0.1;0.1;0.1;0.1;0.1;0;0;0
795;Turkmenistan;Share in total final energy consumption (%);Modern renewables;IEA (2024), World Energy Balances;0;0;0;0;0;0;0;0;0.1;0.1;0.1;0.1;0.1;0.1;0.1;0.1;0.1;0.1;0.1;0.1;0.1;0.1;0.1;0.1;0.1;0.1;0.1;0.1;0.1;0.1;0;0;0
795;Turkmenistan;Share in total final energy consumption (%);Municipal waste (renew);IEA (2024), World Energy Balances;0;0;0;0;0;0;0;0;0;0;0;0;0;0;0;0;0;0;0;0;0;0;0;0;0;0;0;0;0;0;0;0;0
795;Turkmenistan;Share in total final energy consumption (%);Liquid biofuels;IEA (2024), World Energy Balances;0;0;0;0;0;0;0;0;0;0;0;0;0;0;0;0;0;0;0;0;0;0;0;0;0;0;0;0;0;0;0;0;0
795;Turkmenistan;Share in total final energy consumption (%);Solid biofuels;IEA (2024), World Energy Balances;0;0;0;0;0;0;0;0;0.1;0.1;0.1;0.1;0.1;0.1;0.1;0.1;0.1;0.1;0.1;0.1;0.1;0.1;0.1;0.1;0.1;0.1;0.1;0.1;0.1;0.1;0;0;0
795;Turkmenistan;Share in total final energy consumption (%);Biogases;IEA (2024), World Energy Balances;0;0;0;0;0;0;0;0;0;0;0;0;0;0;0;0;0;0;0;0;0;0;0;0;0;0;0;0;0;0;0;0;0
795;Turkmenistan;Share in total final energy consumption (%);Hydro;IEA (2024), World Energy Balances;0;0;0;0;0;0;0;0;0;0;0;0;0;0;0;0;0;0;0;0;0;0;0;0;0;0;0;0;0;0;0;0;0
795;Turkmenistan;Share in total final energy consumption (%);Geothermal;IEA (2024), World Energy Balances;0;0;0;0;0;0;0;0;0;0;0;0;0;0;0;0;0;0;0;0;0;0;0;0;0;0;0;0;0;0;0;0;0
795;Turkmenistan;Share in total final energy consumption (%);Tide, wave and ocean;IEA (2024), World Energy Balances;0;0;0;0;0;0;0;0;0;0;0;0;0;0;0;0;0;0;0;0;0;0;0;0;0;0;0;0;0;0;0;0;0
795;Turkmenistan;Share in total final energy consumption (%);Wind;IEA (2024), World Energy Balances;0;0;0;0;0;0;0;0;0;0;0;0;0;0;0;0;0;0;0;0;0;0;0;0;0;0;0;0;0;0;0;0;0
795;Turkmenistan;Share in total final energy consumption (%);Solar;IEA (2024), World Energy Balances;0;0;0;0;0;0;0;0;0;0;0;0;0;0;0;0;0;0;0;0;0;0;0;0;0;0;0;0;0;0;0;0;0
795;Turkmenistan;Final consumption of renewable energy (PJ) - Heat raising;Renewables;IEA (2024), World Energy Balances;0;0;0;0;0;0;0;0;0.4;0.4;0.4;0.4;0.4;0.4;0.4;0.4;0.4;0.4;0.4;0.4;0.4;0.4;0.3;0.4;0.4;0.4;0.4;0.4;0.4;0.4;0.4;0.4;0.4
795;Turkmenistan;Final consumption of renewable energy (PJ) - Transport;Renewables;IEA (2024), World Energy Balances;0;0;0;0;0;0;0;0;0;0;0;0;0;0;0;0;0;0;0;0;0;0;0;0;0;0;0;0;0;0;0;0;0
795;Turkmenistan;Final consumption of renewable energy (PJ) - Electricity consumption;Renewables;IEA (2024), World Energy Balances;0;0;0;0;0;0;0;0;0;0;0;0;0;0;0;0;0;0;0;0;0;0;0;0;0;0;0;0;0;0;0;0;0
796;Turks and Caicos Islands;Total final energy consumption (PJ);Total;Energy Balances, UN Statistics Division (2024);0.6;0.6;0.6;0.7;0.7;0.7;0.7;0.8;0.9;1;1.1;1.1;1.4;1.5;1.5;1.7;2;2.2;2.3;2.4;2.5;2.5;2.5;2.5;2.7;2.8;2.9;3.4;3.2;3.2;3.1;3.2;3.2
796;Turks and Caicos Islands;Share in total final energy consumption (%);Renewables;Energy Balances, UN Statistics Division (2024);0.8;0.5;0.3;0.5;0.5;0.5;0.6;0.5;0.5;0.5;0.4;0.4;0.4;0.4;0.4;0.4;0.3;0.3;0.3;0.3;0.3;0.4;0.4;0.4;0.4;0.4;0.4;0.3;0.4;0.5;0.5;0.8;0.7
796;Turks and Caicos Islands;Share in total final energy consumption (%);Modern renewables;Energy Balances, UN Statistics Division (2024);0;0;0;0;0;0;0;0;0;0;0;0;0;0;0;0;0;0;0;0;0;0;0;0;0;0;0;0;0.1;0.2;0.2;0.4;0.4
796;Turks and Caicos Islands;Share in total final energy consumption (%);Municipal waste (renew);Energy Balances, UN Statistics Division (2024);0;0;0;0;0;0;0;0;0;0;0;0;0;0;0;0;0;0;0;0;0;0;0;0;0;0;0;0;0;0;0;0;0
796;Turks and Caicos Islands;Share in total final energy consumption (%);Liquid biofuels;Energy Balances, UN Statistics Division (2024);0;0;0;0;0;0;0;0;0;0;0;0;0;0;0;0;0;0;0;0;0;0;0;0;0;0;0;0;0;0;0;0;0
796;Turks and Caicos Islands;Share in total final energy consumption (%);Solid biofuels;Energy Balances, UN Statistics Division (2024);0.8;0.5;0.3;0.5;0.5;0.5;0.6;0.5;0.5;0.5;0.4;0.4;0.4;0.4;0.4;0.4;0.3;0.3;0.3;0.3;0.3;0.4;0.4;0.4;0.4;0.4;0.4;0.3;0.3;0.3;0.4;0.3;0.2
796;Turks and Caicos Islands;Share in total final energy consumption (%);Biogases;Energy Balances, UN Statistics Division (2024);0;0;0;0;0;0;0;0;0;0;0;0;0;0;0;0;0;0;0;0;0;0;0;0;0;0;0;0;0;0;0;0;0
796;Turks and Caicos Islands;Share in total final energy consumption (%);Hydro;Energy Balances, UN Statistics Division (2024);0;0;0;0;0;0;0;0;0;0;0;0;0;0;0;0;0;0;0;0;0;0;0;0;0;0;0;0;0;0;0;0;0
796;Turks and Caicos Islands;Share in total final energy consumption (%);Geothermal;Energy Balances, UN Statistics Division (2024);0;0;0;0;0;0;0;0;0;0;0;0;0;0;0;0;0;0;0;0;0;0;0;0;0;0;0;0;0;0;0;0;0
796;Turks and Caicos Islands;Share in total final energy consumption (%);Tide, wave and ocean;Energy Balances, UN Statistics Division (2024);0;0;0;0;0;0;0;0;0;0;0;0;0;0;0;0;0;0;0;0;0;0;0;0;0;0;0;0;0;0;0;0;0
796;Turks and Caicos Islands;Share in total final energy consumption (%);Wind;Energy Balances, UN Statistics Division (2024);0;0;0;0;0;0;0;0;0;0;0;0;0;0;0;0;0;0;0;0;0;0;0;0;0;0;0;0;0;0;0;0;0
796;Turks and Caicos Islands;Share in total final energy consumption (%);Solar;Energy Balances, UN Statistics Division (2024);0;0;0;0;0;0;0;0;0;0;0;0;0;0;0;0;0;0;0;0;0;0;0;0;0;0;0;0;0.1;0.2;0.2;0.4;0.4
796;Turks and Caicos Islands;Final consumption of renewable energy (PJ) - Heat raising;Renewables;Energy Balances, UN Statistics Division (2024);0;0;0;0;0;0;0;0;0;0;0;0;0;0;0;0;0;0;0;0;0;0;0;0;0;0;0;0;0;0;0;0;0
796;Turks and Caicos Islands;Final consumption of renewable energy (PJ) - Transport;Renewables;Energy Balances, UN Statistics Division (2024);0;0;0;0;0;0;0;0;0;0;0;0;0;0;0;0;0;0;0;0;0;0;0;0;0;0;0;0;0;0;0;0;0
796;Turks and Caicos Islands;Final consumption of renewable energy (PJ) - Electricity consumption;Renewables;Energy Balances, UN Statistics Division (2024);0;0;0;0;0;0;0;0;0;0;0;0;0;0;0;0;0;0;0;0;0;0;0;0;0;0;0;0;0;0;0;0;0
798;Tuvalu;Total final energy consumption (PJ);Total;Energy Balances, UN Statistics Division (2024);0;0;0.1;0.1;0.1;0.1;0.1;0.1;0.1;0.1;0.1;0.1;0.1;0.1;0.1;0.1;0.1;0.1;0.1;0.1;0.1;0.1;0.1;0.1;0.1;0.1;0.1;0.1;0.1;0.1;0.1;0.1;0.1
798;Tuvalu;Share in total final energy consumption (%);Renewables;Energy Balances, UN Statistics Division (2024);0;0;0;0;0;0;0;0;0;0;0;0;0;0;0;0;0;0;0.2;0.3;0.4;0.2;0.3;0.7;0.7;3;7.3;7;6;6.1;6.3;5.4;5.5
798;Tuvalu;Share in total final energy consumption (%);Modern renewables;Energy Balances, UN Statistics Division (2024);0;0;0;0;0;0;0;0;0;0;0;0;0;0;0;0;0;0;0.2;0.3;0.4;0.2;0.3;0.7;0.7;3;7.3;7;6;6.1;6.3;5.4;5.5
798;Tuvalu;Share in total final energy consumption (%);Municipal waste (renew);Energy Balances, UN Statistics Division (2024);0;0;0;0;0;0;0;0;0;0;0;0;0;0;0;0;0;0;0;0;0;0;0;0;0;0;0;0;0;0;0;0;0
798;Tuvalu;Share in total final energy consumption (%);Liquid biofuels;Energy Balances, UN Statistics Division (2024);0;0;0;0;0;0;0;0;0;0;0;0;0;0;0;0;0;0;0;0;0;0;0;0;0;0;0;0;0;0;0;0;0
798;Tuvalu;Share in total final energy consumption (%);Solid biofuels;Energy Balances, UN Statistics Division (2024);0;0;0;0;0;0;0;0;0;0;0;0;0;0;0;0;0;0;0;0;0;0;0;0;0;0;0;0;0;0;0;0;0
798;Tuvalu;Share in total final energy consumption (%);Biogases;Energy Balances, UN Statistics Division (2024);0;0;0;0;0;0;0;0;0;0;0;0;0;0;0;0;0;0;0;0;0;0;0;0;0;0;0;0;0;0;0;0;0
798;Tuvalu;Share in total final energy consumption (%);Hydro;Energy Balances, UN Statistics Division (2024);0;0;0;0;0;0;0;0;0;0;0;0;0;0;0;0;0;0;0;0;0;0;0;0;0;0;0;0;0;0;0;0;0
798;Tuvalu;Share in total final energy consumption (%);Geothermal;Energy Balances, UN Statistics Division (2024);0;0;0;0;0;0;0;0;0;0;0;0;0;0;0;0;0;0;0;0;0;0;0;0;0;0;0;0;0;0;0;0;0
798;Tuvalu;Share in total final energy consumption (%);Tide, wave and ocean;Energy Balances, UN Statistics Division (2024);0;0;0;0;0;0;0;0;0;0;0;0;0;0;0;0;0;0;0;0;0;0;0;0;0;0;0;0;0;0;0;0;0
798;Tuvalu;Share in total final energy consumption (%);Wind;Energy Balances, UN Statistics Division (2024);0;0;0;0;0;0;0;0;0;0;0;0;0;0;0;0;0;0;0;0;0;0;0;0;0;0;0;0;0;0;0;0;0
798;Tuvalu;Share in total final energy consumption (%);Solar;Energy Balances, UN Statistics Division (2024);0;0;0;0;0;0;0;0;0;0;0;0;0;0;0;0;0;0;0.2;0.3;0.4;0.2;0.3;0.7;0.7;3;7.3;7;6;6.1;6.3;5.4;5.5
798;Tuvalu;Final consumption of renewable energy (PJ) - Heat raising;Renewables;Energy Balances, UN Statistics Division (2024);0;0;0;0;0;0;0;0;0;0;0;0;0;0;0;0;0;0;0;0;0;0;0;0;0;0;0;0;0;0;0;0;0
798;Tuvalu;Final consumption of renewable energy (PJ) - Transport;Renewables;Energy Balances, UN Statistics Division (2024);0;0;0;0;0;0;0;0;0;0;0;0;0;0;0;0;0;0;0;0;0;0;0;0;0;0;0;0;0;0;0;0;0
798;Tuvalu;Final consumption of renewable energy (PJ) - Electricity consumption;Renewables;Energy Balances, UN Statistics Division (2024);0;0;0;0;0;0;0;0;0;0;0;0;0;0;0;0;0;0;0;0;0;0;0;0;0;0;0;0;0;0;0;0;0
800;Uganda;Total final energy consumption (PJ);Total;Energy Balances, UN Statistics Division (2024);309.1;316.1;324.3;329.6;335;340.6;347;333.2;344.6;353.3;370.2;403.2;416.9;432.8;448.1;469.7;488.3;507.7;525.7;545.8;569.2;594.8;617.8;647.6;673.9;713.4;735;764.1;759.2;789.6;862.8;867.6;878.7
800;Uganda;Share in total final energy consumption (%);Renewables;Energy Balances, UN Statistics Division (2024);96.6;96.6;96.7;96.8;97.3;96.5;96.3;95.9;95.5;95.5;95.3;95.5;95.6;95.6;95.3;94.5;94.2;94.1;94.1;94.3;93.6;93.3;93.4;93.1;92.4;91.7;91.4;91.3;90.5;90.5;91.6;91;91.3
800;Uganda;Share in total final energy consumption (%);Modern renewables;Energy Balances, UN Statistics Division (2024);10.5;10.7;10.8;10.7;10.8;10.8;11;22;21.9;22.1;23.5;24.1;24.1;24.1;23.9;23.6;23.2;23.1;22.9;23;22.5;22.5;22.6;22.8;23.2;23.1;23;22.9;27.7;28.3;28.3;38.8;35.5
800;Uganda;Share in total final energy consumption (%);Municipal waste (renew);Energy Balances, UN Statistics Division (2024);0;0;0;0;0;0;0;0;0;0;0;0;0;0;0;0;0;0;0;0;0;0;0;0;0;0;0;0;0;0;0;0;0
800;Uganda;Share in total final energy consumption (%);Liquid biofuels;Energy Balances, UN Statistics Division (2024);0;0;0;0;0;0;0;0;0;0;0;0;0;0;0;0;0;0;0;0;0;0;0;0;0;0;0;0;0;0;0;0;0
800;Uganda;Share in total final energy consumption (%);Solid biofuels;Energy Balances, UN Statistics Division (2024);96.1;96;96.1;96.2;96.8;96;95.7;95.1;94.8;94.8;94.5;94.7;94.9;94.7;94.7;93.7;93.7;93.6;93.5;93.8;93;92.6;92.4;91.6;91.3;90.5;90.2;90.1;89.2;89.2;90.3;89.6;89.8
800;Uganda;Share in total final energy consumption (%);Biogases;Energy Balances, UN Statistics Division (2024);0;0;0;0;0;0;0;0;0;0;0;0;0;0;0;0;0;0;0;0;0;0;0;0;0;0;0;0;0;0;0;0;0
800;Uganda;Share in total final energy consumption (%);Hydro;Energy Balances, UN Statistics Division (2024);0.5;0.6;0.5;0.5;0.5;0.5;0.6;0.8;0.7;0.7;0.8;0.8;0.7;0.9;0.6;0.8;0.5;0.6;0.6;0.5;0.6;0.7;1.1;1.4;1.1;1.2;1.2;1.2;1.3;1.3;1.3;1.4;1.5
800;Uganda;Share in total final energy consumption (%);Geothermal;Energy Balances, UN Statistics Division (2024);0;0;0;0;0;0;0;0;0;0;0;0;0;0;0;0;0;0;0;0;0;0;0;0;0;0;0;0;0;0;0;0;0
800;Uganda;Share in total final energy consumption (%);Tide, wave and ocean;Energy Balances, UN Statistics Division (2024);0;0;0;0;0;0;0;0;0;0;0;0;0;0;0;0;0;0;0;0;0;0;0;0;0;0;0;0;0;0;0;0;0
800;Uganda;Share in total final energy consumption (%);Wind;Energy Balances, UN Statistics Division (2024);0;0;0;0;0;0;0;0;0;0;0;0;0;0;0;0;0;0;0;0;0;0;0;0;0;0;0;0;0;0;0;0;0
800;Uganda;Share in total final energy consumption (%);Solar;Energy Balances, UN Statistics Division (2024);0;0;0;0;0;0;0;0;0;0;0;0;0;0;0;0;0;0;0;0;0;0;0;0;0;0;0;0;0;0;0;0;0
800;Uganda;Final consumption of renewable energy (PJ) - Heat raising;Renewables;Energy Balances, UN Statistics Division (2024);297.1;303.5;311.8;317.2;324.1;327;332;317;326.5;334.8;349.8;381.7;395.5;409.7;424.2;440;457.3;475.1;491.6;511.7;529.3;550.5;570.3;593.1;614.7;645.4;662.8;688.2;676.7;703.6;779;776.4;787.9
800;Uganda;Final consumption of renewable energy (PJ) - Transport;Renewables;Energy Balances, UN Statistics Division (2024);0;0;0;0;0;0;0;0;0;0;0;0;0;0;0;0;0;0;0;0;0;0;0;0;0;0;0;0;0;0;0;0;0
800;Uganda;Final consumption of renewable energy (PJ) - Electricity consumption;Renewables;Energy Balances, UN Statistics Division (2024);1.5;1.8;1.8;1.7;1.8;1.7;2;2.5;2.4;2.5;3;3.3;3.2;3.8;3;3.7;2.7;2.9;3.2;2.8;3.6;4.4;6.9;9.6;7.9;8.8;9.2;9.5;10.5;11.4;11.6;12.7;14.2
804;Ukraine;Total final energy consumption (PJ);Total;IEA (2024), World Energy Balances;6016.5;6058.3;5413.3;4547.1;3864.9;3805.2;3634.2;3453.3;3142.7;3108.3;2978.5;3017.7;3062.2;3107.5;3134.6;3071.3;3076.6;3250.6;3164.5;2650.8;2862.9;2917.5;2780.2;2727.5;2424;1988.3;2044.7;1982.4;2041.6;1962.3;1846.1;1903.8;1290.6
804;Ukraine;Share in total final energy consumption (%);Renewables;IEA (2024), World Energy Balances;0.7;0.7;0.6;0.9;1.1;1;0.9;1;1.6;1.5;1.3;1.2;1;1;1.2;1.3;1.8;2.4;2.7;3;2.9;2.7;2.9;3.5;3.5;4.1;5.5;6.5;6.9;7.4;8.7;9;11.7
804;Ukraine;Share in total final energy consumption (%);Modern renewables;IEA (2024), World Energy Balances;0.7;0.7;0.6;0.9;1.1;1;0.9;1;1.6;1.5;1.3;1.2;1;1;1.2;1.3;1.8;2.4;2.7;3;2.9;2.7;2.9;3.5;3.5;4.1;5.5;6.5;6.9;7.4;8.7;9;11.7
804;Ukraine;Share in total final energy consumption (%);Municipal waste (renew);IEA (2024), World Energy Balances;0;0;0;0;0;0;0;0;0;0;0;0;0;0;0;0;0;0;0;0;0;0;0;0;0;0;0;0;0;0;0;0;0
804;Ukraine;Share in total final energy consumption (%);Liquid biofuels;IEA (2024), World Energy Balances;0;0;0;0;0;0;0;0;0;0;0;0;0;0;0;0;0;0;0;0;0;0;0;0.1;0.1;0.1;0.1;0.1;0.1;0.2;0.1;0.1;NaN
804;Ukraine;Share in total final energy consumption (%);Solid biofuels;IEA (2024), World Energy Balances;0.2;0.2;0.2;0.2;0.3;0.3;0.3;0.3;0.3;0.3;0.4;0.3;0.3;0.3;0.3;0.3;0.7;1.6;1.8;1.8;1.7;1.8;1.9;2;2.4;3.1;4.2;4.9;5.1;5.6;6;6.2;8.4
804;Ukraine;Share in total final energy consumption (%);Biogases;IEA (2024), World Energy Balances;0;0;0;0;0;0;0;0;0;0;0;0;0;0;0;0;0;0;0;0;0;0;0;0;0;0;0;0;0.1;0.1;0.1;0.1;0.1
804;Ukraine;Share in total final energy consumption (%);Hydro;IEA (2024), World Energy Balances;0.4;0.5;0.4;0.7;0.8;0.7;0.6;0.7;1.2;1.1;0.9;0.9;0.7;0.7;0.9;1;1;0.8;0.9;1.1;1.2;1;0.9;1.3;0.9;0.7;1;1.2;1.4;0.9;1.1;1.3;1.9
804;Ukraine;Share in total final energy consumption (%);Geothermal;IEA (2024), World Energy Balances;0;0;0;0;0;0;0;0;0;0;0;0;0;0;0;0;0;0;0;0;0;0;0;0;0;0;0;0;0;0;0;0;0
804;Ukraine;Share in total final energy consumption (%);Tide, wave and ocean;IEA (2024), World Energy Balances;0;0;0;0;0;0;0;0;0;0;0;0;0;0;0;0;0;0;0;0;0;0;0;0;0;0;0;0;0;0;0;0;0
804;Ukraine;Share in total final energy consumption (%);Wind;IEA (2024), World Energy Balances;0;0;0;0;0;0;0;0;0;0;0;0;0;0;0;0;0;0;0;0;0;0;0;0.1;0.1;0.1;0.1;0.1;0.2;0.3;0.5;0.4;0.4
804;Ukraine;Share in total final energy consumption (%);Solar;IEA (2024), World Energy Balances;0;0;0;0;0;0;0;0;0;0;0;0;0;0;0;0;0;0;0;0;0;0;0;0.1;0;0.1;0.1;0.1;0.1;0.4;0.9;0.9;0.8
804;Ukraine;Final consumption of renewable energy (PJ) - Heat raising;Renewables;IEA (2024), World Energy Balances;13.1;12;11;10.5;10.4;10.6;10.7;10.6;10.8;10.6;10.5;10;10;9.6;9.8;9.3;22.5;51.6;56.4;48.6;48.3;51;51.4;54.6;57.4;62.3;86.5;96.7;104.5;109.7;110.5;117.5;108.8
804;Ukraine;Final consumption of renewable energy (PJ) - Transport;Renewables;IEA (2024), World Energy Balances;1.8;2.1;1.4;2.1;2.3;2;1.7;1.9;3.2;2.8;2.2;2.2;1.8;1.8;2.3;2.3;2.6;2.1;2.4;2.3;2.3;2;1.9;4.5;3.4;2.5;3;3.7;3.6;5.5;4.6;4.7;2.1
804;Ukraine;Final consumption of renewable energy (PJ) - Electricity consumption;Renewables;IEA (2024), World Energy Balances;24.2;28.3;20.1;28;30;24.5;20.3;22.9;35.6;31.7;24.7;24.9;19.9;19.4;25.7;27.3;28.8;24;27.5;27.7;32;26.9;26.2;36.2;24.2;17.7;22.6;28;33.1;30.8;45.9;49.2;39.5
784;United Arab Emirates;Total final energy consumption (PJ);Total;IEA (2024), World Energy Balances;657;780.9;719.5;737.5;820.5;877.4;922.4;966.6;972.7;978;918.2;1093.9;1067.3;1071.5;1046.5;1114.5;1131.1;1331.8;1523.2;1727.3;1817.1;1896.4;2001.8;2139.7;2105;2245.1;2343.3;2152.4;1866.2;2114.8;2120.1;2160.4;2215.4
784;United Arab Emirates;Share in total final energy consumption (%);Renewables;IEA (2024), World Energy Balances;0;0;0.2;0.2;0.1;0.1;0.1;0.1;0.1;0.1;0.1;0.1;0.1;0.1;0.1;0.1;0.1;0.1;0.1;0.1;0.1;0.1;0.1;0.1;0.1;0.1;0.1;0.2;0.3;0.6;0.9;1;1.2
784;United Arab Emirates;Share in total final energy consumption (%);Modern renewables;IEA (2024), World Energy Balances;0;0;0.2;0.2;0.1;0.1;0.1;0.1;0.1;0.1;0.1;0.1;0.1;0.1;0.1;0.1;0.1;0.1;0.1;0.1;0.1;0.1;0.1;0.1;0.1;0.1;0.1;0.2;0.3;0.6;0.9;1;1.2
784;United Arab Emirates;Share in total final energy consumption (%);Municipal waste (renew);IEA (2024), World Energy Balances;0;0;0;0;0;0;0;0;0;0;0;0;0;0;0;0;0;0;0;0;0;0;0;0;0;0;0;0;0;0;0;0;0
784;United Arab Emirates;Share in total final energy consumption (%);Liquid biofuels;IEA (2024), World Energy Balances;0;0;0;0;0;0;0;0;0;0;0;0;0;0;0;0;0;0;0;0;0;0;0;0;0;0;0;0;0;0;0;0;0
784;United Arab Emirates;Share in total final energy consumption (%);Solid biofuels;IEA (2024), World Energy Balances;0;0;0.2;0.2;0.1;0.1;0.1;0.1;0.1;0.1;0.1;0.1;0.1;0.1;0.1;0.1;0.1;0.1;0.1;0.1;0.1;0.1;0.1;0.1;0.1;0.1;0.1;0.1;0.1;0.1;0.1;0.1;0.1
784;United Arab Emirates;Share in total final energy consumption (%);Biogases;IEA (2024), World Energy Balances;0;0;0;0;0;0;0;0;0;0;0;0;0;0;0;0;0;0;0;0;0;0;0;0;0;0;0;0;0;0;0;0;0
784;United Arab Emirates;Share in total final energy consumption (%);Hydro;IEA (2024), World Energy Balances;0;0;0;0;0;0;0;0;0;0;0;0;0;0;0;0;0;0;0;0;0;0;0;0;0;0;0;0;0;0;0;0;0
784;United Arab Emirates;Share in total final energy consumption (%);Geothermal;IEA (2024), World Energy Balances;0;0;0;0;0;0;0;0;0;0;0;0;0;0;0;0;0;0;0;0;0;0;0;0;0;0;0;0;0;0;0;0;0
784;United Arab Emirates;Share in total final energy consumption (%);Tide, wave and ocean;IEA (2024), World Energy Balances;0;0;0;0;0;0;0;0;0;0;0;0;0;0;0;0;0;0;0;0;0;0;0;0;0;0;0;0;0;0;0;0;0
784;United Arab Emirates;Share in total final energy consumption (%);Wind;IEA (2024), World Energy Balances;0;0;0;0;0;0;0;0;0;0;0;0;0;0;0;0;0;0;0;0;0;0;0;0;0;0;0;0;0;0;0;0;0
784;United Arab Emirates;Share in total final energy consumption (%);Solar;IEA (2024), World Energy Balances;0;0;0;0;0;0;0;0;0;0;0;0;0;0;0;0;0;0;0;0;0;0;0;0;0;0;0;0.1;0.2;0.6;0.8;0.9;1.1
784;United Arab Emirates;Final consumption of renewable energy (PJ) - Heat raising;Renewables;IEA (2024), World Energy Balances;0;0;1.4;1.1;1;1;0.7;0.7;0.7;0.7;0.7;0.7;0.7;0.7;1;1.1;1.2;1.4;1.7;1.9;2;1.9;1.9;1.9;1.8;1.8;1.8;1.8;1.7;1.7;1.7;1.7;1.7
784;United Arab Emirates;Final consumption of renewable energy (PJ) - Transport;Renewables;IEA (2024), World Energy Balances;0;0;0;0;0;0;0;0;0;0;0;0;0;0;0;0;0;0;0;0;0;0;0;0;0;0;0;0;0;0;0;0;0
784;United Arab Emirates;Final consumption of renewable energy (PJ) - Electricity consumption;Renewables;IEA (2024), World Energy Balances;0;0;0;0;0;0;0;0;0;0;0;0;0;0;0;0;0;0;0;0;0.1;0.1;0.1;0.3;1;1;1;2.4;3.9;11.9;16.8;20.3;25.1
826;United Kingdom of Great Britain and Northern Ireland;Total final energy consumption (PJ);Total;IEA (2024), World Energy Balances;5331.6;5567.7;5446.4;5532.9;5523;5501.8;5824.2;5684.5;5694.5;5798.8;5828.2;5892.4;5739.2;5785;5805.3;5756.3;5660.7;5570.1;5558.6;5178.7;5413.6;4943;5084.9;5104.8;4821.3;4924.1;4969.3;4953.3;5016.6;4957.7;4531.1;4770.6;4559.5
826;United Kingdom of Great Britain and Northern Ireland;Share in total final energy consumption (%);Renewables;IEA (2024), World Energy Balances;0.7;0.6;0.8;0.8;1;1.1;0.9;1;1;0.9;1;0.9;1;0.9;1.1;1.4;1.6;1.8;2.4;3;3.2;4;4.2;5.2;6.6;7.7;7.8;8.8;10.2;11.6;13.8;12.5;13.6
826;United Kingdom of Great Britain and Northern Ireland;Share in total final energy consumption (%);Modern renewables;IEA (2024), World Energy Balances;0.7;0.6;0.8;0.8;1;1.1;0.9;1;1;0.9;1;0.9;1;0.9;1.1;1.4;1.6;1.8;2.4;3;3.2;4;4.2;5.2;6.6;7.7;7.8;8.8;10.2;11.6;13.8;12.5;13.6
826;United Kingdom of Great Britain and Northern Ireland;Share in total final energy consumption (%);Municipal waste (renew);IEA (2024), World Energy Balances;0;0;0;0;0;0;0;0;0.1;0.1;0.1;0.1;0.1;0.1;0.1;0.1;0.1;0.1;0.1;0.1;0.1;0.1;0.1;0.1;0.2;0.2;0.2;0.3;0.3;0.3;0.4;0.4;0.4
826;United Kingdom of Great Britain and Northern Ireland;Share in total final energy consumption (%);Liquid biofuels;IEA (2024), World Energy Balances;0;0;0;0;0;0;0;0;0;0;0;0;0;0;0;0;0.1;0.3;0.6;0.8;0.9;0.9;0.7;0.8;1;0.8;0.8;0.8;1.1;1.6;1.6;1.5;1.9
826;United Kingdom of Great Britain and Northern Ireland;Share in total final energy consumption (%);Solid biofuels;IEA (2024), World Energy Balances;0.2;0.2;0.4;0.4;0.6;0.6;0.6;0.6;0.5;0.4;0.4;0.3;0.4;0.4;0.4;0.5;0.5;0.5;0.7;0.8;0.9;1.1;1.2;1.5;2;2.5;2.6;2.8;3.2;3.5;4.1;4.1;3.8
826;United Kingdom of Great Britain and Northern Ireland;Share in total final energy consumption (%);Biogases;IEA (2024), World Energy Balances;0.1;0.1;0.1;0.1;0.1;0.1;0.1;0.1;0.1;0.2;0.2;0.2;0.2;0.2;0.3;0.3;0.3;0.3;0.3;0.4;0.4;0.5;0.5;0.5;0.6;0.6;0.6;0.6;0.6;0.7;0.7;0.8;0.8
826;United Kingdom of Great Britain and Northern Ireland;Share in total final energy consumption (%);Hydro;IEA (2024), World Energy Balances;0.3;0.3;0.3;0.2;0.3;0.3;0.2;0.2;0.3;0.3;0.3;0.2;0.3;0.2;0.3;0.3;0.3;0.3;0.3;0.3;0.2;0.4;0.3;0.3;0.4;0.4;0.4;0.4;0.4;0.4;0.5;0.4;0.4
826;United Kingdom of Great Britain and Northern Ireland;Share in total final energy consumption (%);Geothermal;IEA (2024), World Energy Balances;0;0;0;0;0;0;0;0;0;0;0;0;0;0;0;0;0;0;0;0;0;0;0;0;0;0;0;0;0;0;0;0;0
826;United Kingdom of Great Britain and Northern Ireland;Share in total final energy consumption (%);Tide, wave and ocean;IEA (2024), World Energy Balances;0;0;0;0;0;0;0;0;0;0;0;0;0;0;0;0;0;0;0;0;0;0;0;0;0;0;0;0;0;0;0;0;0
826;United Kingdom of Great Britain and Northern Ireland;Share in total final energy consumption (%);Wind;IEA (2024), World Energy Balances;0;0;0;0;0;0;0;0;0;0;0.1;0.1;0.1;0.1;0.1;0.2;0.2;0.3;0.4;0.6;0.6;1;1.2;1.8;2.2;2.7;2.4;3.2;3.7;4.3;5.5;4.6;5.4
826;United Kingdom of Great Britain and Northern Ireland;Share in total final energy consumption (%);Solar;IEA (2024), World Energy Balances;0;0;0;0;0;0;0;0;0;0;0;0;0;0;0;0;0;0;0;0;0;0;0.1;0.2;0.3;0.5;0.7;0.8;0.9;0.9;0.9;0.9;0.9
826;United Kingdom of Great Britain and Northern Ireland;Final consumption of renewable energy (PJ) - Heat raising;Renewables;IEA (2024), World Energy Balances;16.6;17.1;25.5;24.6;34.5;36.4;36.8;36.2;31.4;24.4;24.5;20.3;20.8;21;21.3;21.2;23.2;26.2;31.2;32.9;42.3;42.4;45.4;54;58.9;70.3;76.7;82;93.6;99.9;110.3;115;113.9
826;United Kingdom of Great Britain and Northern Ireland;Final consumption of renewable energy (PJ) - Transport;Renewables;IEA (2024), World Energy Balances;0.3;0.3;0.4;0.5;0.5;0.6;0.5;0.6;0.7;0.8;0.8;0.8;1;1.4;1.2;3.5;8.2;15.3;34.2;42.4;49.2;46;39.3;45.2;52.1;43.2;43.9;44.4;61.5;83.5;81.4;79.9;103.8
826;United Kingdom of Great Britain and Northern Ireland;Final consumption of renewable energy (PJ) - Electricity consumption;Renewables;IEA (2024), World Energy Balances;17.7;16.4;19.9;17.8;21.4;21.3;17.6;21.7;26.5;29.8;30.8;29.1;33.8;31.7;43.6;53.1;56.5;60.9;70.4;78.5;80.4;108.6;128.6;167.7;206.2;266.1;265.9;311.7;354.7;391.3;434.3;402.5;401.6
834;United Republic of Tanzania;Total final energy consumption (PJ);Total;IEA (2024), World Energy Balances;284.2;291.4;300.2;319.3;394.1;409.8;423.8;428.1;453.1;473.8;505.5;524;551.3;574.4;583.2;615.3;635.9;636.5;649.4;663.4;690;724.4;726.6;761.7;754.1;786.7;813.5;819.9;837.5;894.3;899.9;928.5;948.5
834;United Republic of Tanzania;Share in total final energy consumption (%);Renewables;IEA (2024), World Energy Balances;93.3;93.6;93.7;94.1;95.2;93.3;92.1;92.7;93.1;94.2;93.6;93.1;92.4;92.4;91.3;90.3;89.9;90.6;90.3;90.9;89.4;87.6;85.2;84.5;84.7;83;81.7;82;81.3;80.4;80.9;78.4;77.5
834;United Republic of Tanzania;Share in total final energy consumption (%);Modern renewables;IEA (2024), World Energy Balances;17.9;18.1;18;18;18.3;18;17.9;17.9;18.1;18.1;17.7;17.8;17.8;17.8;17.2;16.9;16.7;17.2;17.2;17.1;17;16.4;15.8;15.7;16;15.5;15.3;15.3;15.2;15.1;15.3;14.8;14.5
834;United Republic of Tanzania;Share in total final energy consumption (%);Municipal waste (renew);IEA (2024), World Energy Balances;0;0;0;0;0;0;0;0;0;0;0;0;0;0;0;0;0;0;0;0;0;0;0;0;0;0;0;0;0;0;0;0;0
834;United Republic of Tanzania;Share in total final energy consumption (%);Liquid biofuels;IEA (2024), World Energy Balances;0;0;0;0;0;0;0;0;0;0;0;0;0;0;0;0;0;0;0;0;0;0;0;0;0;0;0;0;0;0;0;0;0
834;United Republic of Tanzania;Share in total final energy consumption (%);Solid biofuels;IEA (2024), World Energy Balances;91.7;91.9;92.1;92.7;94.1;92.2;90.8;91.6;91.6;92.9;92.5;91.8;91;90.9;90.3;89.6;89.3;89.5;89.1;90;88.3;86.9;84.5;83.8;83.7;82.2;80.9;81.1;80.5;79.6;79.9;77.4;76.6
834;United Republic of Tanzania;Share in total final energy consumption (%);Biogases;IEA (2024), World Energy Balances;0;0;0;0;0;0;0;0;0;0;0;0;0;0;0;0;0;0;0;0;0;0;0;0;0;0;0;0;0;0;0;0;0
834;United Republic of Tanzania;Share in total final energy consumption (%);Hydro;IEA (2024), World Energy Balances;1.6;1.7;1.6;1.4;1.1;1.1;1.3;1.1;1.5;1.3;1.2;1.3;1.4;1.4;1;0.8;0.6;1;1.2;0.9;1.1;0.8;0.7;0.7;1;0.8;0.8;0.9;0.8;0.8;1;1;0.9
834;United Republic of Tanzania;Share in total final energy consumption (%);Geothermal;IEA (2024), World Energy Balances;0;0;0;0;0;0;0;0;0;0;0;0;0;0;0;0;0;0;0;0;0;0;0;0;0;0;0;0;0;0;0;0;0
834;United Republic of Tanzania;Share in total final energy consumption (%);Tide, wave and ocean;IEA (2024), World Energy Balances;0;0;0;0;0;0;0;0;0;0;0;0;0;0;0;0;0;0;0;0;0;0;0;0;0;0;0;0;0;0;0;0;0
834;United Republic of Tanzania;Share in total final energy consumption (%);Wind;IEA (2024), World Energy Balances;0;0;0;0;0;0;0;0;0;0;0;0;0;0;0;0;0;0;0;0;0;0;0;0;0;0;0;0;0;0;0;0;0
834;United Republic of Tanzania;Share in total final energy consumption (%);Solar;IEA (2024), World Energy Balances;0;0;0;0;0;0;0;0;0;0;0;0;0;0;0;0;0;0;0;0;0;0;0;0;0;0;0;0;0;0;0;0;0
834;United Republic of Tanzania;Final consumption of renewable energy (PJ) - Heat raising;Renewables;IEA (2024), World Energy Balances;260.7;267.8;276.6;296;370.7;377.9;384.7;392;415.3;440.3;467.4;480.7;501.3;522.1;526.5;551;567.5;569.6;578.5;597;609.2;629;614.1;638;631.1;646.8;658;664.8;674.1;711.3;718.6;718.5;726.3
834;United Republic of Tanzania;Final consumption of renewable energy (PJ) - Transport;Renewables;IEA (2024), World Energy Balances;0;0;0;0;0;0;0;0;0;0;0;0;0;0;0;0;0;0;0;0;0;0;0;0;0;0;0;0;0;0;0;0;0
834;United Republic of Tanzania;Final consumption of renewable energy (PJ) - Electricity consumption;Renewables;IEA (2024), World Energy Balances;4.5;4.9;4.7;4.5;4.4;4.7;5.7;4.7;6.6;6.1;6;7.1;8.1;8.4;5.9;4.8;4.1;6.8;7.9;6.3;7.7;5.8;5.2;5.2;7.6;6.3;6.9;7.3;7.1;7.9;9.7;9.6;8.4
840;United States of America;Total final energy consumption (PJ);Total;IEA (2024), World Energy Balances;49173.5;49235.6;49499.2;50433;51419.9;51789.9;53306.5;53887.1;53984.6;55805;58332.3;57221;57241.6;58070.7;58841.9;58890.1;58708.5;59568.6;58278.4;55342.2;57678.1;56290.1;54685.4;57028.4;57413.4;57527.3;57702.6;57502.8;60287.7;59753.4;55069.7;58025.2;59908.9
840;United States of America;Share in total final energy consumption (%);Renewables;IEA (2024), World Energy Balances;4.2;4.5;4.8;4.3;4.1;4.7;4.8;4.5;4.5;5.7;5.4;4.7;4.8;5.3;5.5;5.8;6.4;6.3;6.8;7.4;7.4;8.4;8.5;8.9;9;8.9;9.3;9.7;9.9;10.2;11;10.9;11.3
840;United States of America;Share in total final energy consumption (%);Modern renewables;IEA (2024), World Energy Balances;4.2;4.5;4.8;4.3;4.1;4.7;4.8;4.5;4.5;5.7;5.4;4.7;4.8;5.3;5.5;5.8;6.4;6.3;6.8;7.4;7.4;8.4;8.5;8.9;9;8.9;9.3;9.7;9.9;10.2;11;10.9;11.3
840;United States of America;Share in total final energy consumption (%);Municipal waste (renew);IEA (2024), World Energy Balances;0;0;0;0;0;0;0;0;0.1;0.1;0.1;0.1;0.1;0.1;0.1;0.1;0.1;0.1;0.1;0.1;0.1;0.1;0.1;0.1;0.1;0.1;0.1;0.1;0.1;0.1;0.1;0.1;0.1
840;United States of America;Share in total final energy consumption (%);Liquid biofuels;IEA (2024), World Energy Balances;0;0;0;0.2;0.2;0.2;0.1;0.2;0.2;0.2;0.2;0.2;0.3;0.4;0.5;0.6;0.8;1;1.4;1.7;1.7;2;2.3;2.4;2.4;2.5;2.7;2.7;2.5;2.5;2.5;2.6;2.7
840;United States of America;Share in total final energy consumption (%);Solid biofuels;IEA (2024), World Energy Balances;2.3;2.5;3;2.2;2.1;2.4;2.4;2.2;2.4;3.4;3.3;2.9;2.5;2.9;3;3.2;3.3;3.2;3.2;3.1;3.4;3.4;3.4;3.5;3.6;3.3;3.2;3.1;3.5;3.6;3.6;3.5;3.4
840;United States of America;Share in total final energy consumption (%);Biogases;IEA (2024), World Energy Balances;0;0;0;0;0;0;0;0;0;0.1;0.1;0.1;0.2;0.2;0.2;0.2;0.2;0.2;0.2;0.2;0.1;0.1;0.1;0.1;0.1;0.1;0.1;0.1;0.1;0.1;0.1;0.1;0.1
840;United States of America;Share in total final energy consumption (%);Hydro;IEA (2024), World Energy Balances;1.6;1.8;1.6;1.7;1.6;1.9;2;1.9;1.7;1.6;1.4;1.1;1.5;1.5;1.5;1.5;1.6;1.3;1.4;1.6;1.4;1.8;1.6;1.5;1.4;1.4;1.5;1.7;1.6;1.5;1.7;1.4;1.4
840;United States of America;Share in total final energy consumption (%);Geothermal;IEA (2024), World Energy Balances;0.1;0.1;0.1;0.1;0.1;0.1;0.1;0.1;0.1;0.1;0.1;0.1;0.1;0.1;0.1;0.2;0.2;0.2;0.1;0.1;0.1;0.1;0.1;0.1;0.1;0.1;0.1;0.1;0.2;0.1;0.1;0.1;0.1
840;United States of America;Share in total final energy consumption (%);Tide, wave and ocean;IEA (2024), World Energy Balances;0;0;0;0;0;0;0;0;0;0;0;0;0;0;0;0;0;0;0;0;0;0;0;0;0;0;0;0;0;0;0;0;0
840;United States of America;Share in total final energy consumption (%);Wind;IEA (2024), World Energy Balances;0;0;0;0;0;0;0;0;0;0;0;0;0.1;0.1;0.1;0.1;0.1;0.2;0.3;0.4;0.5;0.7;0.8;0.9;1;1.1;1.3;1.4;1.4;1.6;2;2.1;2.4
840;United States of America;Share in total final energy consumption (%);Solar;IEA (2024), World Energy Balances;0;0;0;0;0;0;0;0;0;0.1;0.1;0.1;0.1;0.1;0.1;0.1;0.1;0.1;0.1;0.1;0.2;0.2;0.2;0.2;0.3;0.4;0.4;0.5;0.6;0.7;0.9;1;1.2
840;United States of America;Final consumption of renewable energy (PJ) - Heat raising;Renewables;IEA (2024), World Energy Balances;960.1;1145.6;1366.9;982.5;961.6;1154.1;1155.7;1077.3;1201.4;1970.5;2000.1;1692.7;1495.8;1715.8;1804.2;1949.6;2034.1;1994.7;1928.5;1791.4;1930.9;1975.8;1864.5;2034.1;2080.4;1938.1;1852.7;1847.2;2192.5;2250.1;2095.5;2104.1;2104.1
840;United States of America;Final consumption of renewable energy (PJ) - Transport;Renewables;IEA (2024), World Energy Balances;1.7;1.6;1.4;93.8;104.8;112.4;81.2;102.4;112.8;117.1;134.8;141.6;170.3;231.9;291.3;339.9;475.9;603.2;822;930.7;980.1;1071.9;1189.9;1322.6;1331.9;1378.6;1489.2;1463;1437.3;1443.1;1294.8;1479;1570.5
840;United States of America;Final consumption of renewable energy (PJ) - Electricity consumption;Renewables;IEA (2024), World Energy Balances;1091.3;1072.3;989.4;1082.9;1036;1181.3;1302.5;1252.8;1133.6;1098.8;1032.5;842.9;1104.9;1145.4;1127.8;1150.5;1245.5;1157.5;1239.1;1348;1377.9;1660.5;1608;1710.2;1766.6;1796.3;2028.8;2270.9;2346.4;2410.8;2647.3;2739.9;3080
850;United States Virgin Islands;Total final energy consumption (PJ);Total;Energy Balances, UN Statistics Division (2024);3.1;3.1;3.2;3.3;3.3;3.4;3.4;3.4;3.3;3.4;3.3;3.1;3.1;3.2;3.2;2.9;3;3;3;2.8;2.9;2.7;2.6;2.5;2.4;2.4;2.4;1.8;2.1;2.1;2.2;2.3;2.3
850;United States Virgin Islands;Share in total final energy consumption (%);Renewables;Energy Balances, UN Statistics Division (2024);0.5;0.5;0.5;0.5;0.5;0.5;0.5;0.5;0.5;0.5;0.5;0.5;0.6;0.6;0.6;0.7;0.7;0.7;0.7;0.8;0.7;1.2;2;2.9;4.2;5.6;5.7;5.3;5.8;6.2;5.9;5.9;6.1
850;United States Virgin Islands;Share in total final energy consumption (%);Modern renewables;Energy Balances, UN Statistics Division (2024);0;0;0;0;0;0;0;0;0;0;0;0;0;0;0;0;0;0;0;0;0;0.4;1.1;2;3.2;4.6;4.6;3.9;4.5;4.9;4.7;4.8;4.9
850;United States Virgin Islands;Share in total final energy consumption (%);Municipal waste (renew);Energy Balances, UN Statistics Division (2024);0;0;0;0;0;0;0;0;0;0;0;0;0;0;0;0;0;0;0;0;0;0;0;0;0;0;0;0;0;0;0;0;0
850;United States Virgin Islands;Share in total final energy consumption (%);Liquid biofuels;Energy Balances, UN Statistics Division (2024);0;0;0;0;0;0;0;0;0;0;0;0;0;0;0;0;0;0;0;0;0;0;0;0;0;0;0;0;0;0;0;0;0
850;United States Virgin Islands;Share in total final energy consumption (%);Solid biofuels;Energy Balances, UN Statistics Division (2024);0.5;0.5;0.5;0.5;0.5;0.5;0.5;0.5;0.5;0.5;0.5;0.5;0.6;0.6;0.6;0.7;0.7;0.7;0.7;0.8;0.7;0.8;0.9;0.9;1;1;1.1;1.4;1.2;1.2;1.2;1.1;1.2
850;United States Virgin Islands;Share in total final energy consumption (%);Biogases;Energy Balances, UN Statistics Division (2024);0;0;0;0;0;0;0;0;0;0;0;0;0;0;0;0;0;0;0;0;0;0;0;0;0;0;0;0;0;0;0;0;0
850;United States Virgin Islands;Share in total final energy consumption (%);Hydro;Energy Balances, UN Statistics Division (2024);0;0;0;0;0;0;0;0;0;0;0;0;0;0;0;0;0;0;0;0;0;0;0;0;0;0;0;0;0;0;0;0;0
850;United States Virgin Islands;Share in total final energy consumption (%);Geothermal;Energy Balances, UN Statistics Division (2024);0;0;0;0;0;0;0;0;0;0;0;0;0;0;0;0;0;0;0;0;0;0;0;0;0;0;0;0;0;0;0;0;0
850;United States Virgin Islands;Share in total final energy consumption (%);Tide, wave and ocean;Energy Balances, UN Statistics Division (2024);0;0;0;0;0;0;0;0;0;0;0;0;0;0;0;0;0;0;0;0;0;0;0;0;0;0;0;0;0;0;0;0;0
850;United States Virgin Islands;Share in total final energy consumption (%);Wind;Energy Balances, UN Statistics Division (2024);0;0;0;0;0;0;0;0;0;0;0;0;0;0;0;0;0;0;0;0;0;0;0;0;0;0;0;0;0;0;0;0;0
850;United States Virgin Islands;Share in total final energy consumption (%);Solar;Energy Balances, UN Statistics Division (2024);0;0;0;0;0;0;0;0;0;0;0;0;0;0;0;0;0;0;0;0;0;0.4;1.1;1.9;3.2;4.6;4.6;3.8;4.5;4.9;4.7;4.8;4.9
850;United States Virgin Islands;Final consumption of renewable energy (PJ) - Heat raising;Renewables;Energy Balances, UN Statistics Division (2024);0;0;0;0;0;0;0;0;0;0;0;0;0;0;0;0;0;0;0;0;0;0;0;0;0;0;0;0;0;0;0;0;0
850;United States Virgin Islands;Final consumption of renewable energy (PJ) - Transport;Renewables;Energy Balances, UN Statistics Division (2024);0;0;0;0;0;0;0;0;0;0;0;0;0;0;0;0;0;0;0;0;0;0;0;0;0;0;0;0;0;0;0;0;0
850;United States Virgin Islands;Final consumption of renewable energy (PJ) - Electricity consumption;Renewables;Energy Balances, UN Statistics Division (2024);0;0;0;0;0;0;0;0;0;0;0;0;0;0;0;0;0;0;0;0;0;0;0;0;0.1;0.1;0.1;0.1;0.1;0.1;0.1;0.1;0.1
858;Uruguay;Total final energy consumption (PJ);Total;IEA (2024), World Energy Balances;78.6;82.6;86.5;89.9;91.9;92.1;96.8;102.1;105.2;107.1;102.7;98.9;93.1;91.8;95.6;98.3;104.3;111.6;130.6;133.2;147.7;152.3;154.1;161.2;171;183.1;191.7;193.9;195.6;201.9;192.9;201.7;203
858;Uruguay;Share in total final energy consumption (%);Renewables;IEA (2024), World Energy Balances;44.8;43.7;43.3;42.7;42.2;41;37.5;37.7;36.9;33.3;38.7;41.6;43.3;43.8;39.3;41.3;37.6;43.2;44.1;44.6;53.3;49.7;47.8;51.9;56.7;59.4;60.3;60.8;60.8;59.3;61.2;57.8;57.5
858;Uruguay;Share in total final energy consumption (%);Modern renewables;IEA (2024), World Energy Balances;28.6;28.4;28.6;28.5;28.4;27.3;24.4;25.3;24.8;21.4;26.4;28.8;29.6;30;26.1;28.4;25.7;32.1;35;35.7;45;41.6;39.9;44.3;49.5;52.7;53.9;54.5;54.5;53.3;54.8;51.7;51.4
858;Uruguay;Share in total final energy consumption (%);Municipal waste (renew);IEA (2024), World Energy Balances;0;0;0;0;0;0;0;0;0;0;0;0;0;0;0;0;0;0;0;0;0;0;0;0;0;0;0;0;0;0;0;0;0
858;Uruguay;Share in total final energy consumption (%);Liquid biofuels;IEA (2024), World Energy Balances;0;0;0;0;0;0;0;0;0;0;0;0;0;0;0;0;0;0;0;0;0.4;0.6;0.8;1.1;1.3;1.8;2;2.1;1.9;2;2.1;2;1.3
858;Uruguay;Share in total final energy consumption (%);Solid biofuels;IEA (2024), World Energy Balances;28.4;27.8;27.6;25.9;24.1;22.9;20.8;19.8;17.6;17.3;17.8;18.4;19.6;20.6;20.2;20.7;21.7;21.4;32.2;31;35.6;35;35.4;35;38.4;42;41.8;42.5;42;40.3;43.4;42;40.6
858;Uruguay;Share in total final energy consumption (%);Biogases;IEA (2024), World Energy Balances;0;0;0;0;0;0;0;0;0;0;0;0;0;0;0;0;0;0;0;0;0;0;0;0;0;0;0;0;0;0;0;0;0
858;Uruguay;Share in total final energy consumption (%);Hydro;IEA (2024), World Energy Balances;16.4;15.9;15.7;16.8;18.1;18.1;16.7;17.9;19.3;15.9;20.9;23.2;23.7;23.3;19.1;20.6;15.9;21.8;11.8;13.5;17.1;13.8;11.5;15.5;15.8;12.5;11.8;10.6;9.5;10.4;6.4;6.8;8
858;Uruguay;Share in total final energy consumption (%);Geothermal;IEA (2024), World Energy Balances;0;0;0;0;0;0;0;0;0;0;0;0;0;0;0;0;0;0;0;0;0;0;0;0;0;0;0;0;0;0;0;0;0
858;Uruguay;Share in total final energy consumption (%);Tide, wave and ocean;IEA (2024), World Energy Balances;0;0;0;0;0;0;0;0;0;0;0;0;0;0;0;0;0;0;0;0;0;0;0;0;0;0;0;0;0;0;0;0;0
858;Uruguay;Share in total final energy consumption (%);Wind;IEA (2024), World Energy Balances;0;0;0;0;0;0;0;0;0;0;0;0;0;0;0;0;0;0;0;0.1;0.1;0.2;0.2;0.3;1.2;3.1;4.5;5.3;6.8;6.1;8.5;6.4;6.7
858;Uruguay;Share in total final energy consumption (%);Solar;IEA (2024), World Energy Balances;0;0;0;0;0;0;0;0;0;0;0;0;0;0;0;0;0;0;0;0;0;0;0;0;0;0.1;0.2;0.4;0.6;0.5;0.7;0.6;0.7
858;Uruguay;Final consumption of renewable energy (PJ) - Heat raising;Renewables;IEA (2024), World Energy Balances;22.2;22.9;23.7;23.2;22;21;20;20.2;18.4;18.4;18.2;18.2;18.1;18.8;19.2;20.2;22.4;23.5;39.1;38.4;49.6;49.8;50.4;52.2;60.5;70.6;73.7;76.5;76;76;76.7;78.5;76.1
858;Uruguay;Final consumption of renewable energy (PJ) - Transport;Renewables;IEA (2024), World Energy Balances;0.1;0;0;0;0;0;0;0;0;0;0;0;0;0;0;0;0;0;0;0;0.3;0.8;1.1;1.6;1.9;2.9;3.2;2.9;2.7;3;3;3;2
858;Uruguay;Final consumption of renewable energy (PJ) - Electricity consumption;Renewables;IEA (2024), World Energy Balances;12.9;13.2;13.7;15.2;16.8;16.8;16.3;18.3;20.4;17.2;21.6;23;22.1;21.5;18.4;20.4;16.8;24.7;18.5;21;28.9;25;22.3;29.8;34.6;35.3;38.7;38.5;40.2;40.9;38.4;35.1;38.6
860;Uzbekistan;Total final energy consumption (PJ);Total;IEA (2024), World Energy Balances;1417.2;1425.7;1284.1;1318.4;1304;1225.4;1211.7;1225.4;1451.3;1494.6;1559.1;1564.5;1612.4;1533.2;1535.4;1474.3;1546.1;1515.4;1582;1432.1;1592.2;1604.1;1339.4;1280.3;1162.9;1076.7;1153;1225;1215.7;1253.7;1379.1;1411.5;1374
860;Uzbekistan;Share in total final energy consumption (%);Renewables;IEA (2024), World Energy Balances;1.3;1.2;1.4;1.6;1.6;1.5;1.7;1.4;1.2;1.5;0.7;0.8;1;1.4;1;1.6;0.9;0.9;0.8;1.2;1.3;0.9;1.3;1.2;1.4;1.7;1.6;1.7;1.5;1.6;1;1;1.4
860;Uzbekistan;Share in total final energy consumption (%);Modern renewables;IEA (2024), World Energy Balances;1.3;1.2;1.4;1.6;1.6;1.5;1.7;1.4;1.2;1.5;0.7;0.8;1;1.4;1;1.6;0.9;0.9;0.8;1.2;1.3;0.9;1.3;1.2;1.4;1.7;1.6;1.7;1.5;1.6;1;1;1.4
860;Uzbekistan;Share in total final energy consumption (%);Municipal waste (renew);IEA (2024), World Energy Balances;0;0;0;0;0;0;0;0;0;0;0;0;0;0;0;0;0;0;0;0;0;0;0;0;0;0;0;0;0;0;0;0;0
860;Uzbekistan;Share in total final energy consumption (%);Liquid biofuels;IEA (2024), World Energy Balances;0;0;0;0;0;0;0;0;0;0;0;0;0;0;0;0;0;0;0;0;0;0;0;0;0;0;0;0;0;0;0;0;0
860;Uzbekistan;Share in total final energy consumption (%);Solid biofuels;IEA (2024), World Energy Balances;0;0;0;0;0;0;0;0;0;0;0;0;0;0;0;0;0;0;0;0;0;0;0;0;0;0;0;0;0;0;0;0;0
860;Uzbekistan;Share in total final energy consumption (%);Biogases;IEA (2024), World Energy Balances;0;0;0;0;0;0;0;0;0;0;0;0;0;0;0;0;0;0;0;0;0;0;0;0;0;0;0;0;0;0;0;0;0
860;Uzbekistan;Share in total final energy consumption (%);Hydro;IEA (2024), World Energy Balances;1.3;1.2;1.4;1.6;1.6;1.5;1.6;1.4;1.2;1.5;0.7;0.8;1;1.4;1;1.6;0.8;0.9;0.8;1.2;1.3;0.9;1.3;1.2;1.4;1.7;1.6;1.7;1.5;1.6;1;1;1.3
860;Uzbekistan;Share in total final energy consumption (%);Geothermal;IEA (2024), World Energy Balances;0;0;0;0;0;0;0;0;0;0;0;0;0;0;0;0;0;0;0;0;0;0;0;0;0;0;0;0;0;0;0;0;0
860;Uzbekistan;Share in total final energy consumption (%);Tide, wave and ocean;IEA (2024), World Energy Balances;0;0;0;0;0;0;0;0;0;0;0;0;0;0;0;0;0;0;0;0;0;0;0;0;0;0;0;0;0;0;0;0;0
860;Uzbekistan;Share in total final energy consumption (%);Wind;IEA (2024), World Energy Balances;0;0;0;0;0;0;0;0;0;0;0;0;0;0;0;0;0;0;0;0;0;0;0;0;0;0;0;0;0;0;0;0;0
860;Uzbekistan;Share in total final energy consumption (%);Solar;IEA (2024), World Energy Balances;0;0;0;0;0;0;0;0;0;0;0;0;0;0;0;0;0;0;0;0;0;0;0;0;0;0;0;0;0;0;0;0;0.1
860;Uzbekistan;Final consumption of renewable energy (PJ) - Heat raising;Renewables;IEA (2024), World Energy Balances;0.1;0.2;0.2;0.2;0.2;0.2;0.2;0.2;0.2;0.1;0.2;0.2;0.2;0.1;0.1;0.2;0.2;0.2;0.2;0.2;0.2;0.2;0.2;0.2;0.2;0.2;0.2;0.2;0.2;0.1;0.1;0.1;0.1
860;Uzbekistan;Final consumption of renewable energy (PJ) - Transport;Renewables;IEA (2024), World Energy Balances;0.5;0.6;0.6;0.6;0.6;0.6;0.7;0.6;0.6;0.7;0.4;0.4;0.5;0.7;0.6;0.9;0.4;0.4;0.4;0.6;0.7;0.5;0.5;0.5;0.5;0.5;0.5;0.6;0.5;0.8;0.3;0.3;0.5
860;Uzbekistan;Final consumption of renewable energy (PJ) - Electricity consumption;Renewables;IEA (2024), World Energy Balances;17.7;16.6;17.3;20.6;20;17.2;19.2;17;17;21.2;10.6;11.7;15.7;20.9;15.3;22.8;12.6;13;12;17.2;20.5;14.6;17.1;14.5;15.6;17.7;17.8;20.6;17.6;19.1;13.8;13.8;18.5
548;Vanuatu;Total final energy consumption (PJ);Total;Energy Balances, UN Statistics Division (2024);1;1;1;1;1;1.1;1.2;1.4;1.5;1.6;1.6;1.6;1.5;1.6;1.5;1.5;1.5;1.6;1.6;2.2;2.3;2.4;2.2;2.2;2.8;2.5;2.6;2.4;3;2.8;3.4;3.6;3.1
548;Vanuatu;Share in total final energy consumption (%);Renewables;Energy Balances, UN Statistics Division (2024);27.6;31.9;37.3;40.3;43.5;45.4;44.3;46.7;49.3;50.5;49.5;51.3;53.3;52.7;55.4;54.9;55.3;51.6;52.1;38.7;38.1;35.7;39;40.9;31.5;35.6;33.1;35.3;29.4;31.5;25.9;24.2;27.6
548;Vanuatu;Share in total final energy consumption (%);Modern renewables;Energy Balances, UN Statistics Division (2024);0;0;0;0;0;0;0;0;0;0;0;0;0;0.3;0.3;0.3;0.3;0.4;2.4;1.8;2;1.6;2.4;3.6;2.1;2.6;2.1;2;1.8;2.3;1.8;1.4;1.6
548;Vanuatu;Share in total final energy consumption (%);Municipal waste (renew);Energy Balances, UN Statistics Division (2024);0;0;0;0;0;0;0;0;0;0;0;0;0;0;0;0;0;0;0;0;0;0;0;0;0;0;0;0;0;0;0;0;0
548;Vanuatu;Share in total final energy consumption (%);Liquid biofuels;Energy Balances, UN Statistics Division (2024);0;0;0;0;0;0;0;0;0;0;0;0;0;0;0;0;0;0.1;0.1;0.1;0.1;0.1;0.5;1.6;0.4;0.5;0.3;0;0.1;0.2;0.1;0;0
548;Vanuatu;Share in total final energy consumption (%);Solid biofuels;Energy Balances, UN Statistics Division (2024);27.6;31.9;37.3;40.3;43.5;45.4;44.3;46.7;49.3;50.5;49.5;51.3;53.3;52.4;55;54.6;54.9;51.2;49.7;36.8;36.1;34.2;36.6;37.3;29.4;33;31;33.4;27.6;29.2;24.1;22.8;26
548;Vanuatu;Share in total final energy consumption (%);Biogases;Energy Balances, UN Statistics Division (2024);0;0;0;0;0;0;0;0;0;0;0;0;0;0;0;0;0;0;0;0;0;0;0;0;0;0;0;0;0;0;0;0;0
548;Vanuatu;Share in total final energy consumption (%);Hydro;Energy Balances, UN Statistics Division (2024);0;0;0;0;0;0;0;0;0;0;0;0;0;0.3;0.3;0.3;0.3;0.3;1.3;1;1.1;0.8;1.1;1.1;0.9;1;0.7;1;0.9;0.9;0.8;0.8;1
548;Vanuatu;Share in total final energy consumption (%);Geothermal;Energy Balances, UN Statistics Division (2024);0;0;0;0;0;0;0;0;0;0;0;0;0;0;0;0;0;0;0;0;0;0;0;0;0;0;0;0;0;0;0;0;0
548;Vanuatu;Share in total final energy consumption (%);Tide, wave and ocean;Energy Balances, UN Statistics Division (2024);0;0;0;0;0;0;0;0;0;0;0;0;0;0;0;0;0;0;0;0;0;0;0;0;0;0;0;0;0;0;0;0;0
548;Vanuatu;Share in total final energy consumption (%);Wind;Energy Balances, UN Statistics Division (2024);0;0;0;0;0;0;0;0;0;0;0;0;0;0;0;0;0;0;1;0.8;0.7;0.6;0.8;0.9;0.8;1.1;0.7;0.7;0.5;0.7;0.5;0.4;0.3
548;Vanuatu;Share in total final energy consumption (%);Solar;Energy Balances, UN Statistics Division (2024);0;0;0;0;0;0;0;0;0;0;0;0;0;0;0;0;0;0;0;0;0;0;0;0;0;0;0.4;0.3;0.4;0.4;0.3;0.3;0.3
548;Vanuatu;Final consumption of renewable energy (PJ) - Heat raising;Renewables;Energy Balances, UN Statistics Division (2024);0.3;0.3;0.4;0.4;0.4;0.5;0.5;0.6;0.7;0.8;0.8;0.8;0.8;0.8;0.8;0.8;0.8;0.8;0.8;0.8;0.8;0.8;0.8;0.8;0.8;0.8;0.8;0.8;0.8;0.8;0.8;0.8;0.8
548;Vanuatu;Final consumption of renewable energy (PJ) - Transport;Renewables;Energy Balances, UN Statistics Division (2024);0;0;0;0;0;0;0;0;0;0;0;0;0;0;0;0;0;0;0;0;0;0;0;0;0;0;0;0;0;0;0;0;0
548;Vanuatu;Final consumption of renewable energy (PJ) - Electricity consumption;Renewables;Energy Balances, UN Statistics Division (2024);0;0;0;0;0;0;0;0;0;0;0;0;0;0;0;0;0;0;0;0;0;0;0.1;0.1;0.1;0.1;0.1;0;0.1;0.1;0.1;0.1;0.1
862;Venezuela (Bolivarian Republic of);Total final energy consumption (PJ);Total;IEA (2024), World Energy Balances;1048.6;1113.2;1103.2;1184.2;1185.5;1256.5;1328.6;1304.3;1315.5;1234.9;1240.5;1303.6;1401;1340.4;1419.3;1541.9;1500.7;1411.3;1473.1;1506.9;1685.9;1700.1;1790.4;1762.3;1613.3;1353.6;1199.5;1152.8;1057.1;825.9;498.7;477.2;700.7
862;Venezuela (Bolivarian Republic of);Share in total final energy consumption (%);Renewables;IEA (2024), World Energy Balances;12;13.2;14.1;13.2;13.8;13.2;12.9;13.9;13.7;15;15.3;14;12.8;13.4;14.6;14.2;15.6;16.6;16.3;16.2;13.8;14.8;13.9;15.4;11.9;14.2;13.4;13.2;13.5;14.5;28.8;31.3;21.4
862;Venezuela (Bolivarian Republic of);Share in total final energy consumption (%);Modern renewables;IEA (2024), World Energy Balances;11.1;12.4;13.3;12.4;13;12.3;12.1;13.1;12.9;14.1;14.4;13.2;12;12.5;13.8;13.4;14.8;15.7;15.5;15.4;13.1;14.1;13.3;14.9;11.3;13.5;12.7;12.5;12.7;13.8;27.9;30.1;20.3
862;Venezuela (Bolivarian Republic of);Share in total final energy consumption (%);Municipal waste (renew);IEA (2024), World Energy Balances;0;0;0;0;0;0;0;0;0;0;0;0;0;0;0;0;0;0;0;0;0;0;0;0;0;0;0;0;0;0;0;0;0
862;Venezuela (Bolivarian Republic of);Share in total final energy consumption (%);Liquid biofuels;IEA (2024), World Energy Balances;0;0;0;0;0;0;0;0;0;0;0;0;0;0;0;0;0;0;0;0;0;0;0;0;0;0;0;0;0;0;0;0;0
862;Venezuela (Bolivarian Republic of);Share in total final energy consumption (%);Solid biofuels;IEA (2024), World Energy Balances;2.4;2.3;2.4;2.1;2.2;2.1;2;2.1;2.1;2.2;2.3;2.2;2;2;2.1;2;2.2;2.5;2.5;2.3;2;2;1.9;2;2;2.3;2.3;2.1;2;1.8;2.2;2.5;2.2
862;Venezuela (Bolivarian Republic of);Share in total final energy consumption (%);Biogases;IEA (2024), World Energy Balances;0;0;0;0;0;0;0;0;0;0;0;0;0;0;0;0;0;0;0;0;0;0;0;0;0;0;0;0;0;0;0;0;0
862;Venezuela (Bolivarian Republic of);Share in total final energy consumption (%);Hydro;IEA (2024), World Energy Balances;9.6;10.9;11.8;11.1;11.7;11;10.9;11.7;11.5;12.8;13;11.8;10.8;11.4;12.5;12.2;13.4;14.1;13.9;13.9;11.8;12.7;11.9;13.5;9.9;11.9;11.2;11.1;11.5;12.7;26.6;28.8;19.1
862;Venezuela (Bolivarian Republic of);Share in total final energy consumption (%);Geothermal;IEA (2024), World Energy Balances;0;0;0;0;0;0;0;0;0;0;0;0;0;0;0;0;0;0;0;0;0;0;0;0;0;0;0;0;0;0;0;0;0
862;Venezuela (Bolivarian Republic of);Share in total final energy consumption (%);Tide, wave and ocean;IEA (2024), World Energy Balances;0;0;0;0;0;0;0;0;0;0;0;0;0;0;0;0;0;0;0;0;0;0;0;0;0;0;0;0;0;0;0;0;0
862;Venezuela (Bolivarian Republic of);Share in total final energy consumption (%);Wind;IEA (2024), World Energy Balances;0;0;0;0;0;0;0;0;0;0;0;0;0;0;0;0;0;0;0;0;0;0;0;0;0;0;0;0;0;0;0;0;0
862;Venezuela (Bolivarian Republic of);Share in total final energy consumption (%);Solar;IEA (2024), World Energy Balances;0;0;0;0;0;0;0;0;0;0;0;0;0;0;0;0;0;0;0;0;0;0;0;0;0;0;0;0;0;0;0;0;0
862;Venezuela (Bolivarian Republic of);Final consumption of renewable energy (PJ) - Heat raising;Renewables;IEA (2024), World Energy Balances;25;25.9;26.2;25;25.6;26.5;26.8;27.9;28.2;27.6;28.3;29.1;28;27.2;29.8;31.5;33.4;35.2;36.4;35;34;34.2;34.7;34.4;32.9;31.7;27.2;24.2;21.1;14.8;10.8;12.2;15.5
862;Venezuela (Bolivarian Republic of);Final consumption of renewable energy (PJ) - Transport;Renewables;IEA (2024), World Energy Balances;0.6;0.5;0.5;0.4;0.3;0.3;0.4;0.4;0.4;0.4;0.7;0.6;0.6;0.5;0.6;0.7;0.7;0.8;0.7;0.8;0.7;0.7;0.7;0.8;0;0;0;0;0;0;0.3;0.3;0.5
862;Venezuela (Bolivarian Republic of);Final consumption of renewable energy (PJ) - Electricity consumption;Renewables;IEA (2024), World Energy Balances;100.4;120.9;129.3;131.2;138;138.4;144.1;152.7;151.4;157.7;160.6;153.3;151.3;152.1;177.3;187.2;200;198.9;203.7;208.5;197.8;216;212.6;236.7;159.5;160.8;134.1;128.2;121.7;105.3;132.4;137.2;133.7
704;Viet Nam;Total final energy consumption (PJ);Total;IEA (2024), World Energy Balances;666.3;685.9;711.3;790.5;781.4;820;859.1;914.2;959.5;991.8;1039;1103.3;1186.1;1261.8;1383;1435.3;1455.6;1560.3;1690.2;1830.4;1930;1976.9;2008.8;2084.3;2200.6;1874.1;2009.9;2127.3;2435.8;2643;2711.2;2748.4;2914.2
704;Viet Nam;Share in total final energy consumption (%);Renewables;IEA (2024), World Energy Balances;75.9;75.5;74.5;70.6;67.8;64.9;62.6;60.5;59.2;59.3;57.7;56.1;52.2;50.8;45.8;44.1;44.3;41.9;39.3;37;34.6;36.3;37.9;37.4;36.7;27.8;26.9;28.4;24.5;20.6;19.1;24.6;24.8
704;Viet Nam;Share in total final energy consumption (%);Modern renewables;IEA (2024), World Energy Balances;19.8;19.9;19.9;19;18.8;18.4;18.2;17.5;17;17.5;17.2;17.4;16.2;14.5;13.3;12.4;13.4;12.9;12.2;11.7;10.3;12.6;14.6;14.8;15.3;17.6;18.4;21.2;18.8;16.2;15.9;21.9;22.8
704;Viet Nam;Share in total final energy consumption (%);Municipal waste (renew);IEA (2024), World Energy Balances;0;0;0;0;0;0;0;0;0;0;0;0;0;0;0;0;0;0;0;0;0;0;0;0;0;0;0;0;0;0;0;0;0
704;Viet Nam;Share in total final energy consumption (%);Liquid biofuels;IEA (2024), World Energy Balances;0;0;0;0;0;0;0;0;0;0;0;0;0;0;0;0;0;0;0;0;0;0;0;0;0;0;0;0;0.1;0.1;0.1;0;0
704;Viet Nam;Share in total final energy consumption (%);Solid biofuels;IEA (2024), World Energy Balances;73.8;73.1;71.9;68;64.6;61.3;58.6;56.9;55.8;55.2;53.5;51.1;47.6;46.2;41.8;40.4;39.8;37;34.1;31.5;29.9;29.5;29.4;28.7;27.6;18.2;16.7;15.5;13.5;11.9;8.9;11.9;10.4
704;Viet Nam;Share in total final energy consumption (%);Biogases;IEA (2024), World Energy Balances;0;0;0;0;0;0;0;0;0;0;0;0;0;0;0;0;0;0;0;0;0;0;0;0;0;0;0;0;0;0;0;0;0
704;Viet Nam;Share in total final energy consumption (%);Hydro;IEA (2024), World Energy Balances;2.1;2.4;2.6;2.7;3.2;3.6;4;3.7;3.4;4.1;4.3;5;4.6;4.6;4;3.7;4.5;4.9;5.1;5.5;4.7;6.8;8.5;8.6;9.1;9.5;10.1;12.9;10.8;8;8.8;9.1;10.3
704;Viet Nam;Share in total final energy consumption (%);Geothermal;IEA (2024), World Energy Balances;0;0;0;0;0;0;0;0;0;0;0;0;0;0;0;0;0;0;0;0;0;0;0;0;0;0;0;0;0;0;0;0;0
704;Viet Nam;Share in total final energy consumption (%);Tide, wave and ocean;IEA (2024), World Energy Balances;0;0;0;0;0;0;0;0;0;0;0;0;0;0;0;0;0;0;0;0;0;0;0;0;0;0;0;0;0;0;0;0;0
704;Viet Nam;Share in total final energy consumption (%);Wind;IEA (2024), World Energy Balances;0;0;0;0;0;0;0;0;0;0;0;0;0;0;0;0;0;0;0;0;0;0;0;0;0;0;0;0.1;0.1;0.1;0.1;0.4;1
704;Viet Nam;Share in total final energy consumption (%);Solar;IEA (2024), World Energy Balances;0;0;0;0;0;0;0;0;0;0;0;0;0;0;0;0;0;0;0;0;0;0;0;0;0;0;0;0;0;0.6;1.2;3.2;3.1
704;Viet Nam;Final consumption of renewable energy (PJ) - Heat raising;Renewables;IEA (2024), World Energy Balances;492;501.3;511.5;537.2;504.4;502.9;503.7;519.8;535.7;547.2;555.6;564.2;564.1;583.2;578.1;579.9;578.6;577.6;576.9;576.6;576.2;583.7;590.8;598.2;607;341.6;330.9;324;323.1;308.8;236.4;319.4;294.9
704;Viet Nam;Final consumption of renewable energy (PJ) - Transport;Renewables;IEA (2024), World Energy Balances;0;0;0;0;0;0;0;0;0;0;0;0;0;0;0;0;0;0;0;0;0;0;0;0;0;0;0.6;0.7;3.2;3.3;2.7;0.7;1.6
704;Viet Nam;Final consumption of renewable energy (PJ) - Electricity consumption;Renewables;IEA (2024), World Energy Balances;13.8;16.3;18.6;21.1;25.1;29.1;34.1;33.6;32.6;41.1;44.2;55.1;55;58.2;55;53.7;65.6;76.2;86.6;100;91.2;134.5;170.8;180.7;200.5;178.7;208.6;280.2;270.2;233;278.2;355;425
876;Wallis and Futuna Islands;Total final energy consumption (PJ);Total;Energy Balances, UN Statistics Division (2024);0.2;0.2;0.2;0.2;0.2;0.2;0.2;0.2;0.2;0.2;0.2;0.2;0.2;0.2;0.2;0.3;0.2;0.2;0.2;0.2;0.2;0.2;0.2;0.2;0.2;0.2;0.2;0.2;0.2;0.3;0.3;0.3;0.3
876;Wallis and Futuna Islands;Share in total final energy consumption (%);Renewables;Energy Balances, UN Statistics Division (2024);4.8;4.7;4.6;4.5;4.4;4.3;4.2;4.1;4;4;3.9;4.5;4.5;4.7;3.8;3.7;3.7;3.6;3.7;3.6;3.7;3.6;3.8;4;4;4;3.8;3.8;3.7;3.6;3.5;3.5;3.4
876;Wallis and Futuna Islands;Share in total final energy consumption (%);Modern renewables;Energy Balances, UN Statistics Division (2024);0;0;0;0;0;0;0;0;0;0;0;0.6;0.6;0.7;0;0;0;0;0;0.2;0.4;0.4;0.4;0.6;0.6;0.6;0.6;0.6;0.7;0.7;0.7;0.7;0.7
876;Wallis and Futuna Islands;Share in total final energy consumption (%);Municipal waste (renew);Energy Balances, UN Statistics Division (2024);0;0;0;0;0;0;0;0;0;0;0;0;0;0;0;0;0;0;0;0;0;0;0;0;0;0;0;0;0;0;0;0;0
876;Wallis and Futuna Islands;Share in total final energy consumption (%);Liquid biofuels;Energy Balances, UN Statistics Division (2024);0;0;0;0;0;0;0;0;0;0;0;0;0;0;0;0;0;0;0;0;0;0;0;0;0;0;0;0;0;0;0;0;0
876;Wallis and Futuna Islands;Share in total final energy consumption (%);Solid biofuels;Energy Balances, UN Statistics Division (2024);4.8;4.7;4.6;4.5;4.4;4.3;4.2;4.1;4;4;3.9;3.8;3.9;4;3.8;3.7;3.7;3.6;3.7;3.4;3.3;3.2;3.3;3.4;3.4;3.4;3.2;3.2;3;2.9;2.8;2.8;2.7
876;Wallis and Futuna Islands;Share in total final energy consumption (%);Biogases;Energy Balances, UN Statistics Division (2024);0;0;0;0;0;0;0;0;0;0;0;0;0;0;0;0;0;0;0;0;0;0;0;0;0;0;0;0;0;0;0;0;0
876;Wallis and Futuna Islands;Share in total final energy consumption (%);Hydro;Energy Balances, UN Statistics Division (2024);0;0;0;0;0;0;0;0;0;0;0;0.6;0.6;0.7;0;0;0;0;0;0.1;0.3;0.3;0.3;0.4;0.4;0.4;0.4;0.4;0.5;0.5;0.5;0.5;0.5
876;Wallis and Futuna Islands;Share in total final energy consumption (%);Geothermal;Energy Balances, UN Statistics Division (2024);0;0;0;0;0;0;0;0;0;0;0;0;0;0;0;0;0;0;0;0;0;0;0;0;0;0;0;0;0;0;0;0;0
876;Wallis and Futuna Islands;Share in total final energy consumption (%);Tide, wave and ocean;Energy Balances, UN Statistics Division (2024);0;0;0;0;0;0;0;0;0;0;0;0;0;0;0;0;0;0;0;0;0;0;0;0;0;0;0;0;0;0;0;0;0
876;Wallis and Futuna Islands;Share in total final energy consumption (%);Wind;Energy Balances, UN Statistics Division (2024);0;0;0;0;0;0;0;0;0;0;0;0;0;0;0;0;0;0;0;0;0;0;0;0;0;0;0;0;0;0;0;0;0
876;Wallis and Futuna Islands;Share in total final energy consumption (%);Solar;Energy Balances, UN Statistics Division (2024);0;0;0;0;0;0;0;0;0;0;0;0;0;0;0;0;0;0;0;0.1;0.1;0.1;0.1;0.2;0.2;0.2;0.2;0.2;0.2;0.2;0.2;0.2;0.2
876;Wallis and Futuna Islands;Final consumption of renewable energy (PJ) - Heat raising;Renewables;Energy Balances, UN Statistics Division (2024);0;0;0;0;0;0;0;0;0;0;0;0;0;0;0;0;0;0;0;0;0;0;0;0;0;0;0;0;0;0;0;0;0
876;Wallis and Futuna Islands;Final consumption of renewable energy (PJ) - Transport;Renewables;Energy Balances, UN Statistics Division (2024);0;0;0;0;0;0;0;0;0;0;0;0;0;0;0;0;0;0;0;0;0;0;0;0;0;0;0;0;0;0;0;0;0
876;Wallis and Futuna Islands;Final consumption of renewable energy (PJ) - Electricity consumption;Renewables;Energy Balances, UN Statistics Division (2024);0;0;0;0;0;0;0;0;0;0;0;0;0;0;0;0;0;0;0;0;0;0;0;0;0;0;0;0;0;0;0;0;0
887;Yemen;Total final energy consumption (PJ);Total;IEA (2024), World Energy Balances;72.8;91.6;99.1;87.4;89.8;104.1;105.8;112.1;121.3;129.8;136.2;149.4;153.5;182.5;192.2;202.8;201.3;206.8;222.1;238.9;220.4;191.9;168.6;247.9;253;109.6;87.4;83.6;110.6;111.4;100.7;100.2;102
887;Yemen;Share in total final energy consumption (%);Renewables;IEA (2024), World Energy Balances;1.8;1.4;1.3;1.5;1.4;1.2;1.2;1.2;1.1;1;1;0.9;0.9;0.8;0.8;0.7;0.8;0.8;0.7;0.7;0.8;0.9;1.1;0.8;0.8;2;2.6;3.1;3;3.1;3.7;4;4.1
887;Yemen;Share in total final energy consumption (%);Modern renewables;IEA (2024), World Energy Balances;1.8;1.4;1.3;1.5;1.4;1.2;1.2;1.2;1.1;1;1;0.9;0.9;0.8;0.8;0.7;0.8;0.8;0.7;0.7;0.8;0.9;1.1;0.8;0.8;2;2.6;3.1;3;3.1;3.7;4;4.1
887;Yemen;Share in total final energy consumption (%);Municipal waste (renew);IEA (2024), World Energy Balances;0;0;0;0;0;0;0;0;0;0;0;0;0;0;0;0;0;0;0;0;0;0;0;0;0;0;0;0;0;0;0;0;0
887;Yemen;Share in total final energy consumption (%);Liquid biofuels;IEA (2024), World Energy Balances;0;0;0;0;0;0;0;0;0;0;0;0;0;0;0;0;0;0;0;0;0;0;0;0;0;0;0;0;0;0;0;0;0
887;Yemen;Share in total final energy consumption (%);Solid biofuels;IEA (2024), World Energy Balances;1.8;1.4;1.3;1.5;1.4;1.2;1.2;1.2;1.1;1;1;0.9;0.9;0.8;0.8;0.7;0.8;0.8;0.7;0.7;0.8;0.9;1.1;0.8;0.8;1.8;2.3;2.5;1.9;2;2.2;2.3;2.3
887;Yemen;Share in total final energy consumption (%);Biogases;IEA (2024), World Energy Balances;0;0;0;0;0;0;0;0;0;0;0;0;0;0;0;0;0;0;0;0;0;0;0;0;0;0;0;0;0;0;0;0;0
887;Yemen;Share in total final energy consumption (%);Hydro;IEA (2024), World Energy Balances;0;0;0;0;0;0;0;0;0;0;0;0;0;0;0;0;0;0;0;0;0;0;0;0;0;0;0;0;0;0;0;0;0
887;Yemen;Share in total final energy consumption (%);Geothermal;IEA (2024), World Energy Balances;0;0;0;0;0;0;0;0;0;0;0;0;0;0;0;0;0;0;0;0;0;0;0;0;0;0;0;0;0;0;0;0;0
887;Yemen;Share in total final energy consumption (%);Tide, wave and ocean;IEA (2024), World Energy Balances;0;0;0;0;0;0;0;0;0;0;0;0;0;0;0;0;0;0;0;0;0;0;0;0;0;0;0;0;0;0;0;0;0
887;Yemen;Share in total final energy consumption (%);Wind;IEA (2024), World Energy Balances;0;0;0;0;0;0;0;0;0;0;0;0;0;0;0;0;0;0;0;0;0;0;0;0;0;0;0;0;0;0;0;0;0
887;Yemen;Share in total final energy consumption (%);Solar;IEA (2024), World Energy Balances;0;0;0;0;0;0;0;0;0;0;0;0;0;0;0;0;0;0;0;0;0;0;0;0;0;0.2;0.3;0.6;1.1;1.1;1.5;1.7;1.8
887;Yemen;Final consumption of renewable energy (PJ) - Heat raising;Renewables;IEA (2024), World Energy Balances;1.3;1.3;1.3;1.3;1.3;1.3;1.3;1.3;1.3;1.3;1.3;1.3;1.4;1.4;1.4;1.5;1.5;1.6;1.6;1.7;1.7;1.8;1.8;1.9;1.9;2;2;2.1;2.1;2.2;2.2;2.3;2.3
887;Yemen;Final consumption of renewable energy (PJ) - Transport;Renewables;IEA (2024), World Energy Balances;0;0;0;0;0;0;0;0;0;0;0;0;0;0;0;0;0;0;0;0;0;0;0;0;0;0;0;0;0;0;0;0;0
887;Yemen;Final consumption of renewable energy (PJ) - Electricity consumption;Renewables;IEA (2024), World Energy Balances;0;0;0;0;0;0;0;0;0;0;0;0;0;0;0;0;0;0;0;0;0;0;0;0;0;0.2;0.3;0.5;1.2;1.3;1.5;1.7;1.9
894;Zambia;Total final energy consumption (PJ);Total;IEA (2024), World Energy Balances;179.8;185.1;188.8;188;188.5;192.3;189.4;198.2;199.4;201.6;194;201;209.5;218.3;224.8;229.6;235;236.9;247.4;257.2;268.3;282.5;305;317;327.9;344;347.1;359.7;370.7;387.2;398.6;429;443.4
894;Zambia;Share in total final energy consumption (%);Renewables;IEA (2024), World Energy Balances;83;82.3;82.7;85.1;86.9;87.1;89.6;87;87.8;89.8;89.2;89;89;88.8;88.9;88.2;89.1;90.2;88.4;88;87.8;87.1;85.3;85;83.4;82.8;83.3;82.6;83.5;82.8;82.7;81.3;81.3
894;Zambia;Share in total final energy consumption (%);Modern renewables;IEA (2024), World Energy Balances;22.5;22;22.2;22.9;23.3;23;23.5;22.1;21.6;22.1;16.4;17;18.2;19;19.2;17.8;18.2;17.6;15.7;15.6;16;16.6;17.6;17.5;16.6;18.8;17.9;17.8;18.2;18;18;19.1;19
894;Zambia;Share in total final energy consumption (%);Municipal waste (renew);IEA (2024), World Energy Balances;0;0;0;0;0;0;0;0;0;0;0;0;0;0;0;0;0;0;0;0;0;0;0;0;0;0;0;0;0;0;0;0;0
894;Zambia;Share in total final energy consumption (%);Liquid biofuels;IEA (2024), World Energy Balances;0;0;0;0;0;0;0;0;0;0;0;0;0;0;0;0;0;0;0;0;0;0;0;0;0;0;0;0;0;0;0;0;0
894;Zambia;Share in total final energy consumption (%);Solid biofuels;IEA (2024), World Energy Balances;71.3;71;71.3;73.3;74.9;75.5;77.9;76.3;77.8;79.6;78.1;77.6;77.3;76.9;76.6;75.7;76.3;78;77.7;77.9;77.5;76.3;73.2;72.7;72;71.3;72.7;72.1;72.8;73;73.9;71.4;71.4
894;Zambia;Share in total final energy consumption (%);Biogases;IEA (2024), World Energy Balances;0;0;0;0;0;0;0;0;0;0;0;0;0;0;0;0;0;0;0;0;0;0;0;0;0;0;0;0;0;0;0;0;0
894;Zambia;Share in total final energy consumption (%);Hydro;IEA (2024), World Energy Balances;11.8;11.3;11.4;11.8;11.9;11.6;11.7;10.7;9.9;10.2;11.1;11.4;11.7;11.9;12.3;12.5;12.8;12.2;10.6;10.1;10.4;10.8;12.1;12.2;11.4;11.6;10.6;10.5;10.7;9.7;8.7;9.8;9.8
894;Zambia;Share in total final energy consumption (%);Geothermal;IEA (2024), World Energy Balances;0;0;0;0;0;0;0;0;0;0;0;0;0;0;0;0;0;0;0;0;0;0;0;0;0;0;0;0;0;0;0;0;0
894;Zambia;Share in total final energy consumption (%);Tide, wave and ocean;IEA (2024), World Energy Balances;0;0;0;0;0;0;0;0;0;0;0;0;0;0;0;0;0;0;0;0;0;0;0;0;0;0;0;0;0;0;0;0;0
894;Zambia;Share in total final energy consumption (%);Wind;IEA (2024), World Energy Balances;0;0;0;0;0;0;0;0;0;0;0;0;0;0;0;0;0;0;0;0;0;0;0;0;0;0;0;0;0;0;0;0;0
894;Zambia;Share in total final energy consumption (%);Solar;IEA (2024), World Energy Balances;0;0;0;0;0;0;0;0;0;0;0;0;0;0;0;0;0;0;0;0;0;0;0;0;0;0;0;0;0;0.1;0.1;0.1;0.1
894;Zambia;Final consumption of renewable energy (PJ) - Heat raising;Renewables;IEA (2024), World Energy Balances;128.1;131.4;134.6;137.9;141.3;145.1;147.6;151.2;155.2;160.6;151.4;155.9;161.8;167.7;172.1;173.7;179.2;184.7;192.3;200.1;207.7;215.4;223.2;230.4;235.9;245;252.1;259.2;269.7;282.3;294.2;306.1;316.4
894;Zambia;Final consumption of renewable energy (PJ) - Transport;Renewables;IEA (2024), World Energy Balances;0;0;0;0.1;0;0;0;0;0;0.1;0.1;0.1;0.1;0.1;0;0;0;0.1;0.1;0.1;0.1;0.1;0.1;0.1;0.1;0.1;0.1;0.1;0.1;0.1;0.1;0.1;0.1
894;Zambia;Final consumption of renewable energy (PJ) - Electricity consumption;Renewables;IEA (2024), World Energy Balances;21.1;20.9;21.6;22.1;22.5;22.4;22.2;21.1;19.8;20.5;21.6;23;24.6;26.1;27.8;28.8;30.2;28.9;26.3;26.1;27.9;30.7;37;38.9;37.4;39.9;36.8;37.8;39.8;38.1;35.3;42.4;44
716;Zimbabwe;Total final energy consumption (PJ);Total;IEA (2024), World Energy Balances;332.2;334.1;337;336.5;322.7;335.6;342.3;343.7;347.5;380.4;219.9;204;198.5;194.6;178.3;185.6;202.1;205.2;187.4;183.8;190.5;209.6;214.6;207.1;205.6;206.1;201.5;209.8;226.6;218.8;207.1;223.3;237.9
716;Zimbabwe;Share in total final energy consumption (%);Renewables;IEA (2024), World Energy Balances;64;63.8;64.4;64.5;68.6;67.1;66.8;67.4;67.9;64.5;50;53;56.3;61.4;66.6;64.2;62.6;61.5;66.2;67.5;65.2;59.3;58.9;62;64;63.7;64.6;65.5;62;63.8;68.3;66.8;63.4
716;Zimbabwe;Share in total final energy consumption (%);Modern renewables;IEA (2024), World Energy Balances;8.5;7.5;7.5;6.5;7;7.3;7.5;7.6;7.6;8.4;15.2;14.9;16.7;20.4;21.2;20;21.4;20.2;20.7;20.6;19.3;17;16.8;17.5;18.2;17.1;16;17.7;17.2;16.6;17.9;19.5;18.5
716;Zimbabwe;Share in total final energy consumption (%);Municipal waste (renew);IEA (2024), World Energy Balances;0;0;0;0;0;0;0;0;0;0;0;0;0;0;0;0;0;0;0;0;0;0;0;0;0;0;0;0;0;0;0;0;0
716;Zimbabwe;Share in total final energy consumption (%);Liquid biofuels;IEA (2024), World Energy Balances;0;0;0;0;0;0;0;0;0;0;0;0;0;0;0;0;0;0;0;0;0;0;0;0.4;0.7;0.7;0.5;0.8;0.8;0.9;0.9;0.9;0.9
716;Zimbabwe;Share in total final energy consumption (%);Solid biofuels;IEA (2024), World Energy Balances;59.5;60.3;60.9;62.1;65.9;64.2;63.7;64.3;64.8;60.3;42.2;46.2;48;49.8;55.1;53.6;50.4;50.3;55.5;57.2;55.9;51.5;51.2;54;55.5;56.3;58.7;57.6;53.9;56.6;60.4;56.7;53.7
716;Zimbabwe;Share in total final energy consumption (%);Biogases;IEA (2024), World Energy Balances;0;0;0;0;0;0;0;0;0;0;0;0;0;0;0;0;0;0;0;0;0;0;0;0;0;0;0;0;0;0;0;0;0
716;Zimbabwe;Share in total final energy consumption (%);Hydro;IEA (2024), World Energy Balances;4.5;3.5;3.5;2.4;2.7;2.9;3.1;3.1;3.1;4.2;7.8;6.8;8.3;11.6;11.6;10.6;12.2;11.2;10.8;10.3;9.3;7.8;7.7;7.5;7.8;6.7;5.4;7.1;7.3;6.2;6.9;9.3;8.7
716;Zimbabwe;Share in total final energy consumption (%);Geothermal;IEA (2024), World Energy Balances;0;0;0;0;0;0;0;0;0;0;0;0;0;0;0;0;0;0;0;0;0;0;0;0;0;0;0;0;0;0;0;0;0
716;Zimbabwe;Share in total final energy consumption (%);Tide, wave and ocean;IEA (2024), World Energy Balances;0;0;0;0;0;0;0;0;0;0;0;0;0;0;0;0;0;0;0;0;0;0;0;0;0;0;0;0;0;0;0;0;0
716;Zimbabwe;Share in total final energy consumption (%);Wind;IEA (2024), World Energy Balances;0;0;0;0;0;0;0;0;0;0;0;0;0;0;0;0;0;0;0;0;0;0;0;0;0;0;0;0;0;0;0;0;0
716;Zimbabwe;Share in total final energy consumption (%);Solar;IEA (2024), World Energy Balances;0;0;0;0;0;0;0;0;0;0;0;0;0;0;0;0;0;0;0;0;0;0;0;0;0;0;0;0;0;0;0;0;0
716;Zimbabwe;Final consumption of renewable energy (PJ) - Heat raising;Renewables;IEA (2024), World Energy Balances;197.6;201.6;205.3;208.8;212.6;215.6;218.1;221;225.2;229.3;92.7;94.3;95.2;96.8;98.1;99.5;101.3;103;103.7;104.8;106.3;107.6;109.4;111.4;113.7;115.8;117.8;120.3;121.6;123.3;124.8;126.2;127.5
716;Zimbabwe;Final consumption of renewable energy (PJ) - Transport;Renewables;IEA (2024), World Energy Balances;0;0;0;0;0;0;0;0;0;0;0;0;0;0;0;0;0;0;0;0;0;0;0;0.9;1.5;1.4;1;1.7;1.7;1.9;1.9;1.9;2
716;Zimbabwe;Final consumption of renewable energy (PJ) - Electricity consumption;Renewables;IEA (2024), World Energy Balances;15.1;11.6;11.7;8.1;8.7;9.6;10.4;10.8;10.7;15.9;17.3;13.8;16.5;22.7;20.6;19.6;25.1;23.2;20.4;19.2;18;16.7;17;16.1;16.5;14.1;11.3;15.5;17.1;14.3;14.8;21.1;21.2
1;World;Total final energy consumption (PJ);Total;"IEA (2024), World Energy Balances; Energy Balances, UN Statistics Division (2024)";236988.6;239054.6;237700.1;239703.2;240174.1;245414.1;249023.3;251144.6;251944.1;256378.3;261435.4;262762.1;266767.8;275062.7;287159.8;296775.6;304512.2;312957.3;316664.5;311613.7;329325.2;334114.1;337048.7;344002.8;347434.3;350810.9;354832.3;361267.9;369891.5;371558.4;353754.7;372211;378967.1
1;World;Share in total final energy consumption (%);Renewables;"IEA (2024), World Energy Balances; Energy Balances, UN Statistics Division (2024)";15.1;15.3;15.5;15.6;15.7;15.8;15.7;15.8;15.9;16.1;15.7;15.4;15.4;15.2;14.9;14.8;14.9;14.7;14.8;15.2;14.9;14.9;15.1;15.4;15.6;15.6;15.8;16;16.3;16.6;17.9;17.6;17.9
1;World;Share in total final energy consumption (%);Modern renewables;"IEA (2024), World Energy Balances; Energy Balances, UN Statistics Division (2024)";6.5;6.6;6.8;6.8;6.9;7.1;7.2;7.2;7.3;7.6;7.5;7.3;7.4;7.4;7.5;7.7;7.9;8.1;8.4;8.7;8.8;8.9;9.4;9.8;10;10.2;10.5;10.8;11.2;11.6;12.6;12.6;13
1;World;Share in total final energy consumption (%);Municipal waste (renew);"IEA (2024), World Energy Balances; Energy Balances, UN Statistics Division (2024)";0;0;0;0;0;0;0;0;0;0.1;0.1;0.1;0.1;0.1;0.1;0.1;0.1;0.1;0.1;0.1;0.1;0.1;0.1;0.1;0.1;0.1;0.1;0.1;0.1;0.1;0.1;0.1;0.1
1;World;Share in total final energy consumption (%);Liquid biofuels;"IEA (2024), World Energy Balances; Energy Balances, UN Statistics Division (2024)";0.1;0.1;0.1;0.2;0.2;0.2;0.2;0.2;0.2;0.2;0.2;0.2;0.2;0.2;0.2;0.3;0.4;0.5;0.6;0.7;0.7;0.8;0.8;0.9;0.9;0.9;1;1;1;1.1;1.1;1.1;1.1
1;World;Share in total final energy consumption (%);Solid biofuels;"IEA (2024), World Energy Balances; Energy Balances, UN Statistics Division (2024)";12.2;12.2;12.5;12.4;12.4;12.4;12.4;12.4;12.4;12.6;12.2;12;11.8;11.7;11.3;11.1;11;10.6;10.4;10.5;10.1;9.9;9.8;9.8;9.7;9.5;9.4;9.4;9.3;9.3;9.8;9.5;9.4
1;World;Share in total final energy consumption (%);Biogases;"IEA (2024), World Energy Balances; Energy Balances, UN Statistics Division (2024)";0;0;0;0;0;0;0;0;0;0.1;0.1;0.1;0.1;0.1;0.1;0.1;0.1;0.2;0.2;0.2;0.2;0.2;0.2;0.2;0.2;0.2;0.2;0.2;0.2;0.2;0.3;0.2;0.2
1;World;Share in total final energy consumption (%);Hydro;"IEA (2024), World Energy Balances; Energy Balances, UN Statistics Division (2024)";2.7;2.7;2.7;2.9;2.9;3;3;3;3;3;2.9;2.9;2.9;2.9;2.9;2.9;3;3;3;3.1;3.1;3.1;3.3;3.3;3.4;3.3;3.4;3.4;3.4;3.5;3.7;3.5;3.5
1;World;Share in total final energy consumption (%);Geothermal;"IEA (2024), World Energy Balances; Energy Balances, UN Statistics Division (2024)";0.1;0.1;0.1;0.1;0.1;0.1;0.1;0.1;0.1;0.1;0.1;0.1;0.1;0.1;0.1;0.1;0.1;0.1;0.1;0.1;0.1;0.2;0.2;0.2;0.2;0.2;0.2;0.3;0.3;0.3;0.4;0.4;0.4
1;World;Share in total final energy consumption (%);Tide, wave and ocean;"IEA (2024), World Energy Balances; Energy Balances, UN Statistics Division (2024)";0;0;0;0;0;0;0;0;0;0;0;0;0;0;0;0;0;0;0;0;0;0;0;0;0;0;0;0;0;0;0;0;0
1;World;Share in total final energy consumption (%);Wind;"IEA (2024), World Energy Balances; Energy Balances, UN Statistics Division (2024)";0;0;0;0;0;0;0;0;0;0;0;0;0.1;0.1;0.1;0.1;0.1;0.2;0.2;0.3;0.3;0.4;0.5;0.6;0.6;0.7;0.8;0.9;1;1.2;1.4;1.5;1.7
1;World;Share in total final energy consumption (%);Solar;"IEA (2024), World Energy Balances; Energy Balances, UN Statistics Division (2024)";0;0;0;0;0;0;0;0.1;0.1;0.1;0.1;0.1;0.1;0.1;0.1;0.1;0.1;0.1;0.2;0.2;0.2;0.3;0.3;0.4;0.5;0.6;0.6;0.7;0.8;0.9;1.1;1.2;1.5
1;World;Final consumption of renewable energy (PJ) - Heat raising;Renewables;"IEA (2024), World Energy Balances; Energy Balances, UN Statistics Division (2024)";28820.4;29300.7;29766.9;29702.4;29915.9;30477.8;30922.7;31161.4;31525.7;32688.4;32304.9;31810.9;32003.4;32621.7;32935.5;33390.5;33943.6;33905.7;33790.6;33616.5;34196;34085.2;34248.7;35041.9;35113.7;35048.3;35155;35684;36437.2;36677.6;36854.5;37447.2;37772.1
1;World;Final consumption of renewable energy (PJ) - Transport;Renewables;"IEA (2024), World Energy Balances; Energy Balances, UN Statistics Division (2024)";417.4;423.1;410.4;512.6;537.9;559.6;544.8;559.7;562.7;568.7;560.3;553;627.6;695.6;809.7;970.1;1198.2;1567;2039.1;2308.5;2544.8;2656.7;2843.4;3089.9;3270.5;3425;3567.9;3673.6;3943.6;4224.4;4055.4;4358.5;4638
1;World;Final consumption of renewable energy (PJ) - Electricity consumption;Renewables;"IEA (2024), World Energy Balances; Energy Balances, UN Statistics Division (2024)";6582.8;6759.8;6783;7166.6;7267.7;7615.9;7729.5;7868.3;7928.7;8012.9;8197.5;8117.9;8390.8;8521.3;9113.6;9655.5;10151.7;10530.8;11093.1;11489.4;12375;12966.2;13950.3;14940.4;15695.1;16268.9;17435;18553.4;19821.8;20858.2;22339.2;23605;25436.6
513;Northern America (M49) and Europe (M49);Total final energy consumption (PJ);Total;"IEA (2024), World Energy Balances; Energy Balances, UN Statistics Division (2024)";132582.8;132008;128393.7;127979.5;125217.6;125411.4;127427.2;126555.5;126302.4;128615.8;131433;131390.6;131000.6;133767.5;135080.3;134597.5;134755.6;135183.4;134397.5;127153.4;132619.7;129760.9;128162.9;130061.2;128630.5;128977.4;130489.8;131499.1;135351.8;134392.8;125289.5;132527.7;131971.2
513;Northern America (M49) and Europe (M49);Share in total final energy consumption (%);Renewables;"IEA (2024), World Energy Balances; Energy Balances, UN Statistics Division (2024)";5.7;6;6.3;6.3;6.4;6.7;6.7;6.8;6.9;7.4;7.3;7;7;7.2;7.5;7.9;8.3;8.7;9.2;9.9;10.1;10.5;11.1;11.6;11.8;11.9;12.1;12.4;12.7;13;14.2;14;14.3
513;Northern America (M49) and Europe (M49);Share in total final energy consumption (%);Modern renewables;"IEA (2024), World Energy Balances; Energy Balances, UN Statistics Division (2024)";5.7;6;6.3;6.3;6.4;6.7;6.7;6.8;6.9;7.4;7.3;7;7;7.2;7.5;7.9;8.3;8.7;9.2;9.9;10.1;10.5;11.1;11.6;11.8;11.9;12.1;12.4;12.7;13;14.2;14;14.3
513;Northern America (M49) and Europe (M49);Share in total final energy consumption (%);Municipal waste (renew);"IEA (2024), World Energy Balances; Energy Balances, UN Statistics Division (2024)";0.1;0.1;0.1;0.1;0.1;0.1;0.1;0.1;0.1;0.1;0.1;0.1;0.1;0.1;0.1;0.1;0.1;0.1;0.1;0.2;0.1;0.2;0.2;0.2;0.2;0.2;0.2;0.2;0.2;0.2;0.2;0.2;0.2
513;Northern America (M49) and Europe (M49);Share in total final energy consumption (%);Liquid biofuels;"IEA (2024), World Energy Balances; Energy Balances, UN Statistics Division (2024)";0;0;0;0.1;0.1;0.1;0.1;0.1;0.1;0.1;0.1;0.1;0.2;0.2;0.3;0.4;0.5;0.7;1;1.2;1.2;1.4;1.5;1.6;1.6;1.7;1.7;1.8;1.8;1.8;1.8;1.9;2
513;Northern America (M49) and Europe (M49);Share in total final energy consumption (%);Solid biofuels;"IEA (2024), World Energy Balances; Energy Balances, UN Statistics Division (2024)";2.9;3;3.3;3.1;3.1;3.2;3.2;3.2;3.4;3.8;3.7;3.4;3.3;3.6;3.7;3.9;4.1;4.1;4.2;4.3;4.6;4.5;4.7;4.8;4.7;4.7;4.7;4.7;4.9;5;5.2;5.2;5
513;Northern America (M49) and Europe (M49);Share in total final energy consumption (%);Biogases;"IEA (2024), World Energy Balances; Energy Balances, UN Statistics Division (2024)";0;0;0;0;0;0;0;0;0;0.1;0.1;0.1;0.1;0.1;0.1;0.1;0.1;0.2;0.2;0.2;0.2;0.2;0.2;0.3;0.3;0.3;0.3;0.3;0.3;0.3;0.3;0.3;0.3
513;Northern America (M49) and Europe (M49);Share in total final energy consumption (%);Hydro;"IEA (2024), World Energy Balances; Energy Balances, UN Statistics Division (2024)";2.7;2.8;2.9;3;3;3.2;3.2;3.2;3.1;3.1;3.1;2.9;3;2.8;2.9;3;3;3;3;3.2;3.1;3.2;3.3;3.3;3.3;3.2;3.3;3.2;3.3;3.2;3.6;3.3;3.1
513;Northern America (M49) and Europe (M49);Share in total final energy consumption (%);Geothermal;"IEA (2024), World Energy Balances; Energy Balances, UN Statistics Division (2024)";0.1;0.1;0.1;0.1;0.1;0.1;0.1;0.1;0.1;0.1;0.1;0.1;0.1;0.1;0.1;0.1;0.1;0.1;0.1;0.1;0.1;0.1;0.1;0.1;0.1;0.1;0.1;0.1;0.2;0.1;0.1;0.1;0.1
513;Northern America (M49) and Europe (M49);Share in total final energy consumption (%);Tide, wave and ocean;"IEA (2024), World Energy Balances; Energy Balances, UN Statistics Division (2024)";0;0;0;0;0;0;0;0;0;0;0;0;0;0;0;0;0;0;0;0;0;0;0;0;0;0;0;0;0;0;0;0;0
513;Northern America (M49) and Europe (M49);Share in total final energy consumption (%);Wind;"IEA (2024), World Energy Balances; Energy Balances, UN Statistics Division (2024)";0;0;0;0;0;0;0;0;0;0;0.1;0.1;0.1;0.1;0.2;0.2;0.3;0.3;0.4;0.5;0.6;0.7;0.8;1;1.1;1.2;1.3;1.5;1.6;1.7;2.1;2;2.3
513;Northern America (M49) and Europe (M49);Share in total final energy consumption (%);Solar;"IEA (2024), World Energy Balances; Energy Balances, UN Statistics Division (2024)";0;0;0;0;0;0;0;0;0;0.1;0.1;0.1;0.1;0.1;0.1;0.1;0.1;0.1;0.1;0.1;0.2;0.2;0.3;0.4;0.4;0.5;0.5;0.6;0.6;0.7;0.9;1;1.2
513;Northern America (M49) and Europe (M49);Final consumption of renewable energy (PJ) - Heat raising;Renewables;"IEA (2024), World Energy Balances; Energy Balances, UN Statistics Division (2024)";3716.5;3944.9;4136.1;3884.4;3762.4;4013.2;4089.5;4054.8;4190.3;5010.4;4984.5;4636.1;4504.2;4968.9;5121.9;5395.5;5579.9;5765;5797.6;5674.5;6110.2;5955.2;6115.3;6408.7;6249.4;6261.1;6255.4;6355.2;6867.2;6979.7;6753.4;7054.3;6899
513;Northern America (M49) and Europe (M49);Final consumption of renewable energy (PJ) - Transport;Renewables;"IEA (2024), World Energy Balances; Energy Balances, UN Statistics Division (2024)";117.6;112.4;107.6;198.4;208.1;220.2;192.6;217.9;226.8;233.1;261.9;271.6;316.7;390.9;475;583.4;812.4;1058;1373.2;1568.5;1700;1846.7;2008.5;2100.6;2164.4;2194.2;2312.6;2359.3;2417.1;2476.8;2325.5;2553.1;2711.3
513;Northern America (M49) and Europe (M49);Final consumption of renewable energy (PJ) - Electricity consumption;Renewables;"IEA (2024), World Energy Balances; Energy Balances, UN Statistics Division (2024)";3782.8;3846.6;3854.7;4014.5;4032.5;4215.9;4270.8;4309.6;4243.7;4324.2;4366.3;4230.9;4351.9;4288.9;4497.4;4674.6;4778.4;4896;5141.9;5312.4;5540.2;5824.8;6131.9;6611;6743.1;6889.8;7254.3;7585.9;7919.6;8078.9;8767.9;8933.8;9240.1
21;Northern America (M49);Total final energy consumption (PJ);Total;"IEA (2024), World Energy Balances; Energy Balances, UN Statistics Division (2024)";55189.7;55186.5;55543.1;56593.8;57818;58322.8;60035.2;60652.6;60631.4;62631.1;65105;63759.5;64164;65190;65953.1;65932.9;65553.1;66648.2;65271.8;62052.6;64455.5;63295.6;61599.8;64149.5;64643.4;64648.1;64830.9;64877.6;67899.7;67288.9;61932.3;65040.8;67184
21;Northern America (M49);Share in total final energy consumption (%);Renewables;"IEA (2024), World Energy Balances; Energy Balances, UN Statistics Division (2024)";6.1;6.5;6.7;6.3;6.2;6.8;6.8;6.5;6.5;7.6;7.2;6.5;6.7;7;7.2;7.6;8.1;8.1;8.6;9.1;9;10;10.2;10.6;10.7;10.6;10.9;11.4;11.4;11.7;12.5;12.4;12.8
21;Northern America (M49);Share in total final energy consumption (%);Modern renewables;"IEA (2024), World Energy Balances; Energy Balances, UN Statistics Division (2024)";6.1;6.5;6.7;6.3;6.2;6.8;6.8;6.5;6.5;7.6;7.2;6.5;6.7;7;7.2;7.6;8.1;8.1;8.6;9.1;9;10;10.2;10.6;10.7;10.5;10.9;11.4;11.4;11.7;12.5;12.4;12.8
21;Northern America (M49);Share in total final energy consumption (%);Municipal waste (renew);"IEA (2024), World Energy Balances; Energy Balances, UN Statistics Division (2024)";0;0;0;0;0;0;0;0;0.1;0.1;0.1;0.1;0.1;0.1;0.1;0.1;0.1;0.1;0.1;0.1;0.1;0.1;0.1;0.1;0.1;0.1;0.1;0.1;0.1;0.1;0.1;0.1;0.1
21;Northern America (M49);Share in total final energy consumption (%);Liquid biofuels;"IEA (2024), World Energy Balances; Energy Balances, UN Statistics Division (2024)";0;0;0;0.2;0.2;0.2;0.1;0.2;0.2;0.2;0.2;0.2;0.3;0.4;0.5;0.5;0.7;1;1.3;1.6;1.6;1.9;2.1;2.3;2.2;2.3;2.5;2.5;2.3;2.4;2.3;2.5;2.5
21;Northern America (M49);Share in total final energy consumption (%);Solid biofuels;"IEA (2024), World Energy Balances; Energy Balances, UN Statistics Division (2024)";2.9;3;3.4;2.7;2.7;3;2.9;2.7;2.9;3.9;3.7;3.2;2.9;3.2;3.4;3.6;3.7;3.5;3.5;3.4;3.6;3.6;3.6;3.7;3.8;3.5;3.4;3.4;3.6;3.8;3.8;3.6;3.5
21;Northern America (M49);Share in total final energy consumption (%);Biogases;"IEA (2024), World Energy Balances; Energy Balances, UN Statistics Division (2024)";0;0;0;0;0;0;0;0;0;0.1;0.1;0.1;0.2;0.1;0.2;0.2;0.2;0.2;0.2;0.2;0.1;0.1;0.1;0.1;0.1;0.1;0.1;0.1;0.1;0.1;0.1;0.1;0.1
21;Northern America (M49);Share in total final energy consumption (%);Hydro;"IEA (2024), World Energy Balances; Energy Balances, UN Statistics Division (2024)";3.1;3.3;3.1;3.3;3.1;3.4;3.6;3.5;3.2;3.1;2.9;2.6;3;3;2.9;3;3.1;2.9;3;3.2;3;3.4;3.3;3.2;3.1;3;3.2;3.4;3.1;3.1;3.4;3.1;3.1
21;Northern America (M49);Share in total final energy consumption (%);Geothermal;"IEA (2024), World Energy Balances; Energy Balances, UN Statistics Division (2024)";0.1;0.1;0.1;0.1;0.1;0.1;0.1;0.1;0.1;0.1;0.1;0.1;0.1;0.1;0.1;0.1;0.1;0.1;0.1;0.1;0.1;0.1;0.1;0.1;0.1;0.1;0.1;0.1;0.2;0.1;0.1;0.1;0.1
21;Northern America (M49);Share in total final energy consumption (%);Tide, wave and ocean;"IEA (2024), World Energy Balances; Energy Balances, UN Statistics Division (2024)";0;0;0;0;0;0;0;0;0;0;0;0;0;0;0;0;0;0;0;0;0;0;0;0;0;0;0;0;0;0;0;0;0
21;Northern America (M49);Share in total final energy consumption (%);Wind;"IEA (2024), World Energy Balances; Energy Balances, UN Statistics Division (2024)";0;0;0;0;0;0;0;0;0;0;0;0;0.1;0.1;0.1;0.1;0.1;0.2;0.3;0.4;0.5;0.6;0.8;0.9;1;1.1;1.3;1.4;1.4;1.5;1.9;2;2.3
21;Northern America (M49);Share in total final energy consumption (%);Solar;"IEA (2024), World Energy Balances; Energy Balances, UN Statistics Division (2024)";0;0;0;0;0;0;0;0;0;0.1;0.1;0.1;0.1;0.1;0.1;0.1;0.1;0.1;0.1;0.1;0.1;0.2;0.2;0.2;0.3;0.3;0.4;0.5;0.6;0.6;0.8;0.9;1.1
21;Northern America (M49);Final consumption of renewable energy (PJ) - Heat raising;Renewables;"IEA (2024), World Energy Balances; Energy Balances, UN Statistics Division (2024)";1378;1562.2;1781.5;1394.4;1425.6;1635.3;1607.3;1520.3;1665.6;2452.1;2423.6;2071.4;1903.5;2133.1;2273.3;2402.4;2465.5;2425.6;2325.1;2165.6;2274.9;2314;2193.5;2393.5;2455.8;2288.5;2183.9;2200.8;2543.7;2590.3;2397.6;2422;2424.9
21;Northern America (M49);Final consumption of renewable energy (PJ) - Transport;Renewables;"IEA (2024), World Energy Balances; Energy Balances, UN Statistics Division (2024)";4.8;4.6;4.6;97.1;108;115.8;84.8;106.2;121.3;126.2;143.9;150.4;179.6;241.5;301;351.2;487.1;637.1;858.7;971.7;1032.7;1143.6;1267;1408.1;1421.5;1463;1575.7;1562;1536.9;1539.9;1384.8;1578.7;1686
21;Northern America (M49);Final consumption of renewable energy (PJ) - Electricity consumption;Renewables;"IEA (2024), World Energy Balances; Energy Balances, UN Statistics Division (2024)";1993.5;2021.1;1956.7;2071.1;2046.2;2211.2;2391.7;2340;2168.5;2184.6;2127.3;1903.7;2204.3;2216.1;2197.2;2287.6;2357.6;2329.5;2427.7;2515.7;2504.6;2856.8;2820.7;2979;3021.2;3068.8;3326.4;3603;3669.8;3719.5;3981.2;4071.6;4471.7
150;Europe (M49);Total final energy consumption (PJ);Total;"IEA (2024), World Energy Balances; Energy Balances, UN Statistics Division (2024)";77393.1;76821.4;72850.5;71385.7;67399.7;67088.6;67392;65902.9;65671;65984.8;66327.9;67631;66836.5;68577.5;69127.2;68664.6;69202.5;68535.2;69125.7;65100.8;68164.2;66465.4;66563.1;65911.7;63987.1;64329.4;65659;66621.5;67452.1;67103.9;63357.2;67486.8;64787.3
150;Europe (M49);Share in total final energy consumption (%);Renewables;"IEA (2024), World Energy Balances; Energy Balances, UN Statistics Division (2024)";5.5;5.6;6;6.3;6.6;6.7;6.6;7;7.1;7.3;7.4;7.4;7.3;7.4;7.7;8.2;8.4;9.2;9.7;10.6;11;11;11.9;12.6;12.8;13.2;13.3;13.4;14;14.4;15.8;15.5;15.8
150;Europe (M49);Share in total final energy consumption (%);Modern renewables;"IEA (2024), World Energy Balances; Energy Balances, UN Statistics Division (2024)";5.5;5.6;6;6.3;6.6;6.7;6.6;7;7.1;7.3;7.4;7.4;7.3;7.4;7.7;8.2;8.4;9.2;9.7;10.6;11;11;11.9;12.6;12.8;13.2;13.3;13.4;14;14.4;15.8;15.5;15.8
150;Europe (M49);Share in total final energy consumption (%);Municipal waste (renew);"IEA (2024), World Energy Balances; Energy Balances, UN Statistics Division (2024)";0.1;0.1;0.1;0.1;0.1;0.1;0.1;0.1;0.1;0.1;0.1;0.1;0.1;0.2;0.2;0.2;0.2;0.2;0.2;0.2;0.2;0.2;0.2;0.3;0.3;0.3;0.3;0.3;0.3;0.3;0.4;0.4;0.4
150;Europe (M49);Share in total final energy consumption (%);Liquid biofuels;"IEA (2024), World Energy Balances; Energy Balances, UN Statistics Division (2024)";0;0;0;0;0;0;0;0;0;0;0;0.1;0.1;0.1;0.1;0.2;0.4;0.5;0.6;0.8;0.9;0.9;1;0.9;1;1;1;1;1.2;1.2;1.3;1.3;1.4
150;Europe (M49);Share in total final energy consumption (%);Solid biofuels;"IEA (2024), World Energy Balances; Energy Balances, UN Statistics Division (2024)";2.9;3;3.1;3.4;3.4;3.4;3.6;3.7;3.7;3.8;3.7;3.7;3.8;4;4;4.3;4.4;4.7;4.9;5.2;5.5;5.3;5.7;5.9;5.7;5.9;5.9;5.9;6.1;6.2;6.5;6.6;6.6
150;Europe (M49);Share in total final energy consumption (%);Biogases;"IEA (2024), World Energy Balances; Energy Balances, UN Statistics Division (2024)";0;0;0;0;0;0;0;0;0;0.1;0.1;0.1;0.1;0.1;0.1;0.1;0.1;0.2;0.2;0.2;0.2;0.3;0.3;0.4;0.4;0.5;0.5;0.5;0.5;0.5;0.6;0.5;0.5
150;Europe (M49);Share in total final energy consumption (%);Hydro;"IEA (2024), World Energy Balances; Energy Balances, UN Statistics Division (2024)";2.4;2.4;2.7;2.8;3;3;2.8;3;3.1;3.1;3.2;3.2;3;2.7;2.9;3;2.9;3;3;3.2;3.2;3;3.2;3.5;3.5;3.3;3.4;3.1;3.3;3.2;3.7;3.5;3.1
150;Europe (M49);Share in total final energy consumption (%);Geothermal;"IEA (2024), World Energy Balances; Energy Balances, UN Statistics Division (2024)";0.1;0.1;0.1;0.1;0.1;0.1;0.1;0.1;0.1;0.1;0.1;0.1;0.1;0.1;0.1;0.1;0.1;0.1;0.1;0.1;0.1;0.1;0.1;0.1;0.1;0.1;0.1;0.1;0.2;0.2;0.2;0.2;0.2
150;Europe (M49);Share in total final energy consumption (%);Tide, wave and ocean;"IEA (2024), World Energy Balances; Energy Balances, UN Statistics Division (2024)";0;0;0;0;0;0;0;0;0;0;0;0;0;0;0;0;0;0;0;0;0;0;0;0;0;0;0;0;0;0;0;0;0
150;Europe (M49);Share in total final energy consumption (%);Wind;"IEA (2024), World Energy Balances; Energy Balances, UN Statistics Division (2024)";0;0;0;0;0;0;0;0;0;0.1;0.1;0.1;0.2;0.2;0.3;0.3;0.4;0.5;0.5;0.6;0.7;0.8;0.9;1.1;1.2;1.4;1.4;1.6;1.7;1.9;2.3;2.1;2.4
150;Europe (M49);Share in total final energy consumption (%);Solar;"IEA (2024), World Energy Balances; Energy Balances, UN Statistics Division (2024)";0;0;0;0;0;0;0;0;0;0;0;0;0;0;0;0.1;0.1;0.1;0.1;0.1;0.2;0.3;0.4;0.5;0.6;0.6;0.6;0.7;0.7;0.8;0.9;1;1.2
150;Europe (M49);Final consumption of renewable energy (PJ) - Heat raising;Renewables;"IEA (2024), World Energy Balances; Energy Balances, UN Statistics Division (2024)";2338.4;2381.2;2351.4;2486;2334.7;2376.1;2477.1;2529.4;2519.4;2556.9;2558.8;2563.7;2598.8;2831.6;2847.6;2992;3110.9;3334.9;3469.1;3505.4;3832.6;3639.4;3920.3;4014.3;3791.9;3971.8;4070.2;4152.7;4323.2;4388.7;4355.9;4632.3;4474.9
150;Europe (M49);Final consumption of renewable energy (PJ) - Transport;Renewables;"IEA (2024), World Energy Balances; Energy Balances, UN Statistics Division (2024)";104.4;102.3;101.8;101.1;103.2;105.2;103;110.3;109.8;112.4;126.6;133.4;142.1;152.2;181.2;240.3;331.8;431.1;524.7;607.9;682.2;712;756.7;712.1;765.3;752.1;755.1;810.4;899.6;957.1;965;996.5;1046.6
150;Europe (M49);Final consumption of renewable energy (PJ) - Electricity consumption;Renewables;"IEA (2024), World Energy Balances; Energy Balances, UN Statistics Division (2024)";1801.5;1836.7;1900.3;1944;1979.3;2002.7;1890.2;1973.4;2063.8;2124.2;2217.9;2285.9;2133.3;2064.2;2280.5;2364.8;2403;2535.1;2686;2766.8;2998.5;2946.1;3274;3584;3664.2;3762.8;3875;3947;4194;4303.5;4709.9;4799.9;4701.8
419;Latin America and the Caribbean (MDG=M49);Total final energy consumption (PJ);Total;"IEA (2024), World Energy Balances; Energy Balances, UN Statistics Division (2024)";13271.8;13505;13673.2;13973;14534.4;14947.7;15695.4;16217.1;16614.1;16683.4;16941.6;16913.4;17249.1;17574.5;18465.5;19043.3;19639;20396.6;20980.4;20490.8;21972.9;22774.3;23236;23889.6;23802.1;23737.3;23659.8;23846.6;23615.9;23538.1;21744.1;22662.2;24071.3
419;Latin America and the Caribbean (MDG=M49);Share in total final energy consumption (%);Renewables;"IEA (2024), World Energy Balances; Energy Balances, UN Statistics Division (2024)";32.7;32;31.7;31.1;30.8;30.4;29.4;28.7;28.7;29.2;28.5;28;28.6;29.1;29.1;29.1;29.1;29.3;29.4;30.2;29.3;28.7;28.3;28.1;28.1;28.6;29.3;29.8;30.5;30.9;34.6;32.4;32.6
419;Latin America and the Caribbean (MDG=M49);Share in total final energy consumption (%);Modern renewables;"IEA (2024), World Energy Balances; Energy Balances, UN Statistics Division (2024)";25.6;25.1;24.9;24.8;24.9;24.8;24.1;23.5;23.4;23.9;23.5;22.9;23.2;23.8;23.9;24;24.1;24.5;24.7;25.3;24.8;24.5;24.1;24.2;24.1;24.6;25.2;25.6;26.2;26.6;29.8;27.7;28.2
419;Latin America and the Caribbean (MDG=M49);Share in total final energy consumption (%);Municipal waste (renew);"IEA (2024), World Energy Balances; Energy Balances, UN Statistics Division (2024)";NaN;NaN;NaN;NaN;NaN;NaN;NaN;NaN;NaN;NaN;0;0;0;0;0;0;0;0;0;0;0;NaN;NaN;NaN;NaN;NaN;NaN;NaN;NaN;0;0;0;0
419;Latin America and the Caribbean (MDG=M49);Share in total final energy consumption (%);Liquid biofuels;"IEA (2024), World Energy Balances; Energy Balances, UN Statistics Division (2024)";2.3;2.3;2.1;2.1;2.2;2.2;2.1;2;1.9;1.9;1.7;1.5;1.7;1.6;1.6;1.7;1.5;1.9;2.5;2.8;2.9;2.7;2.6;2.9;3.2;3.7;3.5;3.6;4.1;4.5;4.4;4.2;4
419;Latin America and the Caribbean (MDG=M49);Share in total final energy consumption (%);Solid biofuels;"IEA (2024), World Energy Balances; Energy Balances, UN Statistics Division (2024)";21.5;20.7;20.4;19.3;19;18.4;17.7;17;17.2;17.6;16.8;17;17.3;17.7;17.5;17.3;17.3;17.1;16.8;16.9;16.4;15.8;15.8;15.7;15.5;15.4;15.9;16;15.7;15.7;17.9;16.6;16
419;Latin America and the Caribbean (MDG=M49);Share in total final energy consumption (%);Biogases;"IEA (2024), World Energy Balances; Energy Balances, UN Statistics Division (2024)";NaN;NaN;NaN;NaN;NaN;NaN;NaN;0;0;0;0;0;0;0;0;0;0;0;0;0;0;0;0;0;0;0;0;0;0;0;0;0;0
419;Latin America and the Caribbean (MDG=M49);Share in total final energy consumption (%);Hydro;"IEA (2024), World Energy Balances; Energy Balances, UN Statistics Division (2024)";8.8;8.8;9;9.5;9.4;9.7;9.4;9.5;9.4;9.5;9.9;9.3;9.4;9.6;9.7;9.9;10.1;10;9.9;10.2;9.7;9.9;9.5;9.1;8.8;8.6;8.8;8.9;9.2;8.8;9.9;8.9;9.5
419;Latin America and the Caribbean (MDG=M49);Share in total final energy consumption (%);Geothermal;"IEA (2024), World Energy Balances; Energy Balances, UN Statistics Division (2024)";0.1;0.1;0.2;0.1;0.1;0.1;0.1;0.1;0.1;0.1;0.1;0.1;0.1;0.1;0.1;0.2;0.1;0.2;0.1;0.1;0.1;0.1;0.1;0.1;0.1;0.1;0.1;0.1;0.1;0.1;0.1;0.1;0.1
419;Latin America and the Caribbean (MDG=M49);Share in total final energy consumption (%);Tide, wave and ocean;"IEA (2024), World Energy Balances; Energy Balances, UN Statistics Division (2024)";NaN;NaN;NaN;NaN;NaN;NaN;NaN;NaN;NaN;NaN;0;0;0;0;0;0;0;0;0;0;0;NaN;NaN;NaN;NaN;NaN;NaN;NaN;NaN;NaN;NaN;NaN;NaN
419;Latin America and the Caribbean (MDG=M49);Share in total final energy consumption (%);Wind;"IEA (2024), World Energy Balances; Energy Balances, UN Statistics Division (2024)";0;0;0;0;0;0;0;0;0;0;0;0;0;0;0;0;0;0;0;0;0.1;0.1;0.1;0.2;0.3;0.5;0.7;0.8;1;1.2;1.4;1.6;1.7
419;Latin America and the Caribbean (MDG=M49);Share in total final energy consumption (%);Solar;"IEA (2024), World Energy Balances; Energy Balances, UN Statistics Division (2024)";0;0;0;0;0;0;0;0;0;0;0;0;0.1;0.1;0.1;0.1;0.1;0.1;0.1;0.1;0.1;0.1;0.1;0.1;0.2;0.2;0.2;0.3;0.4;0.5;0.7;0.9;1.2
419;Latin America and the Caribbean (MDG=M49);Final consumption of renewable energy (PJ) - Heat raising;Renewables;"IEA (2024), World Energy Balances; Energy Balances, UN Statistics Division (2024)";2888.9;2825.2;2794.4;2706.7;2768.5;2751.6;2776.1;2759.7;2856.5;2935.1;2848.1;2872.6;2971.2;3103.4;3223.3;3270.3;3376.5;3444.6;3468.2;3400;3508.8;3528;3581.9;3637.8;3564.8;3545.7;3631.5;3694.5;3593.2;3576.9;3770.7;3664;3743.8
419;Latin America and the Caribbean (MDG=M49);Final consumption of renewable energy (PJ) - Transport;Renewables;"IEA (2024), World Energy Balances; Energy Balances, UN Statistics Division (2024)";253;262.9;257.7;268.7;285.6;295.1;306.8;296.8;291.4;292.1;251.8;232.7;261.5;249.2;276.7;300.2;284.4;388.7;521.3;575.8;648.4;598.7;574.9;676.2;743.6;865.8;806.9;826.1;938.3;1030.9;916.8;921.5;939.2
419;Latin America and the Caribbean (MDG=M49);Final consumption of renewable energy (PJ) - Electricity consumption;Renewables;"IEA (2024), World Energy Balances; Energy Balances, UN Statistics Division (2024)";1194.5;1229.5;1280.6;1372.3;1420.3;1494.1;1529.3;1598.3;1614.7;1641.8;1733.9;1628.5;1693.1;1769.6;1864.4;1972.6;2062;2135;2182.4;2212.5;2285.1;2420.7;2409.8;2401.4;2386.7;2378.3;2491.8;2573.8;2680.4;2666.6;2826.6;2754.2;3152.5
62;Central Asia (M49) and Southern Asia (MDG=M49);Total final energy consumption (PJ);Total;"IEA (2024), World Energy Balances; Energy Balances, UN Statistics Division (2024)";17673.1;18313.1;18572.5;18242.5;18689.2;18933.4;19087.3;19578.6;20079.9;20698.7;20911.8;21246.5;21969.7;22675.7;23748.1;24959.1;26336.2;28205.9;29445.1;29925.5;31582.1;33119.2;33273.7;34112.2;35537.5;36552.2;37877;39408.2;40426.7;41203.7;40834.2;43853.9;45235.8
62;Central Asia (M49) and Southern Asia (MDG=M49);Share in total final energy consumption (%);Renewables;"IEA (2024), World Energy Balances; Energy Balances, UN Statistics Division (2024)";35;34.4;34.3;35.5;35.5;35.2;35.6;35.3;34.9;34.3;34.4;34.3;33.6;33.2;32.3;31.8;31;29.6;28.4;28.3;27.6;26.7;26.9;27.1;26.6;26.4;25.9;25.5;25.8;25.9;26.5;25.5;25.6
62;Central Asia (M49) and Southern Asia (MDG=M49);Share in total final energy consumption (%);Modern renewables;"IEA (2024), World Energy Balances; Energy Balances, UN Statistics Division (2024)";6.8;6.9;6.9;7.3;7.7;7.5;7.9;8;8;7.9;7.9;8.4;8.1;8.2;8.2;8.6;8.7;8.5;8;7.9;8.1;7.9;8.3;9;9.1;9.4;9.6;10;10.8;11.2;11.7;11.8;12.3
62;Central Asia (M49) and Southern Asia (MDG=M49);Share in total final energy consumption (%);Municipal waste (renew);"IEA (2024), World Energy Balances; Energy Balances, UN Statistics Division (2024)";0;0;0;0;0;0;0;0;0;0;0;0;0;0;0;0;0;0;0;0;0;0;0;0;0;0;0;0;0;0;0;0;0
62;Central Asia (M49) and Southern Asia (MDG=M49);Share in total final energy consumption (%);Liquid biofuels;"IEA (2024), World Energy Balances; Energy Balances, UN Statistics Division (2024)";0;0;0;0;0;0;0;0;0;0;0;0;0;0;0;0;0;0;0;0;0;0;0;0;0;0.1;0;0.1;0.1;0.1;0.2;0.3;0.3
62;Central Asia (M49) and Southern Asia (MDG=M49);Share in total final energy consumption (%);Solid biofuels;"IEA (2024), World Energy Balances; Energy Balances, UN Statistics Division (2024)";32.7;32.1;32.1;33.2;33.1;33;33.5;33.2;32.8;32.4;32.6;32.6;31.8;31.2;30.4;29.4;28.5;27.1;26.3;26.2;25.3;24.3;24.5;24.6;24.1;23.9;23.2;22.8;22.7;22.3;23;21.9;21.7
62;Central Asia (M49) and Southern Asia (MDG=M49);Share in total final energy consumption (%);Biogases;"IEA (2024), World Energy Balances; Energy Balances, UN Statistics Division (2024)";0;0;0;0;0;0;0;0;0;0;0;0;0;0;0;0.1;0.1;0.1;0.1;0.1;0.1;0.1;0.1;0.2;0.2;0.1;0.1;0.1;0.3;0.3;0.3;0.3;0.3
62;Central Asia (M49) and Southern Asia (MDG=M49);Share in total final energy consumption (%);Hydro;"IEA (2024), World Energy Balances; Energy Balances, UN Statistics Division (2024)";2.3;2.3;2.2;2.3;2.4;2.2;2;2;2;1.9;1.7;1.7;1.7;1.9;1.9;2.2;2.2;2.2;1.8;1.8;1.9;2;1.9;2;1.9;1.9;1.8;1.8;1.8;2.1;2;1.9;1.9
62;Central Asia (M49) and Southern Asia (MDG=M49);Share in total final energy consumption (%);Geothermal;"IEA (2024), World Energy Balances; Energy Balances, UN Statistics Division (2024)";0;0;0;0;0;0;0;0;0;0;0;0;0;0;0;0;0;0;0;0;0;0;0;0;0;0;0;0;0;0;0;0;0
62;Central Asia (M49) and Southern Asia (MDG=M49);Share in total final energy consumption (%);Tide, wave and ocean;"IEA (2024), World Energy Balances; Energy Balances, UN Statistics Division (2024)";0;0;0;0;0;0;0;0;0;0;0;0;0;0;0;0;0;0;0;0;0;0;0;0;0;0;0;0;0;0;0;0;0
62;Central Asia (M49) and Southern Asia (MDG=M49);Share in total final energy consumption (%);Wind;"IEA (2024), World Energy Balances; Energy Balances, UN Statistics Division (2024)";0;0;0;0;0;0;0;0;0;0;0;0;0;0;0;0.1;0.1;0.1;0.1;0.2;0.2;0.2;0.2;0.3;0.3;0.3;0.4;0.4;0.5;0.5;0.5;0.5;0.6
62;Central Asia (M49) and Southern Asia (MDG=M49);Share in total final energy consumption (%);Solar;"IEA (2024), World Energy Balances; Energy Balances, UN Statistics Division (2024)";0;0;0;0;0;0;0;0;0;0;0;0;0;0;0;0;0;0;0;0;0;0.1;0.1;0.1;0.1;0.2;0.2;0.3;0.4;0.5;0.6;0.7;0.8
62;Central Asia (M49) and Southern Asia (MDG=M49);Final consumption of renewable energy (PJ) - Heat raising;Renewables;"IEA (2024), World Energy Balances; Energy Balances, UN Statistics Division (2024)";5782.4;5885.8;5960.4;6061.1;6183.7;6254.3;6396.3;6508.7;6590.1;6698.2;6826.4;6931.1;6992.6;7079.1;7203.7;7373;7523.7;7657.9;7768.2;7846.1;8006.3;8050.6;8159.2;8402.7;8556.8;8735.8;8815.1;8969.8;9250.2;9284.2;9466.4;9677.7;9919.4
62;Central Asia (M49) and Southern Asia (MDG=M49);Final consumption of renewable energy (PJ) - Transport;Renewables;"IEA (2024), World Energy Balances; Energy Balances, UN Statistics Division (2024)";10.9;11;10.3;9.6;10.1;8.8;8.3;8;8.5;8.4;9.4;9.9;10.5;11.4;11.9;14.5;15.6;17.6;12.7;12;20;20.6;21.2;21.3;28.3;37.7;28.7;48.4;59;64.5;93.5;131.6;155.8
62;Central Asia (M49) and Southern Asia (MDG=M49);Final consumption of renewable energy (PJ) - Electricity consumption;Renewables;"IEA (2024), World Energy Balances; Energy Balances, UN Statistics Division (2024)";399.3;405;406.3;405.7;447.3;402.6;383.2;386.2;402.9;388.1;350.2;354.3;370.4;435.3;459.3;561.8;627.4;663.4;591.4;611.1;703.1;765.6;754.3;833.3;867.7;866.1;953.2;1030.3;1135.9;1305.4;1271.9;1379.1;1500.3
143;Central Asia (M49);Total final energy consumption (PJ);Total;"IEA (2024), World Energy Balances; Energy Balances, UN Statistics Division (2024)";4845.1;4859.8;4612.5;4091.1;3601.9;3436.6;3152.9;2958.8;3243.5;3187.2;2956.3;2942.8;2983.1;3099.2;3231.1;3368.3;3458;3822.6;4005.2;3534.8;3896.3;4218.2;3907.8;3858.2;3702.3;3581.4;3693.6;3813.5;3942.8;3853.1;4124.7;4550.7;4510.8
143;Central Asia (M49);Share in total final energy consumption (%);Renewables;"IEA (2024), World Energy Balances; Energy Balances, UN Statistics Division (2024)";2.9;2.8;2.8;3.1;3.7;3.3;3.7;3.5;3.2;3.7;3.6;3.4;3.5;3.7;3.3;3.9;3.5;3.3;2.5;2.9;2.9;2.8;3.1;2.8;3;3.3;3.3;3.5;3.5;3.5;3;2.9;3.1
143;Central Asia (M49);Share in total final energy consumption (%);Modern renewables;"IEA (2024), World Energy Balances; Energy Balances, UN Statistics Division (2024)";2.9;2.8;2.8;3.1;3.7;3.3;3.7;3.5;3.2;3.7;3.6;3.4;3.5;3.7;3.3;3.9;3.5;3.3;2.5;2.9;2.9;2.8;3.1;2.8;3;3.3;3.3;3.5;3.5;3.5;3;2.9;3.1
143;Central Asia (M49);Share in total final energy consumption (%);Municipal waste (renew);"IEA (2024), World Energy Balances; Energy Balances, UN Statistics Division (2024)";0;0;0;0;0;0;0;0;0;0;0;0;0;0;0;0;0;0;0;0;0;0;0;0;0;0;0;0;0;0;0;0;0
143;Central Asia (M49);Share in total final energy consumption (%);Liquid biofuels;"IEA (2024), World Energy Balances; Energy Balances, UN Statistics Division (2024)";0;0;0;0;0;0;0;0;0;0;0;0;0;0;0;0;0;0;0;0;0;0;0;0;0;0;0;0;0;0;0;0;0
143;Central Asia (M49);Share in total final energy consumption (%);Solid biofuels;"IEA (2024), World Energy Balances; Energy Balances, UN Statistics Division (2024)";0.1;0.1;0.1;0.1;0.1;0.1;0.1;0.1;0.1;0.1;0.1;0.1;0.1;0.1;0;0;0;0;0.1;0.1;0.1;0.1;0.1;0.1;0;0.1;0.1;0.1;0.1;0.1;0.1;0;0
143;Central Asia (M49);Share in total final energy consumption (%);Biogases;"IEA (2024), World Energy Balances; Energy Balances, UN Statistics Division (2024)";0;0;0;0;0;0;0;0;0;0;0;0;0;0;0;0;0;0;0;0;0;0;0;0;0;0;0;0;0;0;0;0;0
143;Central Asia (M49);Share in total final energy consumption (%);Hydro;"IEA (2024), World Energy Balances; Energy Balances, UN Statistics Division (2024)";2.7;2.7;2.7;3.1;3.6;3.2;3.6;3.4;3.1;3.6;3.5;3.3;3.4;3.6;3.2;3.9;3.5;3.2;2.4;2.8;2.8;2.7;3;2.7;3;3.2;3.2;3.4;3.4;3.4;2.8;2.6;2.7
143;Central Asia (M49);Share in total final energy consumption (%);Geothermal;"IEA (2024), World Energy Balances; Energy Balances, UN Statistics Division (2024)";0;0;0;0;0;0;0;0;0;0;0;0;0;0;0;0;0;0;0;0;0;0;0;0;0;0;0;0;0;0;0;0;0
143;Central Asia (M49);Share in total final energy consumption (%);Tide, wave and ocean;"IEA (2024), World Energy Balances; Energy Balances, UN Statistics Division (2024)";0;0;0;0;0;0;0;0;0;0;0;0;0;0;0;0;0;0;0;0;0;0;0;0;0;0;0;0;0;0;0;0;0
143;Central Asia (M49);Share in total final energy consumption (%);Wind;"IEA (2024), World Energy Balances; Energy Balances, UN Statistics Division (2024)";0;0;0;0;0;0;0;0;0;0;0;0;0;0;0;0;0;0;0;0;0;0;0;0;0;0;0;0;0;0;0.1;0.1;0.1
143;Central Asia (M49);Share in total final energy consumption (%);Solar;"IEA (2024), World Energy Balances; Energy Balances, UN Statistics Division (2024)";0;0;0;0;0;0;0;0;0;0;0;0;0;0;0;0;0;0;0;0;0;0;0;0;0;0;0;0;0;0.1;0.1;0.1;0.1
143;Central Asia (M49);Final consumption of renewable energy (PJ) - Heat raising;Renewables;"IEA (2024), World Energy Balances; Energy Balances, UN Statistics Division (2024)";5.2;5.1;5.1;3.6;3.5;3.6;3.4;3.4;3.8;3.7;3.8;1.5;1.6;1.8;1.5;1.2;1.6;1.8;3.7;3.5;2.9;4.1;3.2;3.5;1.4;2;1.9;2.3;2.5;2;2.4;1.9;2
143;Central Asia (M49);Final consumption of renewable energy (PJ) - Transport;Renewables;"IEA (2024), World Energy Balances; Energy Balances, UN Statistics Division (2024)";6.4;6.5;5.8;5.6;6.1;5.3;5.2;4.5;4.8;5.5;3.1;3.1;3.2;3.5;3.4;5.3;4.9;5.2;3.8;3.5;4;4.7;4.1;3.4;3.3;3.4;3.1;3.8;4;4.8;3.3;3.8;3.9
143;Central Asia (M49);Final consumption of renewable energy (PJ) - Electricity consumption;Renewables;"IEA (2024), World Energy Balances; Energy Balances, UN Statistics Division (2024)";126.7;123.5;118.7;119.6;122.5;106;107.6;95.2;94.3;108.5;99.1;95.4;99.3;108.4;101.4;125.1;114.7;118.4;90.9;95.1;105.5;109.2;113.1;102.1;107.9;113.2;117;128.1;131.1;129.2;118.2;125.8;132
34;Southern Asia (MDG=M49);Total final energy consumption (PJ);Total;"IEA (2024), World Energy Balances; Energy Balances, UN Statistics Division (2024)";12827.9;13453.3;13960;14151.4;15087.3;15496.8;15934.4;16619.8;16836.3;17511.5;17955.5;18303.7;18986.6;19576.5;20517;21590.8;22878.2;24383.3;25439.9;26390.7;27685.8;28901;29365.9;30254.1;31835.3;32970.8;34183.5;35594.7;36483.9;37350.6;36709.5;39303.2;40725
34;Southern Asia (MDG=M49);Share in total final energy consumption (%);Renewables;"IEA (2024), World Energy Balances; Energy Balances, UN Statistics Division (2024)";47.2;45.8;44.7;44.9;43.1;42.3;41.9;40.9;41;39.9;39.5;39.3;38.3;37.9;36.9;36.2;35.2;33.7;32.5;31.7;31.1;30.2;30;30.2;29.3;28.9;28.3;27.8;28.2;28.2;29.2;28.1;28.1
34;Southern Asia (MDG=M49);Share in total final energy consumption (%);Modern renewables;"IEA (2024), World Energy Balances; Energy Balances, UN Statistics Division (2024)";8.2;8.4;8.3;8.5;8.7;8.4;8.7;8.8;8.9;8.7;8.6;9.2;8.9;9;9;9.3;9.5;9.3;8.9;8.6;8.9;8.6;9;9.7;9.8;10.1;10.3;10.6;11.5;11.9;12.7;12.9;13.3
34;Southern Asia (MDG=M49);Share in total final energy consumption (%);Municipal waste (renew);"IEA (2024), World Energy Balances; Energy Balances, UN Statistics Division (2024)";0;0;0;0;0;0;0;0;0;0;0;0;0;0;0;0;0;0;0;0;0;0;0;0;0;0;0;0;0;0;0;0;0
34;Southern Asia (MDG=M49);Share in total final energy consumption (%);Liquid biofuels;"IEA (2024), World Energy Balances; Energy Balances, UN Statistics Division (2024)";0;0;0;0;0;0;0;0;0;0;0;0;0;0;0;0;0;0;0;0;0;0;0;0;0.1;0.1;0;0.1;0.1;0.1;0.2;0.3;0.3
34;Southern Asia (MDG=M49);Share in total final energy consumption (%);Solid biofuels;"IEA (2024), World Energy Balances; Energy Balances, UN Statistics Division (2024)";45;43.7;42.7;42.8;41;40.3;40.1;39.1;39.1;38.2;38;37.8;36.8;36.1;35.1;34;32.8;31.3;30.4;29.7;28.9;27.8;27.7;27.7;26.8;26.4;25.7;25.2;25.1;24.6;25.5;24.4;24.1
34;Southern Asia (MDG=M49);Share in total final energy consumption (%);Biogases;"IEA (2024), World Energy Balances; Energy Balances, UN Statistics Division (2024)";0;0;0;0;0;0;0;0;0;0;0;0;0;0;0;0.2;0.2;0.2;0.1;0.1;0.1;0.2;0.2;0.2;0.2;0.2;0.2;0.1;0.4;0.4;0.4;0.3;0.3
34;Southern Asia (MDG=M49);Share in total final energy consumption (%);Hydro;"IEA (2024), World Energy Balances; Energy Balances, UN Statistics Division (2024)";2.1;2.1;2.1;2.1;2.2;1.9;1.7;1.8;1.8;1.6;1.4;1.4;1.4;1.6;1.7;1.9;2.1;2;1.7;1.7;1.8;1.9;1.7;1.9;1.8;1.7;1.7;1.6;1.7;2;1.9;1.8;1.7
34;Southern Asia (MDG=M49);Share in total final energy consumption (%);Geothermal;"IEA (2024), World Energy Balances; Energy Balances, UN Statistics Division (2024)";0;0;0;0;0;0;0;0;0;0;0;0;0;0;0;0;0;0;0;0;0;0;0;0;0;0;0;0;0;0;0;0;0
34;Southern Asia (MDG=M49);Share in total final energy consumption (%);Tide, wave and ocean;"IEA (2024), World Energy Balances; Energy Balances, UN Statistics Division (2024)";0;0;0;0;0;0;0;0;0;0;0;0;0;0;0;0;0;0;0;0;0;0;0;0;0;0;0;0;0;0;0;0;0
34;Southern Asia (MDG=M49);Share in total final energy consumption (%);Wind;"IEA (2024), World Energy Balances; Energy Balances, UN Statistics Division (2024)";0;0;0;0;0;0;0;0;0;0;0;0;0;0;0.1;0.1;0.1;0.1;0.1;0.2;0.2;0.2;0.3;0.3;0.3;0.3;0.4;0.5;0.5;0.6;0.5;0.6;0.6
34;Southern Asia (MDG=M49);Share in total final energy consumption (%);Solar;"IEA (2024), World Energy Balances; Energy Balances, UN Statistics Division (2024)";0;0;0;0;0;0;0;0;0;0;0;0;0;0;0;0;0;0;0;0;0;0.1;0.1;0.1;0.1;0.2;0.3;0.3;0.5;0.5;0.6;0.7;0.9
34;Southern Asia (MDG=M49);Final consumption of renewable energy (PJ) - Heat raising;Renewables;"IEA (2024), World Energy Balances; Energy Balances, UN Statistics Division (2024)";5777.3;5880.7;5955.3;6057.5;6180.2;6250.6;6392.9;6505.3;6586.3;6694.5;6822.7;6929.6;6991;7077.4;7202.1;7371.9;7522.1;7656.1;7764.5;7842.6;8003.4;8046.5;8156;8399.3;8555.4;8733.8;8813.2;8967.5;9247.7;9282.2;9463.9;9675.8;9917.3
34;Southern Asia (MDG=M49);Final consumption of renewable energy (PJ) - Transport;Renewables;"IEA (2024), World Energy Balances; Energy Balances, UN Statistics Division (2024)";3.8;4;4.2;4.4;4.8;4.3;4.2;4.4;4.7;4.6;7;7.5;8;8.7;9.2;10.5;11.5;13.3;9.5;9.2;16.7;16.7;17.9;18.2;25.5;34.8;26.1;45.2;55.5;60.1;90.4;127.9;152
34;Southern Asia (MDG=M49);Final consumption of renewable energy (PJ) - Electricity consumption;Renewables;"IEA (2024), World Energy Balances; Energy Balances, UN Statistics Division (2024)";269.8;279.8;286.8;286.9;325.2;296.4;275.8;290.9;309.4;283.2;254.3;260.5;271.7;326.1;355.7;439.9;514.7;546.9;498.5;513.4;594;654.5;638.8;728.9;757.1;751;832.5;898.3;1003;1174.1;1152.5;1252.8;1367.9
753;Eastern Asia (M49) and South-eastern Asia (MDG=M49);Total final energy consumption (PJ);Total;"IEA (2024), World Energy Balances; Energy Balances, UN Statistics Division (2024)";46251.3;47761;48829.4;50971.3;52481;55816.9;55374.6;56433.9;55836;56291.3;57348;58351.3;60254.7;63926.8;70630;77093.6;80886.9;84336.2;85803.4;88058.2;94759.7;98590.5;101774.2;104158.3;106321.6;106849.7;106968.2;109128.2;112537.1;114007;113619.5;118308.7;119710.4
753;Eastern Asia (M49) and South-eastern Asia (MDG=M49);Share in total final energy consumption (%);Renewables;"IEA (2024), World Energy Balances; Energy Balances, UN Statistics Division (2024)";25.8;25.2;24.8;24;23.2;22.2;22.4;22.1;22.2;22.1;21.6;20.9;20.2;18.8;16.9;15.4;14.9;14;13.7;13.2;12.3;11.7;11.9;11.9;12.4;12.3;12.7;13.1;13.4;13.7;14.2;14.4;15
753;Eastern Asia (M49) and South-eastern Asia (MDG=M49);Share in total final energy consumption (%);Modern renewables;"IEA (2024), World Energy Balances; Energy Balances, UN Statistics Division (2024)";3.5;3.5;3.5;3.5;3.4;3.7;3.8;3.8;3.9;4;4.1;4.3;4.3;4.2;4.2;4.1;4.3;4.5;5;5.3;5.4;5.4;6.2;6.7;7.4;7.7;8.5;9;9.5;10.2;10.9;11.4;12.3
753;Eastern Asia (M49) and South-eastern Asia (MDG=M49);Share in total final energy consumption (%);Municipal waste (renew);"IEA (2024), World Energy Balances; Energy Balances, UN Statistics Division (2024)";0;0;0;0;0;0;0;0;0;0;0;0;0;0;0;0;0;0;0;0;0;0;0;0;0;0;0;0;0;0;0;0;0
753;Eastern Asia (M49) and South-eastern Asia (MDG=M49);Share in total final energy consumption (%);Liquid biofuels;"IEA (2024), World Energy Balances; Energy Balances, UN Statistics Division (2024)";NaN;NaN;NaN;NaN;NaN;0;0;0;0;0;0;0;0;0;0;0;0.1;0.1;0.1;0.1;0.1;0.2;0.2;0.2;0.3;0.2;0.3;0.3;0.4;0.5;0.5;0.5;0.5
753;Eastern Asia (M49) and South-eastern Asia (MDG=M49);Share in total final energy consumption (%);Solid biofuels;"IEA (2024), World Energy Balances; Energy Balances, UN Statistics Division (2024)";23.9;23.3;23;22;21.3;20.2;20.3;20;20;19.8;19.2;18.1;17.4;16.1;14.1;12.6;11.9;10.8;9.9;9.2;8.2;7.4;6.9;6.4;6.3;5.8;5.6;5.4;5.3;5.1;4.8;4.5;4.4
753;Eastern Asia (M49) and South-eastern Asia (MDG=M49);Share in total final energy consumption (%);Biogases;"IEA (2024), World Energy Balances; Energy Balances, UN Statistics Division (2024)";0;0;0;0;0.1;0.1;0.1;0.1;0.1;0.1;0.1;0.1;0.1;0.2;0.2;0.2;0.2;0.3;0.3;0.4;0.3;0.4;0.3;0.3;0.3;0.3;0.3;0.3;0.3;0.3;0.3;0.3;0.3
753;Eastern Asia (M49) and South-eastern Asia (MDG=M49);Share in total final energy consumption (%);Hydro;"IEA (2024), World Energy Balances; Energy Balances, UN Statistics Division (2024)";1.7;1.7;1.6;1.7;1.6;1.8;1.8;1.8;1.9;1.9;2;2.2;2.2;2.1;2.2;2.2;2.3;2.4;2.7;2.7;2.9;2.8;3.2;3.3;3.7;3.8;4;4.1;4.1;4.2;4.4;4.2;4.2
753;Eastern Asia (M49) and South-eastern Asia (MDG=M49);Share in total final energy consumption (%);Geothermal;"IEA (2024), World Energy Balances; Energy Balances, UN Statistics Division (2024)";0.1;0.1;0.1;0.1;0.1;0.1;0.2;0.2;0.2;0.2;0.2;0.2;0.2;0.2;0.2;0.2;0.2;0.2;0.2;0.2;0.2;0.3;0.3;0.3;0.4;0.4;0.5;0.6;0.7;0.8;0.9;0.9;1
753;Eastern Asia (M49) and South-eastern Asia (MDG=M49);Share in total final energy consumption (%);Tide, wave and ocean;"IEA (2024), World Energy Balances; Energy Balances, UN Statistics Division (2024)";0;0;0;0;0;0;0;0;0;0;0;0;0;0;0;0;0;0;0;0;0;0;0;0;0;0;0;0;0;0;0;0;0
753;Eastern Asia (M49) and South-eastern Asia (MDG=M49);Share in total final energy consumption (%);Wind;"IEA (2024), World Energy Balances; Energy Balances, UN Statistics Division (2024)";0;0;0;0;0;0;0;0;0;0;0;0;0;0;0;0;0;0;0.1;0.1;0.2;0.2;0.3;0.4;0.5;0.6;0.7;0.9;1;1.1;1.3;1.8;2
753;Eastern Asia (M49) and South-eastern Asia (MDG=M49);Share in total final energy consumption (%);Solar;"IEA (2024), World Energy Balances; Energy Balances, UN Statistics Division (2024)";0.1;0.1;0.1;0.1;0.1;0.1;0.1;0.1;0.1;0.1;0.1;0.1;0.2;0.2;0.2;0.2;0.2;0.2;0.3;0.4;0.4;0.5;0.6;0.9;0.9;1.1;1.2;1.4;1.6;1.7;1.9;2.2;2.5
753;Eastern Asia (M49) and South-eastern Asia (MDG=M49);Final consumption of renewable energy (PJ) - Heat raising;Renewables;"IEA (2024), World Energy Balances; Energy Balances, UN Statistics Division (2024)";11085.7;11184.9;11266.5;11275.1;11256;11355.6;11374;11399.9;11281.5;11273.2;11156.8;10775.1;10732.4;10527.8;10239.1;10019.1;9985.1;9547.8;9085.2;8817.4;8462.8;8230.8;8067.4;7969.4;8022.7;7627.3;7399.5;7465.3;7547.4;7472.1;7172.7;7110.4;7080.7
753;Eastern Asia (M49) and South-eastern Asia (MDG=M49);Final consumption of renewable energy (PJ) - Transport;Renewables;"IEA (2024), World Energy Balances; Energy Balances, UN Statistics Division (2024)";13.4;13.8;13.3;14.5;13.6;15.4;16.3;16.1;15.6;15.6;16.8;19.1;18;19.6;22;49.8;62.8;76.5;105.7;126.9;154.7;169.1;209.3;249;300.3;290.3;386.2;406.2;493.9;608.3;668.9;713.6;774.8
753;Eastern Asia (M49) and South-eastern Asia (MDG=M49);Final consumption of renewable energy (PJ) - Electricity consumption;Renewables;"IEA (2024), World Energy Balances; Energy Balances, UN Statistics Division (2024)";824.8;848.6;827.5;921.4;903.5;1037.9;1028.1;1057.6;1122.1;1126;1217.8;1383.7;1401.8;1448.5;1664.8;1792.7;1989.2;2144.9;2526.1;2685.3;3067.4;3148;3829.8;4216.6;4869;5213.2;5766.2;6372.9;7010.7;7558.6;8239.2;9177.6;10095.9
30;Eastern Asia (M49);Total final energy consumption (PJ);Total;"IEA (2024), World Energy Balances; Energy Balances, UN Statistics Division (2024)";40419.9;41762.1;42507;44289.8;45378.1;47950.1;47021.8;47708.3;47324.5;47264;48022.2;48731.6;50377.7;53557.2;59641.4;65980.3;69369.8;72447.9;73835;75838.6;81713.7;85028.4;87586.6;89876.5;91517.7;92196.6;92254.1;93751.6;96209.3;96797.7;97304.2;101841.5;101843.2
30;Eastern Asia (M49);Share in total final energy consumption (%);Renewables;"IEA (2024), World Energy Balances; Energy Balances, UN Statistics Division (2024)";23.1;22.6;22.2;21.6;21.1;20.2;20.6;20.4;20.5;20.4;19.9;19.3;18.6;17.1;15.2;13.7;13.1;12.2;11.8;11.4;10.5;9.9;10.1;10.2;10.7;11;11.3;11.8;12.2;12.7;13.1;13.3;14
30;Eastern Asia (M49);Share in total final energy consumption (%);Modern renewables;"IEA (2024), World Energy Balances; Energy Balances, UN Statistics Division (2024)";2.3;2.3;2.2;2.3;2.2;2.5;2.5;2.6;2.7;2.7;2.9;3.2;3.2;3.2;3.3;3.4;3.5;3.8;4.3;4.6;4.8;4.8;5.6;6.2;6.9;7.3;7.9;8.5;9;9.7;10.4;10.9;11.9
30;Eastern Asia (M49);Share in total final energy consumption (%);Municipal waste (renew);"IEA (2024), World Energy Balances; Energy Balances, UN Statistics Division (2024)";0;0;0;0;0;0;0;0;0;0;0;0;0;0;0;0;0;0;0;0;0;0;0;0;0;0;0;0;0;0;0;0;0
30;Eastern Asia (M49);Share in total final energy consumption (%);Liquid biofuels;"IEA (2024), World Energy Balances; Energy Balances, UN Statistics Division (2024)";0;0;0;0;0;0;0;0;0;0;0;0;0;0;0;0;0.1;0.1;0.1;0.1;0.1;0.1;0.1;0.1;0.1;0.1;0.2;0.1;0.2;0.2;0.2;0.1;0.2
30;Eastern Asia (M49);Share in total final energy consumption (%);Solid biofuels;"IEA (2024), World Energy Balances; Energy Balances, UN Statistics Division (2024)";21.2;20.7;20.4;19.7;19.2;18.1;18.4;18.2;18.1;18.1;17.5;16.5;15.8;14.3;12.3;10.7;10;8.8;7.9;7.2;6.1;5.5;4.9;4.4;4.3;4.2;3.9;3.9;3.8;3.7;3.4;3.2;3
30;Eastern Asia (M49);Share in total final energy consumption (%);Biogases;"IEA (2024), World Energy Balances; Energy Balances, UN Statistics Division (2024)";0;0;0;0;0.1;0.1;0.1;0.1;0.1;0.1;0.1;0.1;0.2;0.2;0.2;0.2;0.2;0.3;0.4;0.4;0.4;0.4;0.4;0.4;0.3;0.3;0.3;0.3;0.3;0.3;0.3;0.3;0.3
30;Eastern Asia (M49);Share in total final energy consumption (%);Hydro;"IEA (2024), World Energy Balances; Energy Balances, UN Statistics Division (2024)";1.7;1.7;1.6;1.8;1.7;1.8;1.8;1.8;2;1.9;2;2.3;2.3;2.2;2.3;2.3;2.4;2.5;2.8;2.9;3;2.8;3.3;3.4;3.9;4;4.2;4.2;4.2;4.4;4.5;4.2;4.3
30;Eastern Asia (M49);Share in total final energy consumption (%);Geothermal;"IEA (2024), World Energy Balances; Energy Balances, UN Statistics Division (2024)";0;0;0;0;0;0.1;0.1;0.1;0.2;0.2;0.2;0.2;0.2;0.2;0.2;0.2;0.2;0.2;0.2;0.2;0.2;0.2;0.3;0.3;0.4;0.4;0.5;0.6;0.7;0.8;0.9;1;1.1
30;Eastern Asia (M49);Share in total final energy consumption (%);Tide, wave and ocean;"IEA (2024), World Energy Balances; Energy Balances, UN Statistics Division (2024)";0;0;0;0;0;0;0;0;0;0;0;0;0;0;0;0;0;0;0;0;0;0;0;0;0;0;0;0;0;0;0;0;0
30;Eastern Asia (M49);Share in total final energy consumption (%);Wind;"IEA (2024), World Energy Balances; Energy Balances, UN Statistics Division (2024)";0;0;0;0;0;0;0;0;0;0;0;0;0;0;0;0;0;0;0.1;0.1;0.2;0.3;0.4;0.5;0.6;0.6;0.8;1;1.2;1.3;1.5;2;2.3
30;Eastern Asia (M49);Share in total final energy consumption (%);Solar;"IEA (2024), World Energy Balances; Energy Balances, UN Statistics Division (2024)";0.1;0.1;0.1;0.1;0.1;0.1;0.1;0.1;0.1;0.1;0.2;0.2;0.2;0.2;0.2;0.2;0.2;0.3;0.3;0.4;0.5;0.6;0.7;1;1.1;1.2;1.4;1.6;1.8;2;2.2;2.4;2.8
30;Eastern Asia (M49);Final consumption of renewable energy (PJ) - Heat raising;Renewables;"IEA (2024), World Energy Balances; Energy Balances, UN Statistics Division (2024)";8605.4;8683.2;8726.8;8765.1;8775.1;8773.4;8799.2;8806.8;8705.6;8683.5;8550.5;8213.5;8163.7;7919.6;7622.6;7395;7327.6;6876;6383.9;6147.8;5763.6;5544.6;5350.8;5277.1;5295.7;5247.3;5121.8;5227;5303.5;5219.4;5089.2;5027.2;4974.8
30;Eastern Asia (M49);Final consumption of renewable energy (PJ) - Transport;Renewables;"IEA (2024), World Energy Balances; Energy Balances, UN Statistics Division (2024)";12.8;13.1;12.5;13.9;12.8;14.7;15.4;15.7;15.2;14.7;15.6;18;17.2;18.7;21.2;47.4;58.6;65.6;78.7;89.5;110.8;116.1;130.5;141.1;157.5;170.3;196.1;218;246.6;278.6;278.8;304;336.8
30;Eastern Asia (M49);Final consumption of renewable energy (PJ) - Electricity consumption;Renewables;"IEA (2024), World Energy Balances; Energy Balances, UN Statistics Division (2024)";719.8;740.6;713.1;804.5;771.8;890.9;870.7;913.2;966.4;943.2;1009.1;1159.7;1184.6;1230;1440.7;1564.8;1734.3;1878;2231.3;2372.5;2737;2756.6;3379.4;3734.3;4352.9;4708.7;5140.9;5640.2;6181.2;6772;7378.6;8193.1;8952.1
35;South-eastern Asia (MDG=M49);Total final energy consumption (PJ);Total;"IEA (2024), World Energy Balances; Energy Balances, UN Statistics Division (2024)";5831.4;5998.9;6322.4;6681.4;7102.9;7866.8;8352.7;8725.6;8511.5;9027.3;9325.8;9619.7;9877;10369.6;10988.6;11113.3;11517;11888.3;11968.4;12219.5;13045.9;13562.1;14187.6;14281.8;14803.9;14653.2;14714.1;15376.6;16327.8;17209.3;16315.3;16467.2;17867.3
35;South-eastern Asia (MDG=M49);Share in total final energy consumption (%);Renewables;"IEA (2024), World Energy Balances; Energy Balances, UN Statistics Division (2024)";44.4;43.5;42;39.3;36.8;34.7;32.7;31.4;32.1;30.7;30.2;29;28.2;27.3;25.9;25.7;25.3;24.8;25.3;24.7;23.6;23.1;22.9;23;22.9;20.5;21;20.5;20.3;19.6;20.4;21.1;20.6
35;South-eastern Asia (MDG=M49);Share in total final energy consumption (%);Modern renewables;"IEA (2024), World Energy Balances; Energy Balances, UN Statistics Division (2024)";11.9;12;12.2;11.4;11.1;11.1;10.8;10.4;10.6;10.5;10.7;10;9.7;9.2;8.8;8.7;9;8.9;9.3;9.3;8.9;9.2;9.8;10.1;10.5;10.4;11.9;12.2;12.8;12.6;13.6;14.6;14.8
35;South-eastern Asia (MDG=M49);Share in total final energy consumption (%);Municipal waste (renew);"IEA (2024), World Energy Balances; Energy Balances, UN Statistics Division (2024)";0;0;0;0;0;0;0;0;0;0;0;0;0;0;0;0;0;0;0;0;0;0;0;0;0;0;0;0;0;0;0;0.1;0.1
35;South-eastern Asia (MDG=M49);Share in total final energy consumption (%);Liquid biofuels;"IEA (2024), World Energy Balances; Energy Balances, UN Statistics Division (2024)";NaN;NaN;NaN;NaN;NaN;0;0;0;0;0;0;0;0;0;0;0;0;0.1;0.2;0.3;0.3;0.4;0.5;0.7;1;0.8;1.3;1.2;1.5;2.1;2.6;2.7;2.7
35;South-eastern Asia (MDG=M49);Share in total final energy consumption (%);Solid biofuels;"IEA (2024), World Energy Balances; Energy Balances, UN Statistics Division (2024)";42.6;41.7;40.2;37.6;34.9;32.8;30.9;29.7;30.3;28.7;28;26.6;26;25.2;23.8;23.7;23.1;22.5;22.6;22;20.8;19.8;19.1;18.8;18.3;16.2;15.7;14.7;14.1;13.3;13;12.9;12.1
35;South-eastern Asia (MDG=M49);Share in total final energy consumption (%);Biogases;"IEA (2024), World Energy Balances; Energy Balances, UN Statistics Division (2024)";NaN;NaN;NaN;NaN;NaN;0;0;0;0;0;0;0;0;0;0;0;0;0;0;0;0;0.2;0.2;0.2;0.2;0.2;0.2;0.2;0.2;0.2;0.2;0.2;0.2
35;South-eastern Asia (MDG=M49);Share in total final energy consumption (%);Hydro;"IEA (2024), World Energy Balances; Energy Balances, UN Statistics Division (2024)";1.5;1.5;1.5;1.4;1.5;1.5;1.5;1.3;1.4;1.6;1.7;1.8;1.7;1.6;1.5;1.5;1.7;1.7;1.9;1.9;1.9;2.3;2.6;2.7;2.8;2.7;3.1;3.7;3.7;3;3.5;3.8;4.1
35;South-eastern Asia (MDG=M49);Share in total final energy consumption (%);Geothermal;"IEA (2024), World Energy Balances; Energy Balances, UN Statistics Division (2024)";0.3;0.3;0.3;0.3;0.4;0.3;0.3;0.3;0.4;0.5;0.5;0.5;0.5;0.5;0.5;0.5;0.5;0.5;0.5;0.5;0.5;0.5;0.4;0.4;0.4;0.5;0.5;0.5;0.5;0.5;0.5;0.5;0.5
35;South-eastern Asia (MDG=M49);Share in total final energy consumption (%);Tide, wave and ocean;"IEA (2024), World Energy Balances; Energy Balances, UN Statistics Division (2024)";NaN;NaN;NaN;NaN;NaN;0;0;0;0;0;0;0;0;0;0;0;0;0;0;0;0;0;0;0;0;0;0;0;0;0;0;0;0
35;South-eastern Asia (MDG=M49);Share in total final energy consumption (%);Wind;"IEA (2024), World Energy Balances; Energy Balances, UN Statistics Division (2024)";NaN;NaN;NaN;NaN;NaN;0;0;0;0;0;0;0;0;0;0;0;0;0;0;0;0;0;0;0;0;0;0;0.1;0.1;0.1;0.1;0.2;0.2
35;South-eastern Asia (MDG=M49);Share in total final energy consumption (%);Solar;"IEA (2024), World Energy Balances; Energy Balances, UN Statistics Division (2024)";NaN;NaN;NaN;NaN;NaN;0;0;0;0;0;0;0;0;0;0;0;0;0;0;0;0;0;0;0;0;0.1;0.1;0.1;0.1;0.3;0.4;0.7;0.8
35;South-eastern Asia (MDG=M49);Final consumption of renewable energy (PJ) - Heat raising;Renewables;"IEA (2024), World Energy Balances; Energy Balances, UN Statistics Division (2024)";2480.3;2501.8;2539.7;2510;2480.9;2582.3;2574.8;2593.1;2575.8;2589.7;2606.3;2561.6;2568.7;2608.2;2616.5;2624;2657.5;2671.9;2701.3;2669.6;2699.2;2686.2;2716.6;2692.2;2726.9;2380;2277.7;2238.3;2243.9;2252.7;2083.4;2083.1;2106
35;South-eastern Asia (MDG=M49);Final consumption of renewable energy (PJ) - Transport;Renewables;"IEA (2024), World Energy Balances; Energy Balances, UN Statistics Division (2024)";0.2;0.1;0.1;0.1;0.1;0.1;0.2;0.2;0.2;0.2;0.3;0.3;0.3;0.3;0.4;2.2;4;10.6;26.9;37.3;43.9;52.6;78.4;107.6;142.9;120.8;190.5;187.9;247;331;391.2;409.7;438.2
35;South-eastern Asia (MDG=M49);Final consumption of renewable energy (PJ) - Electricity consumption;Renewables;"IEA (2024), World Energy Balances; Energy Balances, UN Statistics Division (2024)";106;108;114.9;117.5;132.7;147.9;157.9;145.1;156.3;184.2;210.5;225.9;218.8;220;225.2;228.9;256.6;268.3;295.9;313.7;330.2;394.3;452.4;484.3;515.8;500.5;623.5;733.6;830.9;780.8;855.6;984.4;1142.9
747;Western Asia (M49) and Northern Africa (M49);Total final energy consumption (PJ);Total;"IEA (2024), World Energy Balances; Energy Balances, UN Statistics Division (2024)";8786.5;8850;8949.2;9180.9;9318.8;9636.2;10062.9;10256.8;10508.4;10694.2;11192.5;11447.6;11966.3;12296.4;12819;13730.3;14604.6;15620.7;16343.1;16751.3;17927.3;18619.9;19524.9;19886.1;20463.6;21159.3;21388.9;21819.7;21717.7;22055.5;21422.3;22551.2;23285.4
747;Western Asia (M49) and Northern Africa (M49);Share in total final energy consumption (%);Renewables;"IEA (2024), World Energy Balances; Energy Balances, UN Statistics Division (2024)";9.3;9.2;9.5;9.8;9.5;9.3;9.4;9.3;9.3;9;8.4;8.1;8.1;8;8.3;7.6;7.3;6.6;6.2;6.2;6.2;5.8;5.5;5.7;5.2;5.4;5.5;5.3;5.4;6;6.2;5.9;6.1
747;Western Asia (M49) and Northern Africa (M49);Share in total final energy consumption (%);Modern renewables;"IEA (2024), World Energy Balances; Energy Balances, UN Statistics Division (2024)";6.6;6.5;6.8;7.1;6.6;6.5;6.7;6.6;6.6;6.2;5.8;5.5;5.4;5.4;5.6;5;4.9;4.4;4.1;4.1;4.4;4;3.8;4;3.5;3.9;3.9;3.7;3.8;4.4;4.5;4.3;4.5
747;Western Asia (M49) and Northern Africa (M49);Share in total final energy consumption (%);Municipal waste (renew);"IEA (2024), World Energy Balances; Energy Balances, UN Statistics Division (2024)";0;0;0;0;0;0;0;0;0;0;0;0;0;0;0;0;0;0;0;0;0;0;0;0;0;0;0;0;0;0;0;0;0
747;Western Asia (M49) and Northern Africa (M49);Share in total final energy consumption (%);Liquid biofuels;"IEA (2024), World Energy Balances; Energy Balances, UN Statistics Division (2024)";0;0;0;0;0;0;0;0;0;0;0;0;0;0;0;0;0;0;0;0;0;0;0;0.1;0;0;0;0;0;0;0;0;0
747;Western Asia (M49) and Northern Africa (M49);Share in total final energy consumption (%);Solid biofuels;"IEA (2024), World Energy Balances; Energy Balances, UN Statistics Division (2024)";7.1;7.2;7.3;7.3;7.1;7;7;6.8;6.7;6.6;6.3;6.1;5.9;5.7;5.8;5.3;5;4.5;4.2;4.1;3.7;3.4;3.2;3.1;3;2.9;2.8;2.7;2.6;2.6;2.7;2.6;2.6
747;Western Asia (M49) and Northern Africa (M49);Share in total final energy consumption (%);Biogases;"IEA (2024), World Energy Balances; Energy Balances, UN Statistics Division (2024)";0;0;0;0;0;0;0;0;0;0;0;0;0;0;0;0;0;0;0;0;0;0;0;0;0;0;0;0;0;0;0.1;0.1;0.1
747;Western Asia (M49) and Northern Africa (M49);Share in total final energy consumption (%);Hydro;"IEA (2024), World Energy Balances; Energy Balances, UN Statistics Division (2024)";1.7;1.7;1.8;2;1.9;1.8;2;1.9;2;1.8;1.5;1.4;1.5;1.6;1.8;1.6;1.6;1.4;1.2;1.3;1.6;1.5;1.5;1.6;1.2;1.5;1.5;1.3;1.3;1.7;1.6;1.3;1.4
747;Western Asia (M49) and Northern Africa (M49);Share in total final energy consumption (%);Geothermal;"IEA (2024), World Energy Balances; Energy Balances, UN Statistics Division (2024)";0.2;0.2;0.2;0.2;0.2;0.2;0.2;0.2;0.2;0.2;0.2;0.3;0.3;0.3;0.3;0.3;0.3;0.3;0.3;0.3;0.3;0.3;0.3;0.3;0.3;0.4;0.4;0.4;0.5;0.5;0.5;0.5;0.5
747;Western Asia (M49) and Northern Africa (M49);Share in total final energy consumption (%);Tide, wave and ocean;"IEA (2024), World Energy Balances; Energy Balances, UN Statistics Division (2024)";0;0;0;0;0;0;0;0;0;0;0;0;0;0;0;0;0;0;0;0;0;0;0;0;0;0;0;0;0;0;0;0;0
747;Western Asia (M49) and Northern Africa (M49);Share in total final energy consumption (%);Wind;"IEA (2024), World Energy Balances; Energy Balances, UN Statistics Division (2024)";0;0;0;0;0;0;0;0;0;0;0;0;0;0;0;0;0;0;0;0.1;0.1;0.1;0.1;0.2;0.2;0.2;0.3;0.3;0.4;0.4;0.5;0.6;0.6
747;Western Asia (M49) and Northern Africa (M49);Share in total final energy consumption (%);Solar;"IEA (2024), World Energy Balances; Energy Balances, UN Statistics Division (2024)";0.2;0.3;0.3;0.3;0.3;0.3;0.3;0.3;0.4;0.4;0.4;0.4;0.4;0.4;0.4;0.4;0.4;0.4;0.5;0.4;0.4;0.5;0.3;0.3;0.3;0.4;0.4;0.4;0.6;0.7;0.8;0.8;0.9
747;Western Asia (M49) and Northern Africa (M49);Final consumption of renewable energy (PJ) - Heat raising;Renewables;"IEA (2024), World Energy Balances; Energy Balances, UN Statistics Division (2024)";663.9;671.3;689.9;709.8;708.8;720.2;752.6;758.4;770.3;771.7;772.2;776;781.9;787.5;832.2;819.3;825.3;801.4;800.8;809.7;810.3;781.6;748;751.2;750.7;758.6;752.7;745.2;724.3;723.8;734.6;744.2;758.8
747;Western Asia (M49) and Northern Africa (M49);Final consumption of renewable energy (PJ) - Transport;Renewables;"IEA (2024), World Energy Balances; Energy Balances, UN Statistics Division (2024)";1.6;1.7;1.3;1.4;1.2;1;1.1;1.1;1;0.9;0.9;0.8;0.9;1;0.9;0.9;1.8;1.5;2;1.6;1.8;2.2;5;18.4;7.4;6.2;6.2;6.4;8.4;9.7;7.5;8;9.4
747;Western Asia (M49) and Northern Africa (M49);Final consumption of renewable energy (PJ) - Electricity consumption;Renewables;"IEA (2024), World Energy Balances; Energy Balances, UN Statistics Division (2024)";149.8;145.1;155.9;184.1;172.2;176.9;196.5;196.5;207.4;187.1;171.9;156.2;183.6;196.4;231.7;226.6;237.8;223.5;205.7;220.7;302.2;302;327.4;359.1;298.3;386.5;412;403.9;446.6;581;582.4;576.1;653.8
145;Western Asia (M49);Total final energy consumption (PJ);Total;"IEA (2024), World Energy Balances; Energy Balances, UN Statistics Division (2024)";6646.4;6674.4;6697.4;6887.9;6998.1;7225.9;7533;7627;7798.1;7845.8;8281.1;8352.7;8779.3;9007.4;9391.6;9939.8;10649.7;11402.4;12010.7;12275.2;13230.1;13861;14522.3;14734.7;15221.2;15804.3;15922.9;16174.6;15926.9;16343.5;15837.5;16701.6;17352.6
145;Western Asia (M49);Share in total final energy consumption (%);Renewables;"IEA (2024), World Energy Balances; Energy Balances, UN Statistics Division (2024)";7.3;7.1;7.5;7.9;7.2;7.1;7.2;7.1;7.1;6.7;6.1;5.7;5.8;5.7;5.8;5.3;5;4.5;4.2;4.2;4.5;4.1;3.9;4.1;3.4;3.9;4;3.8;3.9;4.5;4.6;4.3;4.6
145;Western Asia (M49);Share in total final energy consumption (%);Modern renewables;"IEA (2024), World Energy Balances; Energy Balances, UN Statistics Division (2024)";7.2;7.1;7.4;7.8;7.1;7;7.2;7;7.1;6.6;6;5.7;5.7;5.7;5.8;5.2;4.9;4.4;4.1;4.2;4.4;4;3.8;4;3.4;3.9;3.9;3.7;3.8;4.4;4.5;4.3;4.6
145;Western Asia (M49);Share in total final energy consumption (%);Municipal waste (renew);"IEA (2024), World Energy Balances; Energy Balances, UN Statistics Division (2024)";0;0;0;0;0;0;0;0;0;0;0;0;0;0;0;0;0;0;0;0;0;0;0;0;0;0;0;0;0;0;0;0;0
145;Western Asia (M49);Share in total final energy consumption (%);Liquid biofuels;"IEA (2024), World Energy Balances; Energy Balances, UN Statistics Division (2024)";0;0;0;0;0;0;0;0;0;0;0;0;0;0;0;0;0;0;0;0;0;0;0;0.1;0;0;0;0;0;0;0;0;0
145;Western Asia (M49);Share in total final energy consumption (%);Solid biofuels;"IEA (2024), World Energy Balances; Energy Balances, UN Statistics Division (2024)";5;4.9;5.1;5.1;4.6;4.5;4.5;4.3;4.2;4.1;3.7;3.6;3.3;3.2;2.9;2.6;2.3;2.1;2;1.8;1.7;1.3;1.2;1.2;1.1;1;1;0.9;0.7;0.6;0.7;0.6;0.7
145;Western Asia (M49);Share in total final energy consumption (%);Biogases;"IEA (2024), World Energy Balances; Energy Balances, UN Statistics Division (2024)";0;0;0;0;0;0;0;0;0;0;0;0;0;0;0;0;0;0;0;0;0;0;0;0;0;0;0;0;0.1;0.1;0.1;0.1;0.1
145;Western Asia (M49);Share in total final energy consumption (%);Hydro;"IEA (2024), World Energy Balances; Energy Balances, UN Statistics Division (2024)";1.7;1.6;1.8;2.2;1.9;1.9;2;2;2.1;1.7;1.5;1.3;1.6;1.6;1.9;1.8;1.8;1.4;1.2;1.3;1.7;1.5;1.6;1.7;1.1;1.6;1.6;1.3;1.4;1.9;1.7;1.3;1.4
145;Western Asia (M49);Share in total final energy consumption (%);Geothermal;"IEA (2024), World Energy Balances; Energy Balances, UN Statistics Division (2024)";0.2;0.2;0.2;0.2;0.3;0.3;0.3;0.3;0.3;0.3;0.3;0.4;0.4;0.4;0.4;0.4;0.4;0.3;0.4;0.5;0.5;0.5;0.4;0.4;0.5;0.6;0.6;0.6;0.7;0.7;0.7;0.7;0.7
145;Western Asia (M49);Share in total final energy consumption (%);Tide, wave and ocean;"IEA (2024), World Energy Balances; Energy Balances, UN Statistics Division (2024)";0;0;0;0;0;0;0;0;0;0;0;0;0;0;0;0;0;0;0;0;0;0;0;0;0;0;0;0;0;0;0;0;0
145;Western Asia (M49);Share in total final energy consumption (%);Wind;"IEA (2024), World Energy Balances; Energy Balances, UN Statistics Division (2024)";0;0;0;0;0;0;0;0;0;0;0;0;0;0;0;0;0;0;0;0;0.1;0.1;0.1;0.2;0.2;0.2;0.3;0.3;0.4;0.4;0.5;0.6;0.6
145;Western Asia (M49);Share in total final energy consumption (%);Solar;"IEA (2024), World Energy Balances; Energy Balances, UN Statistics Division (2024)";0.3;0.3;0.4;0.4;0.4;0.4;0.4;0.5;0.5;0.5;0.5;0.6;0.6;0.6;0.6;0.6;0.5;0.5;0.6;0.6;0.6;0.6;0.4;0.4;0.5;0.5;0.5;0.5;0.7;0.8;0.9;1;1.1
145;Western Asia (M49);Final consumption of renewable energy (PJ) - Heat raising;Renewables;"IEA (2024), World Energy Balances; Energy Balances, UN Statistics Division (2024)";367.1;366.8;380.4;394.7;367.2;374;390.5;388.3;392.4;386.4;378.3;373.7;371;368.8;363.9;348.6;341.5;343.6;351.7;355;360.8;333.2;302.6;305.7;303.9;309.2;301.4;291.1;263.2;256.4;262;262.4;269
145;Western Asia (M49);Final consumption of renewable energy (PJ) - Transport;Renewables;"IEA (2024), World Energy Balances; Energy Balances, UN Statistics Division (2024)";1.3;1.3;1;1.1;1;0.7;0.8;0.8;0.7;0.6;0.6;0.4;0.5;0.6;0.6;0.6;1.5;1.2;1.7;1.3;1.5;1.9;4.5;17.9;6.9;5.5;5.5;5.7;7.5;8.6;6.4;6.9;8.2
145;Western Asia (M49);Final consumption of renewable energy (PJ) - Electricity consumption;Renewables;"IEA (2024), World Energy Balances; Energy Balances, UN Statistics Division (2024)";114.2;108.6;120.4;147.8;133.9;138.2;152.7;151.9;161.7;137;125.9;105.2;138.3;147.2;182.5;176.8;187.4;165.1;150.6;160.2;231.4;229.5;255.3;275.8;213.4;300.4;328.1;315.5;348.7;463.3;458.8;450.6;523.5
15;Northern Africa (M49);Total final energy consumption (PJ);Total;"IEA (2024), World Energy Balances; Energy Balances, UN Statistics Division (2024)";2140.1;2175.6;2251.8;2293;2320.7;2410.3;2529.8;2629.8;2710.3;2848.5;2911.3;3094.9;3187;3289;3427.4;3790.5;3954.8;4218.2;4332.4;4476;4697.2;4759;5002.6;5151.4;5242.3;5355.1;5466;5645.1;5790.9;5712;5584.8;5849.6;5932.8
15;Northern Africa (M49);Share in total final energy consumption (%);Renewables;"IEA (2024), World Energy Balances; Energy Balances, UN Statistics Division (2024)";15.5;15.7;15.3;15.3;16.4;16;16.1;15.8;15.6;15.3;15.1;14.7;14.3;14.2;15.1;13.7;13.5;12.3;11.6;11.5;11.1;11;10.4;10.3;10.2;10;9.8;9.6;9.7;10.3;10.7;10.4;10.5
15;Northern Africa (M49);Share in total final energy consumption (%);Modern renewables;"IEA (2024), World Energy Balances; Energy Balances, UN Statistics Division (2024)";4.8;4.9;4.8;4.8;5.1;4.9;5.3;5.3;5.3;5.1;4.9;4.8;4.5;4.6;4.9;4.5;4.7;4.3;4;4;4.1;4.1;3.9;4;3.9;3.9;3.8;3.8;3.9;4.3;4.5;4.4;4.5
15;Northern Africa (M49);Share in total final energy consumption (%);Municipal waste (renew);"IEA (2024), World Energy Balances; Energy Balances, UN Statistics Division (2024)";0;0;0;0;0;0;0;0;0;0;0;0;0;0;0;0;0;0;0;0;0;0;0;0;0;0;0;0;0;0;0;0;0
15;Northern Africa (M49);Share in total final energy consumption (%);Liquid biofuels;"IEA (2024), World Energy Balances; Energy Balances, UN Statistics Division (2024)";0;0;0;0;0;0;0;0;0;0;0;0;0;0;0;0;0;0;0;0;0;0;0;0;0;0;0;0;0;0;0;0;0
15;Northern Africa (M49);Share in total final energy consumption (%);Solid biofuels;"IEA (2024), World Energy Balances; Energy Balances, UN Statistics Division (2024)";13.9;14;13.7;13.7;14.7;14.4;14.3;14.1;13.9;13.5;13.5;13;12.9;12.7;13.7;12.4;12.2;10.9;10.4;10.2;9.6;9.4;8.9;8.6;8.5;8.4;8.2;8;7.9;8.1;8.4;8.1;8.2
15;Northern Africa (M49);Share in total final energy consumption (%);Biogases;"IEA (2024), World Energy Balances; Energy Balances, UN Statistics Division (2024)";0;0;0;0;0;0;0;0;0;0;0;0;0;0;0;0;0;0;0;0;0;0;0;0;0;0;0;0;0;0;0;0;0
15;Northern Africa (M49);Share in total final energy consumption (%);Hydro;"IEA (2024), World Energy Balances; Energy Balances, UN Statistics Division (2024)";1.7;1.7;1.6;1.6;1.7;1.6;1.7;1.7;1.7;1.8;1.6;1.6;1.4;1.5;1.4;1.2;1.2;1.3;1.2;1.3;1.4;1.4;1.3;1.4;1.4;1.3;1.2;1.2;1.2;1.3;1.3;1.3;1.3
15;Northern Africa (M49);Share in total final energy consumption (%);Geothermal;"IEA (2024), World Energy Balances; Energy Balances, UN Statistics Division (2024)";0;0;0;0;0;0;0;0;0;0;0;0;0;0;0;0;0;0;0;0;0;0;0;0;0;0;0;0;0;0;0;0;0
15;Northern Africa (M49);Share in total final energy consumption (%);Tide, wave and ocean;"IEA (2024), World Energy Balances; Energy Balances, UN Statistics Division (2024)";0;0;0;0;0;0;0;0;0;0;0;0;0;0;0;0;0;0;0;0;0;0;0;0;0;0;0;0;0;0;0;0;0
15;Northern Africa (M49);Share in total final energy consumption (%);Wind;"IEA (2024), World Energy Balances; Energy Balances, UN Statistics Division (2024)";0;0;0;0;0;0;0;0;0;0;0;0;0;0.1;0.1;0.1;0.1;0.1;0.1;0.1;0.1;0.1;0.1;0.2;0.2;0.3;0.3;0.3;0.4;0.5;0.5;0.5;0.6
15;Northern Africa (M49);Share in total final energy consumption (%);Solar;"IEA (2024), World Energy Balances; Energy Balances, UN Statistics Division (2024)";0;0;0;0;0;0;0;0;0;0;0;0;0;0;0;0;0;0;0;0;0;0;0;0;0.1;0.1;0.1;0.1;0.2;0.4;0.4;0.5;0.5
15;Northern Africa (M49);Final consumption of renewable energy (PJ) - Heat raising;Renewables;"IEA (2024), World Energy Balances; Energy Balances, UN Statistics Division (2024)";296.7;304.6;309.5;315.1;341.5;346.3;362;370.2;377.9;385.3;393.9;402.3;410.9;418.7;468.3;470.7;483.9;457.8;449.1;454.7;450;448.6;445.6;445.8;447.1;449.7;451.5;454.4;461.5;467.8;472.9;482.1;490.1
15;Northern Africa (M49);Final consumption of renewable energy (PJ) - Transport;Renewables;"IEA (2024), World Energy Balances; Energy Balances, UN Statistics Division (2024)";0.3;0.3;0.3;0.3;0.3;0.3;0.3;0.3;0.3;0.3;0.3;0.4;0.4;0.4;0.3;0.3;0.3;0.3;0.2;0.3;0.3;0.4;0.5;0.6;0.6;0.6;0.7;0.7;0.9;1.1;1;1.1;1.1
15;Northern Africa (M49);Final consumption of renewable energy (PJ) - Electricity consumption;Renewables;"IEA (2024), World Energy Balances; Energy Balances, UN Statistics Division (2024)";35.5;36.6;35.5;36.3;38.3;38.6;43.8;44.6;45.7;50.4;46.1;50.9;45.3;49.3;49;49.5;50;58.7;55.3;60.6;70.7;72.5;72.1;83.3;84.7;86.1;84;88.4;97.9;118;123.7;125.5;130.3
202;Sub-Saharan Africa (M49);Total final energy consumption (PJ);Total;"IEA (2024), World Energy Balances; Energy Balances, UN Statistics Division (2024)";7209;7322.6;7451.7;7532.5;7677.9;7972.1;8310.7;8622;8763.4;8940.6;8718.8;8909.9;9261.8;9682;10054.7;10405.5;10613.1;10769.2;11106.3;11381.3;11586.2;12096.7;12462.4;13133.8;13397.5;13521.7;13832.8;14148.3;14380.5;14589.5;14555.8;15312.4;15606.2
202;Sub-Saharan Africa (M49);Share in total final energy consumption (%);Renewables;"IEA (2024), World Energy Balances; Energy Balances, UN Statistics Division (2024)";63.7;64.3;64.9;65.7;66.7;66.1;65.1;64.4;65.3;65.9;64.5;64.4;64;63.1;62.5;62.4;62.6;62;61.8;62;62.8;62.2;60.8;59.8;59.6;60.1;60.2;60.1;59.4;60;62.5;61.1;61.1
202;Sub-Saharan Africa (M49);Share in total final energy consumption (%);Modern renewables;"IEA (2024), World Energy Balances; Energy Balances, UN Statistics Division (2024)";9.4;9.6;9.5;9.5;9.8;9.8;9.8;10.1;10.1;10;10.7;10.8;10.9;10.7;10.7;10.9;11.2;11.6;11.8;12;12.3;12.1;12.1;12;11.1;11.3;11.3;10.6;11.2;11.5;11.9;12.2;12.1
202;Sub-Saharan Africa (M49);Share in total final energy consumption (%);Municipal waste (renew);"IEA (2024), World Energy Balances; Energy Balances, UN Statistics Division (2024)";NaN;NaN;NaN;NaN;NaN;NaN;NaN;NaN;NaN;NaN;NaN;NaN;0;0;0;0;0;0;0;0;0;0;0;0;NaN;0;0;0;0;0;0;0;0
202;Sub-Saharan Africa (M49);Share in total final energy consumption (%);Liquid biofuels;"IEA (2024), World Energy Balances; Energy Balances, UN Statistics Division (2024)";NaN;NaN;NaN;NaN;NaN;NaN;NaN;NaN;NaN;NaN;NaN;NaN;NaN;NaN;NaN;NaN;NaN;NaN;0;0;0;0;0;0;0;0;0;0;0;0;0;0;0
202;Sub-Saharan Africa (M49);Share in total final energy consumption (%);Solid biofuels;"IEA (2024), World Energy Balances; Energy Balances, UN Statistics Division (2024)";61.9;62.4;63.2;64.1;65.1;64.4;63.4;62.7;63.6;64.1;62.4;62.2;61.9;61.1;60.4;60.3;60.5;59.8;59.7;59.9;60.6;60;58.6;57.7;57.3;57.8;57.8;57.6;56.7;57.2;59.6;58.1;58
202;Sub-Saharan Africa (M49);Share in total final energy consumption (%);Biogases;"IEA (2024), World Energy Balances; Energy Balances, UN Statistics Division (2024)";NaN;NaN;NaN;NaN;NaN;NaN;NaN;NaN;NaN;NaN;NaN;NaN;NaN;NaN;NaN;NaN;NaN;NaN;0;0;0;0;0;0;0;0;0;0;0;0;0;0;0
202;Sub-Saharan Africa (M49);Share in total final energy consumption (%);Hydro;"IEA (2024), World Energy Balances; Energy Balances, UN Statistics Division (2024)";1.8;1.9;1.7;1.7;1.6;1.6;1.7;1.7;1.7;1.8;2;2.1;2.2;2;2;2.1;2.1;2.1;2.1;2;2.2;2.1;2.2;2.1;2.1;2;2;2.1;2.3;2.3;2.4;2.4;2.5
202;Sub-Saharan Africa (M49);Share in total final energy consumption (%);Geothermal;"IEA (2024), World Energy Balances; Energy Balances, UN Statistics Division (2024)";0;0;0;0;0;0;0;0;0;0;0;0;0;0;0;0;0;0;0;0;0;0;0;0;0.1;0.1;0.1;0.1;0.1;0.1;0.1;0.1;0.1
202;Sub-Saharan Africa (M49);Share in total final energy consumption (%);Tide, wave and ocean;"IEA (2024), World Energy Balances; Energy Balances, UN Statistics Division (2024)";NaN;NaN;NaN;NaN;NaN;NaN;NaN;NaN;NaN;NaN;NaN;NaN;NaN;NaN;NaN;NaN;NaN;NaN;NaN;NaN;NaN;NaN;NaN;NaN;NaN;NaN;NaN;NaN;NaN;NaN;NaN;NaN;NaN
202;Sub-Saharan Africa (M49);Share in total final energy consumption (%);Wind;"IEA (2024), World Energy Balances; Energy Balances, UN Statistics Division (2024)";NaN;NaN;NaN;0;0;0;0;0;0;0;0;0;0;0;0;0;0;0;0;0;0;0;0;0;0;0.1;0.1;0.1;0.2;0.2;0.2;0.2;0.2
202;Sub-Saharan Africa (M49);Share in total final energy consumption (%);Solar;"IEA (2024), World Energy Balances; Energy Balances, UN Statistics Division (2024)";0;0;0;0;0;0;0;0;0;0;0;0;0;0;0;0;0;0;0;0;0;0;0;0;0.1;0.1;0.1;0.1;0.2;0.2;0.2;0.2;0.2
202;Sub-Saharan Africa (M49);Final consumption of renewable energy (PJ) - Heat raising;Renewables;"IEA (2024), World Energy Balances; Energy Balances, UN Statistics Division (2024)";4458;4564.3;4705.7;4823.1;4994.8;5135.2;5262.8;5402.1;5568.4;5725.5;5439.3;5541.9;5724.8;5907.1;6073.3;6273.9;6410.8;6440.2;6626.3;6816.6;7014.9;7261.1;7297;7573.9;7678.5;7816.7;7993;8141.9;8147;8347.1;8672.7;8890.2;9052.1
202;Sub-Saharan Africa (M49);Final consumption of renewable energy (PJ) - Transport;Renewables;"IEA (2024), World Energy Balances; Energy Balances, UN Statistics Division (2024)";2.8;2.8;3.3;2.8;2.9;2.9;2.8;2.9;3.1;3.2;4;4.4;4.9;4.1;4.7;4.2;2.6;5;2.8;3;3.1;3.3;3.7;4.4;5.2;5.1;5;5.6;5.7;5.9;5.1;5.7;5.3
202;Sub-Saharan Africa (M49);Final consumption of renewable energy (PJ) - Electricity consumption;Renewables;"IEA (2024), World Energy Balances; Energy Balances, UN Statistics Division (2024)";128.5;140.5;126.7;125.4;125.1;131.8;146.1;150;154.8;163.3;177.7;187.7;201.5;195.9;207.1;218.2;229.9;229.6;237.5;238.9;257.4;265;276.7;281.1;299.1;304.5;322.9;350;388.4;403.1;425.4;454.1;485.5
9;Oceania (M49);Total final energy consumption (PJ);Total;"IEA (2024), World Energy Balances; Energy Balances, UN Statistics Division (2024)";2720.3;2711.4;2752.5;2841.9;2919.8;3009.3;3098;3164.6;3196.7;3258.5;3356.4;3394.5;3437.1;3441.3;3515.6;3489;3522.2;3619.7;3654.5;3640;3702.3;3775.9;3804.2;3862.3;3884.9;3879.1;3892;3928.1;3976.4;3964;3813.4;3823.8;3853.7
9;Oceania (M49);Share in total final energy consumption (%);Renewables;"IEA (2024), World Energy Balances; Energy Balances, UN Statistics Division (2024)";13;13.2;12.3;13.3;13.3;13.2;13.4;13.2;12.9;12.8;12.7;12.2;13;11.5;11.4;11.2;11.3;11.3;11;11.5;12.4;12.5;12.3;13.2;13.4;13.5;13.7;13.8;13.7;14.1;14.8;15.9;17
9;Oceania (M49);Share in total final energy consumption (%);Modern renewables;"IEA (2024), World Energy Balances; Energy Balances, UN Statistics Division (2024)";10.9;11.1;10.3;11.4;11.3;11.3;11.6;11.4;11.1;11;10.9;10.6;11.3;9.9;9.8;9.5;9.7;9.7;9.4;9.9;10.8;11;10.8;11.7;11.9;12.1;12.2;12.3;12.3;12.6;13.3;14.4;15.6
9;Oceania (M49);Share in total final energy consumption (%);Municipal waste (renew);"IEA (2024), World Energy Balances; Energy Balances, UN Statistics Division (2024)";0;0;0;0;0;0;0;0;0;0;0;0;0;0;0;0;0;0;0;0;0;0;0;0;0;0;0;0;0;0;0;0;0
9;Oceania (M49);Share in total final energy consumption (%);Liquid biofuels;"IEA (2024), World Energy Balances; Energy Balances, UN Statistics Division (2024)";0;0;0;0;0;0;0;0;0;0;0;0;0;0.1;0;0;0.1;0.1;0.2;0.2;0.2;0.3;0.3;0.3;0.3;0.3;0.2;0.1;0.1;0.1;0.1;0.1;0.1
9;Oceania (M49);Share in total final energy consumption (%);Solid biofuels;"IEA (2024), World Energy Balances; Energy Balances, UN Statistics Division (2024)";8;8;7.5;8.3;8;8;8.5;8.6;8.2;8.2;8.1;8;8.4;7;6.7;6.8;6.7;6.6;6.5;6.5;7.1;6.7;6.7;7;6.8;7.1;7;7.1;6.7;6.5;6.5;6.6;6.6
9;Oceania (M49);Share in total final energy consumption (%);Biogases;"IEA (2024), World Energy Balances; Energy Balances, UN Statistics Division (2024)";0;0;0;0;0;0;0;0;0.1;0.1;0.1;0.1;0.1;0.1;0.1;0.1;0.1;0.1;0.1;0.1;0.1;0.1;0.2;0.2;0.2;0.2;0.2;0.2;0.2;0.2;0.2;0.2;0.2
9;Oceania (M49);Share in total final energy consumption (%);Hydro;"IEA (2024), World Energy Balances; Energy Balances, UN Statistics Division (2024)";4.3;4.5;4.1;4.4;4.6;4.5;4.3;4;4;3.8;3.8;3.5;3.8;3.7;3.9;3.5;3.5;3.3;3;3.2;3.3;3.6;3.1;3.5;3.5;3.2;3.4;3.3;3.3;3.3;3.2;3.2;3.5
9;Oceania (M49);Share in total final energy consumption (%);Geothermal;"IEA (2024), World Energy Balances; Energy Balances, UN Statistics Division (2024)";0.5;0.5;0.5;0.5;0.5;0.5;0.5;0.5;0.5;0.5;0.5;0.5;0.5;0.5;0.5;0.6;0.6;0.6;0.6;0.7;0.8;0.8;0.8;0.8;0.8;0.9;0.9;0.9;0.8;0.8;0.9;0.9;0.9
9;Oceania (M49);Share in total final energy consumption (%);Tide, wave and ocean;"IEA (2024), World Energy Balances; Energy Balances, UN Statistics Division (2024)";0;0;0;0;0;0;0;0;0;0;0;0;0;0;0;0;0;0;0;0;0;0;0;0;0;0;0;0;0;0;0;0;0
9;Oceania (M49);Share in total final energy consumption (%);Wind;"IEA (2024), World Energy Balances; Energy Balances, UN Statistics Division (2024)";0;0;0;0;0;0;0;0;0;0;0;0;0;0.1;0.1;0.1;0.2;0.3;0.3;0.5;0.6;0.7;0.7;0.8;1;1.1;1.1;1.1;1.3;1.5;1.8;2.1;2.5
9;Oceania (M49);Share in total final energy consumption (%);Solar;"IEA (2024), World Energy Balances; Energy Balances, UN Statistics Division (2024)";0.1;0.1;0.1;0.1;0.1;0.1;0.1;0.1;0.1;0.1;0.1;0.1;0.1;0.1;0.1;0.1;0.1;0.2;0.2;0.3;0.3;0.4;0.5;0.6;0.7;0.8;0.9;1.1;1.2;1.6;2.2;2.7;3.3
9;Oceania (M49);Final consumption of renewable energy (PJ) - Heat raising;Renewables;"IEA (2024), World Energy Balances; Energy Balances, UN Statistics Division (2024)";223.9;222.7;212.7;241.9;241.8;248.1;272.1;278.5;269.8;276.3;280.3;281.1;297.7;249.3;243.5;238.4;238.4;244.3;240.8;248.5;276.1;271.3;272.2;288.9;282;292.9;290.7;297.5;286.3;277.9;267.6;276.4;280.9
9;Oceania (M49);Final consumption of renewable energy (PJ) - Transport;Renewables;"IEA (2024), World Energy Balances; Energy Balances, UN Statistics Division (2024)";1.5;1.5;1.5;1.6;1.6;1.7;1.6;1.6;1.6;1.6;1.6;1.5;1.4;4.1;3.3;3;4.5;7.2;9.4;11.1;9.7;12.5;12.9;14;14.8;15.3;12.3;9.7;10.9;12.1;11.7;11.9;13.6
9;Oceania (M49);Final consumption of renewable energy (PJ) - Electricity consumption;Renewables;"IEA (2024), World Energy Balances; Energy Balances, UN Statistics Division (2024)";128;132.6;124.2;135.7;143.6;146.8;142.8;138;141.3;138.6;142.8;132.8;146;142.9;153.3;148.3;154.6;155.9;151;158.5;171.9;189.6;184;205.8;222.6;217;229.8;233.1;247.7;267.5;285.6;318;361.6
543;Oceania (M49) excluding Australia and New Zealand (M49);Total final energy consumption (PJ);Total;"IEA (2024), World Energy Balances; Energy Balances, UN Statistics Division (2024)";143.8;144.3;154.5;157.2;165.9;163.7;168.9;163.9;163.6;169.2;173.6;178.1;179.4;186.5;194.1;191.1;192.6;196.9;189.3;190.4;199.4;201.7;199.7;212.7;220.8;228;228.4;232.6;236.7;239.8;232.7;227.8;236.2
543;Oceania (M49) excluding Australia and New Zealand (M49);Share in total final energy consumption (%);Renewables;"IEA (2024), World Energy Balances; Energy Balances, UN Statistics Division (2024)";52.7;52;49.2;48.6;48.2;47.9;46.9;46.5;45.8;47.4;45.3;42.9;43.1;40.9;39.3;39.7;39.7;38.7;40.1;39.3;36.9;37;37.3;38.5;37.3;36.4;35.5;35.5;34.4;34.7;35.6;36.7;35.9
543;Oceania (M49) excluding Australia and New Zealand (M49);Share in total final energy consumption (%);Modern renewables;"IEA (2024), World Energy Balances; Energy Balances, UN Statistics Division (2024)";14;13.4;13;12.9;14.3;13.5;13.5;12;11.1;13.7;12.4;10.9;11.3;10.3;9.9;9.8;10.1;9.7;10.1;9.4;8.4;8.8;8.8;11.7;11.5;11.4;10.6;11;10.4;10.9;11.1;11.7;11.9
543;Oceania (M49) excluding Australia and New Zealand (M49);Share in total final energy consumption (%);Municipal waste (renew);"IEA (2024), World Energy Balances; Energy Balances, UN Statistics Division (2024)";0;0;0;0;0;0;0;0;0;0;0;0;0;0;0;0;0;0;0;0;0;0;0;0;0;0;0;0;0;0;0;0;0
543;Oceania (M49) excluding Australia and New Zealand (M49);Share in total final energy consumption (%);Liquid biofuels;"IEA (2024), World Energy Balances; Energy Balances, UN Statistics Division (2024)";0;0;0;0;0;0;0;0;0;0;0;0;0;0;0;0;0;0;0;0;0;0;0;0;0;0;0;0;0;0;0;0;0
543;Oceania (M49) excluding Australia and New Zealand (M49);Share in total final energy consumption (%);Solid biofuels;"IEA (2024), World Energy Balances; Energy Balances, UN Statistics Division (2024)";49.5;49.1;46.6;46.1;45;44.6;43.3;43.2;42;42.8;41.2;39.3;39.6;37.7;36.3;36.5;36.4;34.7;35.7;35;33;33.1;33.1;34.5;33.8;32.9;32;31.8;31;30.9;31.7;32.6;31.8
543;Oceania (M49) excluding Australia and New Zealand (M49);Share in total final energy consumption (%);Biogases;"IEA (2024), World Energy Balances; Energy Balances, UN Statistics Division (2024)";0;0;0;0;0;0;0;0;0;0;0;0;0;0;0;0;0;0;0;0;0;0;0;0;0;0;0;0;0;0;0;0;0
543;Oceania (M49) excluding Australia and New Zealand (M49);Share in total final energy consumption (%);Hydro;"IEA (2024), World Energy Balances; Energy Balances, UN Statistics Division (2024)";3.2;2.9;2.6;2.5;3.2;3.3;3.6;3.3;3.8;4;3.8;3.6;3.5;3.1;2.9;2.9;2.9;3.4;3.6;3.5;3.1;3.2;3.4;3.3;2.8;2.8;2.8;3;2.7;3;3;3.1;3.1
543;Oceania (M49) excluding Australia and New Zealand (M49);Share in total final energy consumption (%);Geothermal;"IEA (2024), World Energy Balances; Energy Balances, UN Statistics Division (2024)";0;0;0;0;0;0;0;0;0;0;0;0;0;0.1;0.1;0.2;0.4;0.5;0.6;0.7;0.6;0.5;0.5;0.4;0.4;0.3;0.3;0.2;0.2;0.1;0.1;0.1;0.1
543;Oceania (M49) excluding Australia and New Zealand (M49);Share in total final energy consumption (%);Tide, wave and ocean;"IEA (2024), World Energy Balances; Energy Balances, UN Statistics Division (2024)";0;0;0;0;0;0;0;0;0;0;0;0;0;0;0;0;0;0;0;0;0;0;0;0;0;0;0;0;0;0;0;0;0
543;Oceania (M49) excluding Australia and New Zealand (M49);Share in total final energy consumption (%);Wind;"IEA (2024), World Energy Balances; Energy Balances, UN Statistics Division (2024)";0;0;0;0;0;0;0;0;0;0.7;0.4;0;0;0;0;0;0;0.1;0.1;0.1;0.1;0.1;0.1;0.1;0.1;0.1;0.1;0.1;0.1;0.1;0.1;0.1;0.1
543;Oceania (M49) excluding Australia and New Zealand (M49);Share in total final energy consumption (%);Solar;"IEA (2024), World Energy Balances; Energy Balances, UN Statistics Division (2024)";0;0;0;0;0;0;0;0;0;0;0;0;0;0;0;0;0;0;0.1;0.1;0.1;0.1;0.1;0.1;0.2;0.2;0.3;0.4;0.4;0.5;0.6;0.7;0.7
543;Oceania (M49) excluding Australia and New Zealand (M49);Final consumption of renewable energy (PJ) - Heat raising;Renewables;"IEA (2024), World Energy Balances; Energy Balances, UN Statistics Division (2024)";70.9;70.7;71.8;72.3;74.4;72.7;72.8;70.5;68.4;72.1;71.3;69.8;70.9;70.1;70.3;69.6;70;68.2;67.7;66.7;66;66.8;66.3;73.5;74.8;75.1;73.2;74.1;73.6;74.2;74;74.4;75.3
543;Oceania (M49) excluding Australia and New Zealand (M49);Final consumption of renewable energy (PJ) - Transport;Renewables;"IEA (2024), World Energy Balances; Energy Balances, UN Statistics Division (2024)";0;0;0;0;0;0;0;0;0;0;0;0;0;0;0;0;0;0;0;0;0;0;0;0;0;0;0;0;0;0;0;0;0
543;Oceania (M49) excluding Australia and New Zealand (M49);Final consumption of renewable energy (PJ) - Electricity consumption;Renewables;"IEA (2024), World Energy Balances; Energy Balances, UN Statistics Division (2024)";4.8;4.4;4.2;4.1;5.6;5.8;6.4;5.7;6.4;8.1;7.4;6.6;6.5;6.2;6;6.2;6.6;7.9;8.3;8.2;7.6;7.9;8.2;8.4;7.6;7.9;8;8.4;7.9;8.9;8.8;9.1;9.5
53;Australia and New Zealand (M49);Total final energy consumption (PJ);Total;"IEA (2024), World Energy Balances; Energy Balances, UN Statistics Division (2024)";2576.6;2567;2598;2684.7;2753.9;2845.6;2929.1;3000.8;3033.1;3089.3;3182.8;3216.4;3257.7;3254.7;3321.6;3298;3329.6;3422.7;3465.2;3449.6;3502.9;3574.1;3604.5;3649.6;3664.1;3651.1;3663.6;3695.6;3739.7;3724.2;3580.7;3595.9;3617.4
53;Australia and New Zealand (M49);Share in total final energy consumption (%);Renewables;"IEA (2024), World Energy Balances; Energy Balances, UN Statistics Division (2024)";10.8;11;10.1;11.3;11.2;11.2;11.5;11.4;11.1;10.9;10.9;10.5;11.3;9.8;9.7;9.5;9.6;9.7;9.4;10;11;11.2;10.9;11.7;11.9;12.1;12.3;12.4;12.4;12.7;13.5;14.5;15.8
53;Australia and New Zealand (M49);Share in total final energy consumption (%);Modern renewables;"IEA (2024), World Energy Balances; Energy Balances, UN Statistics Division (2024)";10.8;11;10.1;11.3;11.2;11.2;11.5;11.4;11.1;10.9;10.9;10.5;11.3;9.8;9.7;9.5;9.6;9.7;9.4;10;11;11.2;10.9;11.7;11.9;12.1;12.3;12.4;12.4;12.7;13.5;14.5;15.8
53;Australia and New Zealand (M49);Share in total final energy consumption (%);Municipal waste (renew);"IEA (2024), World Energy Balances; Energy Balances, UN Statistics Division (2024)";0;0;0;0;0;0;0;0;0;0;0;0;0;0;0;0;0;0;0;0;0;0;0;0;0;0;0;0;0;0;0;0;0
53;Australia and New Zealand (M49);Share in total final energy consumption (%);Liquid biofuels;"IEA (2024), World Energy Balances; Energy Balances, UN Statistics Division (2024)";0;0;0;0;0;0;0;0;0;0;0;0;0;0.1;0;0;0.1;0.1;0.2;0.2;0.2;0.3;0.3;0.3;0.3;0.3;0.2;0.1;0.1;0.1;0.1;0.1;0.1
53;Australia and New Zealand (M49);Share in total final energy consumption (%);Solid biofuels;"IEA (2024), World Energy Balances; Energy Balances, UN Statistics Division (2024)";5.7;5.7;5.1;6;5.8;5.9;6.5;6.7;6.4;6.4;6.3;6.3;6.7;5.2;5;5;5;5;4.9;4.9;5.6;5.2;5.2;5.4;5.2;5.5;5.5;5.6;5.2;4.9;4.8;5;5
53;Australia and New Zealand (M49);Share in total final energy consumption (%);Biogases;"IEA (2024), World Energy Balances; Energy Balances, UN Statistics Division (2024)";0;0;0;0;0;0;0;0;0.1;0.1;0.1;0.1;0.1;0.1;0.1;0.1;0.1;0.1;0.1;0.1;0.1;0.1;0.2;0.2;0.2;0.2;0.2;0.2;0.2;0.2;0.2;0.2;0.2
53;Australia and New Zealand (M49);Share in total final energy consumption (%);Hydro;"IEA (2024), World Energy Balances; Energy Balances, UN Statistics Division (2024)";4.4;4.6;4.2;4.5;4.7;4.6;4.3;4;4.1;3.8;3.8;3.5;3.8;3.7;3.9;3.5;3.6;3.4;3;3.2;3.3;3.6;3.1;3.5;3.6;3.2;3.4;3.3;3.4;3.3;3.2;3.2;3.5
53;Australia and New Zealand (M49);Share in total final energy consumption (%);Geothermal;"IEA (2024), World Energy Balances; Energy Balances, UN Statistics Division (2024)";0.6;0.6;0.6;0.6;0.5;0.5;0.5;0.5;0.5;0.5;0.5;0.5;0.5;0.5;0.5;0.6;0.6;0.6;0.6;0.7;0.8;0.8;0.8;0.8;0.9;0.9;0.9;0.9;0.9;0.9;0.9;0.9;0.9
53;Australia and New Zealand (M49);Share in total final energy consumption (%);Tide, wave and ocean;"IEA (2024), World Energy Balances; Energy Balances, UN Statistics Division (2024)";0;0;0;0;0;0;0;0;0;0;0;0;0;0;0;0;0;0;0;0;0;0;0;0;0;0;0;0;0;0;0;0;0
53;Australia and New Zealand (M49);Share in total final energy consumption (%);Wind;"IEA (2024), World Energy Balances; Energy Balances, UN Statistics Division (2024)";0;0;0;0;0;0;0;0;0;0;0;0;0;0.1;0.1;0.1;0.2;0.3;0.4;0.5;0.6;0.7;0.8;0.8;1;1.2;1.2;1.2;1.4;1.6;1.9;2.2;2.6
53;Australia and New Zealand (M49);Share in total final energy consumption (%);Solar;"IEA (2024), World Energy Balances; Energy Balances, UN Statistics Division (2024)";0.1;0.1;0.1;0.1;0.1;0.1;0.1;0.1;0.1;0.1;0.1;0.1;0.1;0.1;0.1;0.1;0.1;0.2;0.2;0.3;0.3;0.5;0.6;0.7;0.7;0.8;0.9;1.1;1.3;1.7;2.3;2.9;3.5
53;Australia and New Zealand (M49);Final consumption of renewable energy (PJ) - Heat raising;Renewables;"IEA (2024), World Energy Balances; Energy Balances, UN Statistics Division (2024)";153;152;140.9;169.6;167.4;175.4;199.2;208;201.4;204.2;209;211.3;226.9;179.3;173.2;168.7;168.5;176;173.1;181.9;210.2;204.5;205.9;215.4;207.2;217.8;217.5;223.4;212.7;203.6;193.6;202;205.6
53;Australia and New Zealand (M49);Final consumption of renewable energy (PJ) - Transport;Renewables;"IEA (2024), World Energy Balances; Energy Balances, UN Statistics Division (2024)";1.5;1.5;1.5;1.6;1.6;1.7;1.6;1.6;1.6;1.5;1.6;1.5;1.4;4.1;3.3;3;4.5;7.1;9.3;11;9.7;12.5;12.9;14;14.8;15.3;12.3;9.7;11;12.1;11.8;12;13.8
53;Australia and New Zealand (M49);Final consumption of renewable energy (PJ) - Electricity consumption;Renewables;"IEA (2024), World Energy Balances; Energy Balances, UN Statistics Division (2024)";123.3;128.3;120;131.6;138.1;141.1;136.5;132.4;135;130.8;135.6;126.4;139.6;136.8;147.3;142.1;148.2;148.2;142.9;150.5;164.4;181.7;175.9;197.4;215;209;221.6;224.5;239.4;258.2;276.3;308.4;351.3
199;Least Developed Countries (LDCs);Total final energy consumption (PJ);Total;"IEA (2024), World Energy Balances; Energy Balances, UN Statistics Division (2024)";4593.7;4659.4;4794.9;4869.3;5107.1;5408.7;5535.8;5722.9;5898.3;6101.2;6207.2;6423.9;6656;6984.7;7187.8;7433.5;7692.6;7836.3;8098.5;8438.2;8750.2;9103.3;9176.2;9629.8;10015.2;10246.8;10643.9;10978.6;11203.2;11571;11764.6;12178;12446.8
199;Least Developed Countries (LDCs);Share in total final energy consumption (%);Renewables;"IEA (2024), World Energy Balances; Energy Balances, UN Statistics Division (2024)";85.5;85.9;86.1;86.5;86.2;85.1;84.7;84.1;84.3;84;83.7;82.9;82.5;81.2;80.8;80.6;79.9;78.7;77.9;76.8;75.8;75.2;73.9;73.3;72.8;72.7;71.5;70.4;69.3;68.6;70.1;69.1;69.1
199;Least Developed Countries (LDCs);Share in total final energy consumption (%);Modern renewables;"IEA (2024), World Energy Balances; Energy Balances, UN Statistics Division (2024)";9.1;9.2;9.2;9.3;9.9;9.9;10.2;10.7;10.8;10.5;10.2;10.4;10.4;10.4;10.5;10.6;10.8;10.9;10.8;10.9;10.8;11;11.1;11.2;11.3;11.4;11.3;10.2;11;11.2;11.6;12.5;12.5
199;Least Developed Countries (LDCs);Share in total final energy consumption (%);Municipal waste (renew);"IEA (2024), World Energy Balances; Energy Balances, UN Statistics Division (2024)";NaN;NaN;NaN;NaN;NaN;NaN;NaN;NaN;NaN;NaN;NaN;NaN;0;0;0;0;0;0;0;0;0;0;0;0;0;0;0;0;0;0;0;0;0
199;Least Developed Countries (LDCs);Share in total final energy consumption (%);Liquid biofuels;"IEA (2024), World Energy Balances; Energy Balances, UN Statistics Division (2024)";NaN;NaN;NaN;NaN;NaN;NaN;NaN;NaN;NaN;NaN;NaN;NaN;NaN;NaN;NaN;NaN;NaN;NaN;0;0;0;0;0;0;0;0;0;0;0;0;0;0;0
199;Least Developed Countries (LDCs);Share in total final energy consumption (%);Solid biofuels;"IEA (2024), World Energy Balances; Energy Balances, UN Statistics Division (2024)";84.1;84.5;84.7;85.1;84.9;83.8;83.4;82.8;82.9;82.6;82.1;81.1;80.6;79.3;78.8;78.6;77.8;76.5;75.8;74.6;73.2;72.5;70.9;70.2;69.5;69.6;68.3;67.2;65.7;65;66.3;65.2;64.9
199;Least Developed Countries (LDCs);Share in total final energy consumption (%);Biogases;"IEA (2024), World Energy Balances; Energy Balances, UN Statistics Division (2024)";0;0;0;0;0;0;0;0;0;0;0;0;0;0;0;0;0;0;0;0;0;0;0.1;0.1;0.1;0.1;0.1;0.1;0.1;0.1;0.1;0.1;0.1
199;Least Developed Countries (LDCs);Share in total final energy consumption (%);Hydro;"IEA (2024), World Energy Balances; Energy Balances, UN Statistics Division (2024)";1.4;1.4;1.4;1.4;1.4;1.3;1.3;1.3;1.4;1.4;1.7;1.8;1.8;1.8;1.9;2;2.1;2.2;2.1;2.2;2.5;2.7;2.9;2.9;3;3;3;3.1;3.4;3.4;3.6;3.7;4
199;Least Developed Countries (LDCs);Share in total final energy consumption (%);Geothermal;"IEA (2024), World Energy Balances; Energy Balances, UN Statistics Division (2024)";NaN;NaN;NaN;NaN;NaN;NaN;NaN;NaN;0;0;0;0;NaN;NaN;NaN;NaN;NaN;NaN;0;0;0;0;0;0;0;0;0;0;0;0;0;0;0
199;Least Developed Countries (LDCs);Share in total final energy consumption (%);Tide, wave and ocean;"IEA (2024), World Energy Balances; Energy Balances, UN Statistics Division (2024)";NaN;NaN;NaN;NaN;NaN;NaN;NaN;NaN;NaN;NaN;NaN;NaN;NaN;NaN;NaN;NaN;NaN;NaN;NaN;NaN;NaN;NaN;0;0;0;0;0;0;0;0;0;0;0
199;Least Developed Countries (LDCs);Share in total final energy consumption (%);Wind;"IEA (2024), World Energy Balances; Energy Balances, UN Statistics Division (2024)";NaN;NaN;NaN;NaN;NaN;NaN;NaN;NaN;NaN;NaN;NaN;NaN;NaN;NaN;NaN;NaN;NaN;0;0;0;0;0;0;0;0;0;0;0;0;0;0;0;0
199;Least Developed Countries (LDCs);Share in total final energy consumption (%);Solar;"IEA (2024), World Energy Balances; Energy Balances, UN Statistics Division (2024)";NaN;NaN;NaN;NaN;NaN;NaN;NaN;NaN;NaN;NaN;0;0;0;0;0;0;0;0;0;0;0;0;0;0;0.1;0.1;0.1;0.1;0.1;0.1;0.1;0.1;0.2
199;Least Developed Countries (LDCs);Final consumption of renewable energy (PJ) - Heat raising;Renewables;"IEA (2024), World Energy Balances; Energy Balances, UN Statistics Division (2024)";3863.1;3936;4059.6;4142.9;4334.4;4532.9;4616.7;4741.3;4891;5038.9;5094.3;5208.7;5367.9;5541.4;5668.1;5840.6;5987.6;5997.8;6136.6;6295.2;6409.2;6599.7;6514.9;6772.4;6977.5;7141.8;7285.1;7384.2;7371.7;7536.4;7813.5;7955.3;8087.5
199;Least Developed Countries (LDCs);Final consumption of renewable energy (PJ) - Transport;Renewables;"IEA (2024), World Energy Balances; Energy Balances, UN Statistics Division (2024)";0;0;0;0.1;0;0;0;0;0;0;0.1;0.1;0.1;0.1;0;0;0;0.1;0.1;0.2;0.2;0.2;0.5;0.5;0.5;0.7;0.6;0.7;0.8;0.7;0.6;1.6;2.1
199;Least Developed Countries (LDCs);Final consumption of renewable energy (PJ) - Electricity consumption;Renewables;"IEA (2024), World Energy Balances; Energy Balances, UN Statistics Division (2024)";63.7;64.7;66.4;70.4;70.2;71;73.6;73.7;82.6;88.3;103.3;116.4;123.6;129.7;139.7;149.6;161.9;170.9;173.9;189.1;223.5;247.2;265.7;287.4;309.8;310.6;329.4;348.4;390.3;404.9;433.1;463.7;510.7
722;Small island developing States (SIDS);Total final energy consumption (PJ);Total;"IEA (2024), World Energy Balances; Energy Balances, UN Statistics Division (2024)";1359.8;1251.7;1201;1117.1;1180.3;1200.2;1272.2;1344.9;1353;1424.5;1535.9;1562.6;1517;1508.6;1545.6;1582.2;1640.7;1682.4;1622;1642.4;1727.4;1749.3;1778.7;1812.7;1815.6;1887.7;1863.3;1895.7;1920.4;1940.5;1838.5;1917.2;1940.5
722;Small island developing States (SIDS);Share in total final energy consumption (%);Renewables;"IEA (2024), World Energy Balances; Energy Balances, UN Statistics Division (2024)";34.6;34.8;35.3;33.4;31.8;29.9;29.7;27.9;27.1;26.4;25.1;24.5;23.8;23;22.7;20.6;19.3;18.4;18.8;18.6;17.4;18.1;18.3;18.1;18.3;17.8;17.6;18.3;18.4;17.7;18.6;17.6;16.6
722;Small island developing States (SIDS);Share in total final energy consumption (%);Modern renewables;"IEA (2024), World Energy Balances; Energy Balances, UN Statistics Division (2024)";22.4;22;21.9;18.9;18;16.3;16.7;15.4;14.2;14;13.4;13;11.8;11;10.9;8.9;7.9;7.1;6.9;6.8;5.9;6.7;6.9;6.9;7.2;6.9;6.5;7.4;7.5;6.9;7.5;6.8;6
722;Small island developing States (SIDS);Share in total final energy consumption (%);Municipal waste (renew);"IEA (2024), World Energy Balances; Energy Balances, UN Statistics Division (2024)";0;0.1;0.1;0.1;0.1;0.1;0.1;0.1;0.1;0.1;0;0.1;0.1;0.1;0.1;0.1;0.1;0.1;0.1;0.1;0.1;0.1;0.1;0.1;0.1;0.1;0.1;0.1;0.1;0.1;0.1;0.1;0.1
722;Small island developing States (SIDS);Share in total final energy consumption (%);Liquid biofuels;"IEA (2024), World Energy Balances; Energy Balances, UN Statistics Division (2024)";3.9;4.3;3.6;3.1;2.9;3;2.8;2.8;2.8;2.5;2.4;2.2;2.2;2.2;2.1;1.9;1.3;0.7;0.7;0.6;0.6;0.6;0.7;0.6;0.6;0.6;0.6;0.6;0.6;0.5;0.6;0.5;0.5
722;Small island developing States (SIDS);Share in total final energy consumption (%);Solid biofuels;"IEA (2024), World Energy Balances; Energy Balances, UN Statistics Division (2024)";30;29.8;31;29.4;28.2;26.1;26;24.4;23.4;22.8;21.7;21.3;20.6;19.7;19.5;17.4;16.8;16.5;16.7;16.6;15.5;16.2;16.3;16;16.4;16;15.7;16.2;16.3;15.5;16.2;15.1;14.2
722;Small island developing States (SIDS);Share in total final energy consumption (%);Biogases;"IEA (2024), World Energy Balances; Energy Balances, UN Statistics Division (2024)";NaN;NaN;NaN;NaN;NaN;NaN;NaN;NaN;NaN;NaN;0;0;0;0;0;0;0;0;0;0;0;0;0;0;0;0;0;0;0;0;0;0;0
722;Small island developing States (SIDS);Share in total final energy consumption (%);Hydro;"IEA (2024), World Energy Balances; Energy Balances, UN Statistics Division (2024)";0.6;0.7;0.7;0.8;0.7;0.8;0.8;0.7;0.8;0.9;1;0.9;1;1;1;1.1;1;1.1;1.1;1.1;1;1;1;1;0.8;0.7;0.9;1;0.9;0.8;0.9;1;0.9
722;Small island developing States (SIDS);Share in total final energy consumption (%);Geothermal;"IEA (2024), World Energy Balances; Energy Balances, UN Statistics Division (2024)";NaN;NaN;NaN;NaN;NaN;NaN;NaN;NaN;NaN;NaN;0;0;0;0;0;0;0;0.1;0.1;0.1;0.1;0.1;0.1;0;0;0;0;0;0;0;0;0;0
722;Small island developing States (SIDS);Share in total final energy consumption (%);Tide, wave and ocean;"IEA (2024), World Energy Balances; Energy Balances, UN Statistics Division (2024)";NaN;NaN;NaN;NaN;NaN;NaN;NaN;NaN;NaN;NaN;0;0;0;0;0;0;0;0;0;0;0;0;0;0;0;0;0;0;0;0;0;0;0
722;Small island developing States (SIDS);Share in total final energy consumption (%);Wind;"IEA (2024), World Energy Balances; Energy Balances, UN Statistics Division (2024)";NaN;NaN;NaN;0;0;0;0;0;0;0.1;0;0;0;0;0;0;0;0;0;0;0.1;0.1;0.1;0.2;0.2;0.2;0.2;0.2;0.3;0.3;0.4;0.4;0.4
722;Small island developing States (SIDS);Share in total final energy consumption (%);Solar;"IEA (2024), World Energy Balances; Energy Balances, UN Statistics Division (2024)";NaN;NaN;NaN;NaN;NaN;NaN;NaN;NaN;0;0;0;0;0;0;0;0;0;0;0;0;0;0;0;0.1;0.1;0.1;0.2;0.2;0.2;0.3;0.4;0.5;0.5
722;Small island developing States (SIDS);Final consumption of renewable energy (PJ) - Heat raising;Renewables;"IEA (2024), World Energy Balances; Energy Balances, UN Statistics Division (2024)";455.9;421.6;410.4;359.3;362.7;346.2;361.9;361.5;350.6;356.1;364.7;362.7;340.4;326;329.2;303.2;293.8;285.3;278.9;280.1;275.3;291.2;296.9;296.2;304.1;307.5;297;311.6;317.3;305.6;302.8;293.6;279
722;Small island developing States (SIDS);Final consumption of renewable energy (PJ) - Transport;Renewables;"IEA (2024), World Energy Balances; Energy Balances, UN Statistics Division (2024)";0.1;0.1;0.1;0.1;0;0;0.1;0.1;0.1;0.1;0.1;0.1;0.1;0.1;0.1;0.3;0.3;0.3;0.4;0.4;0.7;0.7;2;2.1;1.9;1.8;2;2.2;2.3;2.4;2.3;2.4;2.5
722;Small island developing States (SIDS);Final consumption of renewable energy (PJ) - Electricity consumption;Renewables;"IEA (2024), World Energy Balances; Energy Balances, UN Statistics Division (2024)";14.3;13.8;14;13.6;12.6;13.1;15.6;14;15.8;19.4;20.9;20.3;21;21.3;21.8;22.1;22.9;24.1;24.9;24.8;24.1;24.7;26.8;29;25.7;25.8;29.3;33.6;33.9;34.9;37.4;40.6;41.1
432;Landlocked developing countries (LLDCs);Total final energy consumption (PJ);Total;"IEA (2024), World Energy Balances; Energy Balances, UN Statistics Division (2024)";8649.4;8613;8016.8;7418.6;6921.3;6873.2;6516.9;6404.7;6712.9;6736.8;6343.9;6429.9;6571.2;6812.7;7024.5;7325.9;7552.2;8043.6;8405.2;8008.7;8598.8;9162;8993.4;9131.7;9151.5;9184.8;9512.8;9812.2;10141.3;10220.2;10601.8;11269.5;11375.1
432;Landlocked developing countries (LLDCs);Share in total final energy consumption (%);Renewables;"IEA (2024), World Energy Balances; Energy Balances, UN Statistics Division (2024)";25.8;26.6;29.2;32.3;35.3;36.6;39.3;41;39.8;40.9;41.1;41.5;41.9;41.8;41.3;41.4;41.1;39.8;38.6;41.5;40.5;39;40.5;41.3;42.2;43.2;42.9;42.7;42.1;42.3;42.1;40.1;40.8
432;Landlocked developing countries (LLDCs);Share in total final energy consumption (%);Modern renewables;"IEA (2024), World Energy Balances; Energy Balances, UN Statistics Division (2024)";4.7;4.8;5.2;5.7;6.3;6.4;6.9;7.6;7.3;7.5;8.1;7.9;8;8.2;8;8.3;8.2;7.9;7.3;7.7;7.9;7.8;8.7;8.8;9.1;9.4;9.4;9.5;9.9;9.9;9.7;10.5;10.5
432;Landlocked developing countries (LLDCs);Share in total final energy consumption (%);Municipal waste (renew);"IEA (2024), World Energy Balances; Energy Balances, UN Statistics Division (2024)";NaN;NaN;NaN;NaN;NaN;NaN;NaN;NaN;NaN;NaN;NaN;NaN;NaN;NaN;NaN;NaN;NaN;NaN;NaN;NaN;NaN;NaN;0;0;0;0;0;0;0;0;0;0;0
432;Landlocked developing countries (LLDCs);Share in total final energy consumption (%);Liquid biofuels;"IEA (2024), World Energy Balances; Energy Balances, UN Statistics Division (2024)";0;0;0;0;0;0;0;0;0;0;0;0;0;0;NaN;0;0;0;0;0;0;0;0;0.1;0.1;0.1;0.1;0.1;0.1;0.1;0.1;0.1;0.1
432;Landlocked developing countries (LLDCs);Share in total final energy consumption (%);Solid biofuels;"IEA (2024), World Energy Balances; Energy Balances, UN Statistics Division (2024)";22.8;23.6;26;28.7;31.5;32.8;35.3;36.9;35.9;36.7;36.7;37.4;37.6;37.4;37.1;36.8;36.6;35.5;35;37.7;36.5;35;36.2;37;37.8;38.7;38.4;38.1;37.3;37.8;37.7;35.6;36
432;Landlocked developing countries (LLDCs);Share in total final energy consumption (%);Biogases;"IEA (2024), World Energy Balances; Energy Balances, UN Statistics Division (2024)";0;0;0;0;0;0;0;0;0;0;0;0;0;0;0;0;0;0;0;0;0;0;0.1;0.1;0.1;0.1;0.1;0.1;0.1;0.1;0.1;0.1;0.1
432;Landlocked developing countries (LLDCs);Share in total final energy consumption (%);Hydro;"IEA (2024), World Energy Balances; Energy Balances, UN Statistics Division (2024)";3;3.1;3.1;3.5;3.8;3.7;4;4;3.9;4.2;4.3;4;4.2;4.4;4.2;4.5;4.5;4.2;3.6;3.8;3.9;3.9;4.2;4.1;4.2;4.3;4.3;4.3;4.4;4.2;3.9;4.1;4.3
432;Landlocked developing countries (LLDCs);Share in total final energy consumption (%);Geothermal;"IEA (2024), World Energy Balances; Energy Balances, UN Statistics Division (2024)";NaN;NaN;NaN;0;0;0;0;0;0;0;0;0;0;0;0;0;0;0;0;0;0;0;0;0;0;0;0;0;0;0;0;0;0
432;Landlocked developing countries (LLDCs);Share in total final energy consumption (%);Tide, wave and ocean;"IEA (2024), World Energy Balances; Energy Balances, UN Statistics Division (2024)";NaN;NaN;NaN;NaN;NaN;NaN;NaN;NaN;NaN;NaN;NaN;NaN;NaN;NaN;NaN;NaN;NaN;NaN;NaN;NaN;NaN;NaN;0;0;0;0;0;0;0;0;0;0;0
432;Landlocked developing countries (LLDCs);Share in total final energy consumption (%);Wind;"IEA (2024), World Energy Balances; Energy Balances, UN Statistics Division (2024)";NaN;NaN;NaN;NaN;NaN;NaN;NaN;NaN;NaN;NaN;NaN;NaN;NaN;NaN;NaN;NaN;NaN;0;0;0;0;0;0;0;0;0;0;0;0;0.1;0.1;0.1;0.1
432;Landlocked developing countries (LLDCs);Share in total final energy consumption (%);Solar;"IEA (2024), World Energy Balances; Energy Balances, UN Statistics Division (2024)";0;0;0;0;0;0;0;0;0;0;0;0;0;0;0;0;0;0;0;0;0;0;0;0;0;0.1;0.1;0.1;0.1;0.1;0.1;0.1;0.2
432;Landlocked developing countries (LLDCs);Final consumption of renewable energy (PJ) - Heat raising;Renewables;"IEA (2024), World Energy Balances; Energy Balances, UN Statistics Division (2024)";1974.3;2027.9;2086.9;2131.3;2179;2256.2;2302.4;2363.5;2408;2470.4;2329.8;2406.9;2474.1;2548.7;2607.1;2697.5;2764.7;2857.7;2941;3018.2;3143.8;3207.2;3256.4;3386.4;3469.7;3565.3;3662.8;3750.8;3797.6;3870.3;4013.3;4029.9;4111.6
432;Landlocked developing countries (LLDCs);Final consumption of renewable energy (PJ) - Transport;Renewables;"IEA (2024), World Energy Balances; Energy Balances, UN Statistics Division (2024)";11.4;12.7;11.3;11.1;10.9;10.1;9.9;9.5;9.9;10.3;6.8;6.5;6.4;7.1;6.8;10.2;10.6;11.4;9.9;10.3;12.1;13.6;12.8;13.9;14.5;15.2;15.2;16.8;18.6;21.9;19;22.3;23
432;Landlocked developing countries (LLDCs);Final consumption of renewable energy (PJ) - Electricity consumption;Renewables;"IEA (2024), World Energy Balances; Energy Balances, UN Statistics Division (2024)";249.8;253.7;242.7;252.3;255.8;246.8;250.9;250.4;250.9;272.5;270.4;255.4;270;292.1;287.6;323.6;330.5;332.7;296.3;298.8;328.3;353.1;370.3;372.5;381;391.2;406.9;423.6;451.1;433.4;427.3;470;503.6
2;Africa (M49);Total final energy consumption (PJ);Total;"IEA (2024), World Energy Balances; Energy Balances, UN Statistics Division (2024)";9349.1;9498.1;9703.6;9825.4;9998.6;10382.4;10840.5;11251.8;11473.7;11789;11630.2;12004.8;12448.8;12971;13482.1;14196;14567.9;14987.5;15438.6;15857.3;16283.4;16855.7;17465.1;18285.2;18639.9;18876.8;19298.9;19793.4;20171.3;20301.6;20140.6;21162;21539
2;Africa (M49);Share in total final energy consumption (%);Renewables;"IEA (2024), World Energy Balances; Energy Balances, UN Statistics Division (2024)";52.6;53.2;53.4;54;55;54.5;53.7;53.1;53.6;53.7;52.1;51.5;51.3;50.7;50.5;49.4;49.3;48;47.8;47.8;47.9;47.8;46.4;45.9;45.7;45.9;45.9;45.7;45.1;46;48.1;47;47.2
2;Africa (M49);Share in total final energy consumption (%);Modern renewables;"IEA (2024), World Energy Balances; Energy Balances, UN Statistics Division (2024)";8.4;8.5;8.4;8.4;8.7;8.7;8.8;8.9;9;8.8;9.3;9.3;9.2;9.1;9.2;9.2;9.4;9.5;9.6;9.7;9.9;9.9;9.8;9.8;9.1;9.2;9.2;8.6;9;9.4;9.8;10;10
2;Africa (M49);Share in total final energy consumption (%);Municipal waste (renew);"IEA (2024), World Energy Balances; Energy Balances, UN Statistics Division (2024)";NaN;NaN;NaN;NaN;NaN;NaN;NaN;NaN;NaN;NaN;NaN;NaN;0;0;0;0;0;0;0;0;0;0;0;0;NaN;0;0;0;0;0;0;0;0
2;Africa (M49);Share in total final energy consumption (%);Liquid biofuels;"IEA (2024), World Energy Balances; Energy Balances, UN Statistics Division (2024)";NaN;NaN;NaN;NaN;NaN;NaN;NaN;NaN;NaN;NaN;NaN;NaN;NaN;NaN;NaN;NaN;NaN;NaN;0;0;0;0;0;0;0;0;0;0;0;0;0;0;0
2;Africa (M49);Share in total final energy consumption (%);Solid biofuels;"IEA (2024), World Energy Balances; Energy Balances, UN Statistics Division (2024)";50.9;51.3;51.7;52.3;53.4;52.8;51.9;51.3;51.9;51.9;50.2;49.6;49.3;48.8;48.6;47.5;47.4;46.1;45.9;45.9;45.8;45.7;44.3;43.9;43.6;43.8;43.8;43.4;42.7;43.4;45.4;44.3;44.3
2;Africa (M49);Share in total final energy consumption (%);Biogases;"IEA (2024), World Energy Balances; Energy Balances, UN Statistics Division (2024)";NaN;NaN;NaN;NaN;NaN;NaN;NaN;NaN;NaN;NaN;NaN;NaN;NaN;NaN;NaN;NaN;NaN;NaN;0;0;0;0;0;0;0;0;0;0;0;0;0;0;0
2;Africa (M49);Share in total final energy consumption (%);Hydro;"IEA (2024), World Energy Balances; Energy Balances, UN Statistics Division (2024)";1.8;1.9;1.7;1.6;1.6;1.6;1.7;1.7;1.7;1.8;1.9;2;2;1.9;1.9;1.9;1.9;1.9;1.8;1.8;1.9;1.9;1.9;1.9;1.9;1.8;1.8;1.9;1.9;2;2.1;2.1;2.2
2;Africa (M49);Share in total final energy consumption (%);Geothermal;"IEA (2024), World Energy Balances; Energy Balances, UN Statistics Division (2024)";0;0;0;0;0;0;0;0;0;0;0;0;0;0;0;0;0;0;0;0;0;0;0;0;0;0.1;0.1;0.1;0.1;0.1;0.1;0.1;0.1
2;Africa (M49);Share in total final energy consumption (%);Tide, wave and ocean;"IEA (2024), World Energy Balances; Energy Balances, UN Statistics Division (2024)";NaN;NaN;NaN;NaN;NaN;NaN;NaN;NaN;NaN;NaN;NaN;NaN;NaN;NaN;NaN;NaN;NaN;NaN;NaN;NaN;NaN;NaN;NaN;NaN;NaN;NaN;NaN;NaN;NaN;NaN;NaN;NaN;NaN
2;Africa (M49);Share in total final energy consumption (%);Wind;"IEA (2024), World Energy Balances; Energy Balances, UN Statistics Division (2024)";NaN;NaN;NaN;0;0;0;0;0;0;0;0;0;0;0;0;0;0;0;0;0;0;0;0;0.1;0.1;0.1;0.2;0.2;0.2;0.3;0.3;0.3;0.3
2;Africa (M49);Share in total final energy consumption (%);Solar;"IEA (2024), World Energy Balances; Energy Balances, UN Statistics Division (2024)";0;0;0;0;0;0;0;0;0;0;0;0;0;0;0;0;0;0;0;0;0;0;0;0;0.1;0.1;0.1;0.1;0.2;0.2;0.3;0.3;0.3
2;Africa (M49);Final consumption of renewable energy (PJ) - Heat raising;Renewables;"IEA (2024), World Energy Balances; Energy Balances, UN Statistics Division (2024)";4754.8;4868.9;5015.2;5138.2;5336.3;5481.4;5624.8;5772.2;5946.3;6110.9;5833.1;5944.1;6135.7;6325.7;6541.6;6744.5;6894.7;6898;7075.4;7271.3;7463.6;7709.8;7742.7;8019.7;8125.7;8266.4;8444.6;8596.2;8608.5;8814.9;9145.5;9372.3;9542.3
2;Africa (M49);Final consumption of renewable energy (PJ) - Transport;Renewables;"IEA (2024), World Energy Balances; Energy Balances, UN Statistics Division (2024)";3;3;3.5;2.9;3.1;3;3;3.1;3.3;3.3;3.9;4.3;4.7;4;4.3;3.8;2.6;4.5;2.6;2.9;3;3.2;3.8;4.7;5.4;5.6;5.4;6;6.6;7;6.3;7;6.9
2;Africa (M49);Final consumption of renewable energy (PJ) - Electricity consumption;Renewables;"IEA (2024), World Energy Balances; Energy Balances, UN Statistics Division (2024)";164.1;177.3;163.3;162.4;164.2;171.3;189.9;194.5;201;214.3;223.8;239.2;248.1;246.6;258.8;270.6;283.3;291.1;294.4;301.3;326.3;339.2;350.3;367.3;387.7;395.8;407.4;435.9;480.1;513.9;543.2;573.4;612.5
142;Asia (M49);Total final energy consumption (PJ);Total;"IEA (2024), World Energy Balances; Energy Balances, UN Statistics Division (2024)";70570.8;72748.5;74099.3;76101.7;78168.3;81976.2;81994.9;83639.6;83713.9;84835.7;86540.9;87950.6;91003.6;95609.8;103769.6;111992.5;117872.8;123944.5;127259.3;130258.9;139571.9;145570.6;149570.2;153005.2;157080.4;159206.3;160768.1;164711.1;168890.7;171554.2;170291.3;178864.1;182298.8
142;Asia (M49);Share in total final energy consumption (%);Renewables;"IEA (2024), World Energy Balances; Energy Balances, UN Statistics Division (2024)";26.4;25.9;25.6;25.3;24.7;23.9;24.1;23.8;23.9;23.6;23.2;22.7;22;21;19.4;18.2;17.6;16.7;16.2;15.8;15.1;14.4;14.4;14.6;14.7;14.7;14.9;15.1;15.4;15.7;16.2;16.1;16.6
142;Asia (M49);Share in total final energy consumption (%);Modern renewables;"IEA (2024), World Energy Balances; Energy Balances, UN Statistics Division (2024)";4.7;4.7;4.7;4.8;4.8;4.9;5.1;5.1;5.2;5.2;5.2;5.4;5.4;5.3;5.3;5.2;5.4;5.4;5.6;5.8;5.9;5.9;6.4;7;7.4;7.7;8.3;8.7;9.3;9.8;10.5;10.8;11.5
142;Asia (M49);Share in total final energy consumption (%);Municipal waste (renew);"IEA (2024), World Energy Balances; Energy Balances, UN Statistics Division (2024)";0;0;0;0;0;0;0;0;0;0;0;0;0;0;0;0;0;0;0;0;0;0;0;0;0;0;0;0;0;0;0;0;0
142;Asia (M49);Share in total final energy consumption (%);Liquid biofuels;"IEA (2024), World Energy Balances; Energy Balances, UN Statistics Division (2024)";NaN;NaN;NaN;NaN;NaN;0;0;0;0;0;0;0;0;0;0;0;0;0.1;0.1;0.1;0.1;0.1;0.1;0.2;0.2;0.2;0.2;0.2;0.3;0.3;0.4;0.4;0.4
142;Asia (M49);Share in total final energy consumption (%);Solid biofuels;"IEA (2024), World Energy Balances; Energy Balances, UN Statistics Division (2024)";24.3;23.9;23.7;23.2;22.6;21.7;21.9;21.7;21.6;21.4;20.9;20.2;19.5;18.4;16.8;15.4;14.7;13.7;13;12.4;11.4;10.7;10.3;10;9.8;9.5;9.3;9.1;9;8.8;8.8;8.4;8.3
142;Asia (M49);Share in total final energy consumption (%);Biogases;"IEA (2024), World Energy Balances; Energy Balances, UN Statistics Division (2024)";0;0;0;0;0;0;0;0;0;0.1;0.1;0.1;0.1;0.1;0.1;0.2;0.2;0.2;0.2;0.3;0.2;0.3;0.3;0.3;0.3;0.2;0.2;0.2;0.3;0.3;0.3;0.3;0.3
142;Asia (M49);Share in total final energy consumption (%);Hydro;"IEA (2024), World Energy Balances; Energy Balances, UN Statistics Division (2024)";1.9;1.8;1.8;1.9;1.9;1.9;1.9;1.9;2;1.9;1.9;2;2;2;2.1;2.2;2.3;2.3;2.4;2.4;2.6;2.5;2.8;2.9;3.1;3.1;3.2;3.3;3.3;3.4;3.5;3.3;3.4
142;Asia (M49);Share in total final energy consumption (%);Geothermal;"IEA (2024), World Energy Balances; Energy Balances, UN Statistics Division (2024)";0.1;0.1;0.1;0.1;0.1;0.1;0.1;0.1;0.2;0.2;0.2;0.2;0.2;0.2;0.2;0.2;0.2;0.2;0.2;0.2;0.2;0.2;0.2;0.3;0.3;0.3;0.4;0.5;0.5;0.6;0.6;0.7;0.7
142;Asia (M49);Share in total final energy consumption (%);Tide, wave and ocean;"IEA (2024), World Energy Balances; Energy Balances, UN Statistics Division (2024)";0;0;0;0;0;0;0;0;0;0;0;0;0;0;0;0;0;0;0;0;0;0;0;0;0;0;0;0;0;0;0;0;0
142;Asia (M49);Share in total final energy consumption (%);Wind;"IEA (2024), World Energy Balances; Energy Balances, UN Statistics Division (2024)";0;0;0;0;0;0;0;0;0;0;0;0;0;0;0;0;0;0.1;0.1;0.1;0.2;0.2;0.3;0.4;0.4;0.5;0.6;0.7;0.8;0.9;1;1.4;1.5
142;Asia (M49);Share in total final energy consumption (%);Solar;"IEA (2024), World Energy Balances; Energy Balances, UN Statistics Division (2024)";0.1;0.1;0.1;0.1;0.1;0.1;0.1;0.1;0.1;0.1;0.1;0.1;0.2;0.2;0.2;0.2;0.2;0.2;0.3;0.3;0.3;0.4;0.5;0.6;0.7;0.8;0.9;1.1;1.2;1.3;1.5;1.7;1.9
142;Asia (M49);Final consumption of renewable energy (PJ) - Heat raising;Renewables;"IEA (2024), World Energy Balances; Energy Balances, UN Statistics Division (2024)";17235.7;17437.9;17607.7;17731.2;17807.5;17984.5;18161.6;18297.6;18264.9;18358.7;18361.7;18080;18096.2;17975.9;17806.8;17740.6;17850.3;17549.3;17204.4;17017.5;16829.2;16613.9;16528.4;16677.2;16883;16672.2;16516.9;16727;17061.9;17014;16902.4;17052.4;17271.5
142;Asia (M49);Final consumption of renewable energy (PJ) - Transport;Renewables;"IEA (2024), World Energy Balances; Energy Balances, UN Statistics Division (2024)";24.3;24.8;23.3;24.3;23.5;24.1;24.8;24.3;24;23.5;26;28.3;28.2;30.8;33.8;63.5;78.3;93.3;118.3;138.4;174.4;189.5;232.6;285.6;331.8;329.4;415;453.3;552;673.8;759.3;840.8;925.9
142;Asia (M49);Final consumption of renewable energy (PJ) - Electricity consumption;Renewables;"IEA (2024), World Energy Balances; Energy Balances, UN Statistics Division (2024)";1342.6;1368.8;1361;1483.5;1501.2;1590;1577.1;1608.9;1701.9;1667.6;1703.9;1849.6;1918.9;2050.2;2323.8;2557.3;2830.6;2999.6;3272.1;3457.5;4007.1;4155.4;4836.6;5330.2;5935.6;6351.2;7012.9;7674.6;8445.9;9278.9;9906.3;10952.8;12044.5
19;Americas (M49);Total final energy consumption (PJ);Total;"IEA (2024), World Energy Balances; Energy Balances, UN Statistics Division (2024)";68461.5;68691.5;69216.4;70566.8;72352.3;73270.5;75730.6;76869.7;77245.4;79314.4;82046.7;80672.9;81413.2;82764.5;84418.6;84976.2;85192.1;87044.8;86252.2;82543.4;86428.4;86069.8;84835.8;88039;88445.5;88385.4;88490.7;88724.2;91515.6;90827;83676.3;87703;91255.3
19;Americas (M49);Share in total final energy consumption (%);Renewables;"IEA (2024), World Energy Balances; Energy Balances, UN Statistics Division (2024)";11.3;11.6;11.7;11.3;11.2;11.7;11.6;11.3;11.4;12.3;11.7;11.1;11.4;11.9;12.1;12.6;13.1;13.2;13.8;14.5;14.3;15;15.2;15.4;15.4;15.5;15.9;16.4;16.5;16.8;18.4;17.7;18.1
19;Americas (M49);Share in total final energy consumption (%);Modern renewables;"IEA (2024), World Energy Balances; Energy Balances, UN Statistics Division (2024)";9.9;10.2;10.4;10;10;10.5;10.5;10.2;10.3;11.1;10.7;10.1;10.3;10.7;11;11.4;11.9;12.1;12.6;13.3;13.1;13.9;14.1;14.4;14.4;14.4;14.8;15.3;15.3;15.6;17.1;16.5;17
19;Americas (M49);Share in total final energy consumption (%);Municipal waste (renew);"IEA (2024), World Energy Balances; Energy Balances, UN Statistics Division (2024)";0;0;0;0;0;0;0;0;0;0.1;0.1;0.1;0;0;0.1;0.1;0.1;0.1;0.1;0.1;0.1;0;0.1;0;0;0;0;0;0;0;0;0;0
19;Americas (M49);Share in total final energy consumption (%);Liquid biofuels;"IEA (2024), World Energy Balances; Energy Balances, UN Statistics Division (2024)";0.4;0.5;0.4;0.6;0.6;0.6;0.5;0.6;0.6;0.6;0.5;0.5;0.6;0.6;0.7;0.8;0.9;1.2;1.6;1.9;1.9;2.1;2.2;2.4;2.5;2.7;2.8;2.8;2.8;2.9;2.9;2.9;2.9
19;Americas (M49);Share in total final energy consumption (%);Solid biofuels;"IEA (2024), World Energy Balances; Energy Balances, UN Statistics Division (2024)";6.5;6.5;6.8;6;6;6.1;5.9;5.7;6;6.7;6.4;6.1;6;6.3;6.5;6.7;6.8;6.7;6.7;6.8;6.8;6.9;6.9;7;6.9;6.7;6.7;6.8;6.8;6.9;7.4;7;6.8
19;Americas (M49);Share in total final energy consumption (%);Biogases;"IEA (2024), World Energy Balances; Energy Balances, UN Statistics Division (2024)";0;0;0;0;0;0;0;0;0;0.1;0.1;0.1;0.1;0.1;0.1;0.1;0.1;0.1;0.1;0.2;0;0.1;0.1;0.1;0.1;0.1;0.1;0.1;0.1;0.1;0.1;0.1;0.1
19;Americas (M49);Share in total final energy consumption (%);Hydro;"IEA (2024), World Energy Balances; Energy Balances, UN Statistics Division (2024)";4.2;4.4;4.3;4.5;4.5;4.7;4.9;4.9;4.6;4.6;4.4;4.1;4.5;4.5;4.5;4.7;4.8;4.7;4.8;5.1;4.8;5.2;5.1;4.9;4.7;4.6;4.8;4.9;4.8;4.7;5.2;4.7;4.9
19;Americas (M49);Share in total final energy consumption (%);Geothermal;"IEA (2024), World Energy Balances; Energy Balances, UN Statistics Division (2024)";0.1;0.1;0.1;0.1;0.1;0.1;0.1;0.1;0.1;0.1;0.1;0.1;0.1;0.1;0.1;0.1;0.1;0.1;0.1;0.1;0.1;0.1;0.1;0.1;0.1;0.1;0.1;0.1;0.1;0.1;0.1;0.1;0.1
19;Americas (M49);Share in total final energy consumption (%);Tide, wave and ocean;"IEA (2024), World Energy Balances; Energy Balances, UN Statistics Division (2024)";0;0;0;0;0;0;0;0;0;0;0;0;0;0;0;0;0;0;0;0;0;0;0;0;0;0;0;0;0;0;NaN;NaN;NaN
19;Americas (M49);Share in total final energy consumption (%);Wind;"IEA (2024), World Energy Balances; Energy Balances, UN Statistics Division (2024)";0;0;0;0;0;0;0;0;0;0;0;0;0;0;0.1;0.1;0.1;0.1;0.2;0.3;0.4;0.5;0.6;0.7;0.8;0.9;1.1;1.2;1.3;1.4;1.8;1.9;2.1
19;Americas (M49);Share in total final energy consumption (%);Solar;"IEA (2024), World Energy Balances; Energy Balances, UN Statistics Division (2024)";0;0;0;0;0;0;0;0;0;0.1;0.1;0.1;0.1;0.1;0.1;0.1;0.1;0.1;0.1;0.1;0.1;0.1;0.2;0.2;0.2;0.3;0.3;0.4;0.5;0.6;0.8;0.9;1.1
19;Americas (M49);Final consumption of renewable energy (PJ) - Heat raising;Renewables;"IEA (2024), World Energy Balances; Energy Balances, UN Statistics Division (2024)";4266.9;4387.4;4575.9;4101.2;4194.1;4387;4383.5;4280;4522.1;5387.1;5271.6;4943.8;4874.6;5236.3;5496.5;5672.4;5841.7;5869.5;5793.1;5565.4;5783.6;5841.8;5775.3;6031.1;6020.4;5834.1;5815.2;5895;6136.7;6167;6168.2;6085.9;6168.5
19;Americas (M49);Final consumption of renewable energy (PJ) - Transport;Renewables;"IEA (2024), World Energy Balances; Energy Balances, UN Statistics Division (2024)";255.5;265.4;260.1;363.6;391.6;408.8;389.6;401.2;411.1;416.7;393.5;381.2;439.9;489.7;576.7;650.1;770;1024.2;1378.3;1545.8;1676.2;1736.1;1839.7;2082.8;2163.5;2327.9;2382.7;2388.4;2475.6;2572;2301.7;2500.4;2626.3
19;Americas (M49);Final consumption of renewable energy (PJ) - Electricity consumption;Renewables;"IEA (2024), World Energy Balances; Energy Balances, UN Statistics Division (2024)";3190.3;3294.6;3273.1;3482;3515.9;3752.2;3986.2;4014.7;3866.3;3919;3944.5;3654.7;4004;4088.8;4151.3;4358.6;4524.5;4587.6;4720.9;4829.5;4889.5;5372.7;5310.1;5454.5;5469.8;5532.7;5908;6265.5;6446;6484;6885.3;6941;7740.7
29;Caribbean (M49);Total final energy consumption (PJ);Total;"IEA (2024), World Energy Balances; Energy Balances, UN Statistics Division (2024)";1035.8;921.6;867.6;775.7;813.1;822.9;890.5;952.2;959.5;1017;1044;1060.3;1004.6;978.9;990.3;1009.9;1052.5;1076.3;1016.6;988.9;1024.8;990.2;1018.5;1027.8;991.5;1038.7;1008.8;1016.5;1052.8;1055.5;978.8;1028.8;1024.7
29;Caribbean (M49);Share in total final energy consumption (%);Renewables;"IEA (2024), World Energy Balances; Energy Balances, UN Statistics Division (2024)";34.2;35.5;36.2;33.8;32.3;29.9;29.6;27.5;26.3;25.5;25.4;25;24;23.4;23.5;20.8;18.9;17.9;18.5;19.2;18.1;19.8;20.2;19.8;21.1;20.3;20.2;21.6;21.7;21.1;22.7;20.6;19.2
29;Caribbean (M49);Share in total final energy consumption (%);Modern renewables;"IEA (2024), World Energy Balances; Energy Balances, UN Statistics Division (2024)";25.9;26.1;26.2;22.5;21.4;19.1;19.5;18;16.4;16;15.9;15.6;14;13.2;13.2;10.4;8.7;7.6;7.4;7.7;6.7;7.8;8.3;8;9;8.5;7.9;9.3;9.6;8.7;9.7;8.2;6.8
29;Caribbean (M49);Share in total final energy consumption (%);Municipal waste (renew);"IEA (2024), World Energy Balances; Energy Balances, UN Statistics Division (2024)";0;0;0;0;0;0;0;0;0;0;0;0;0;0;0;0;0;0;0;0;0;NaN;NaN;NaN;NaN;NaN;NaN;NaN;NaN;NaN;NaN;NaN;NaN
29;Caribbean (M49);Share in total final energy consumption (%);Liquid biofuels;"IEA (2024), World Energy Balances; Energy Balances, UN Statistics Division (2024)";5.2;5.8;4.9;4.4;4.2;4.4;4;3.9;3.9;3.5;3.5;3.3;3.3;3.4;3.3;3;2;1.1;1.1;1;1;1.1;1.2;1.1;1.1;1;1.1;1.1;1;1;1.1;0.9;0.9
29;Caribbean (M49);Share in total final energy consumption (%);Solid biofuels;"IEA (2024), World Energy Balances; Energy Balances, UN Statistics Division (2024)";28.7;29.2;30.8;28.7;27.7;25;25.1;23.2;21.9;21.3;21.4;21.3;20.2;19.3;19.4;16.9;16.1;16.1;16.7;17.5;16.4;18;18.1;17.7;19.1;18.5;18.1;19.2;19.3;18.7;20;17.9;16.7
29;Caribbean (M49);Share in total final energy consumption (%);Biogases;"IEA (2024), World Energy Balances; Energy Balances, UN Statistics Division (2024)";0;0;0;0;0;0;0;0;0;0;0;0;0;0;0;0;0;0;0;0;0;NaN;NaN;NaN;NaN;0;0;0;0;0;0;0;0
29;Caribbean (M49);Share in total final energy consumption (%);Hydro;"IEA (2024), World Energy Balances; Energy Balances, UN Statistics Division (2024)";0.4;0.4;0.5;0.7;0.4;0.4;0.5;0.4;0.5;0.7;0.5;0.4;0.5;0.6;0.7;0.8;0.7;0.6;0.6;0.6;0.6;0.6;0.7;0.7;0.5;0.4;0.6;0.8;0.7;0.5;0.6;0.7;0.6
29;Caribbean (M49);Share in total final energy consumption (%);Geothermal;"IEA (2024), World Energy Balances; Energy Balances, UN Statistics Division (2024)";0;0;0;0;0;0;0;0;0;0;0;0;0;0;0;0;0;0;0;0;0;NaN;NaN;NaN;NaN;NaN;NaN;NaN;NaN;NaN;NaN;NaN;NaN
29;Caribbean (M49);Share in total final energy consumption (%);Tide, wave and ocean;"IEA (2024), World Energy Balances; Energy Balances, UN Statistics Division (2024)";0;0;0;0;0;0;0;0;0;0;0;0;0;0;0;0;0;0;0;0;0;NaN;NaN;NaN;NaN;NaN;NaN;NaN;NaN;NaN;NaN;NaN;NaN
29;Caribbean (M49);Share in total final energy consumption (%);Wind;"IEA (2024), World Energy Balances; Energy Balances, UN Statistics Division (2024)";0;0;0;0;0;0;0;0;0;0;0;0;0;0;0;0;0;0;0;0.1;0.1;0.1;0.1;0.3;0.3;0.3;0.3;0.4;0.4;0.5;0.6;0.6;0.6
29;Caribbean (M49);Share in total final energy consumption (%);Solar;"IEA (2024), World Energy Balances; Energy Balances, UN Statistics Division (2024)";0;0;0;0;0;0;0;0;0;0;0;0;0;0;0;0;0;0;0;0;0;0;0;0.1;0.1;0.1;0.1;0.2;0.2;0.3;0.4;0.4;0.5
29;Caribbean (M49);Final consumption of renewable energy (PJ) - Heat raising;Renewables;"IEA (2024), World Energy Balances; Energy Balances, UN Statistics Division (2024)";345.5;319.2;305.8;254.1;256.4;239.9;255.9;255.1;244.7;249.5;256.6;257.1;232.5;219.5;222;199.4;189;183;178.7;181.1;176.8;187.4;193.4;189.9;196.9;199.4;189.9;202.9;211.1;205;203.1;190.7;177.3
29;Caribbean (M49);Final consumption of renewable energy (PJ) - Transport;Renewables;"IEA (2024), World Energy Balances; Energy Balances, UN Statistics Division (2024)";0;0;0;0;0;0;0;0;0;0;0;0;0;0;0;0;0;0;0;0;0.3;0.3;1.5;1.5;1.4;1.3;1.5;1.5;1.6;1.7;1.5;1.6;1.6
29;Caribbean (M49);Final consumption of renewable energy (PJ) - Electricity consumption;Renewables;"IEA (2024), World Energy Balances; Energy Balances, UN Statistics Division (2024)";8.7;8.3;8.3;8.1;6;5.9;7.7;6.7;7.7;10;8.4;7.8;8.7;9.3;10.3;10.4;10;9.6;9.1;9.2;8.9;8.9;10.8;12.4;10.6;10;12.3;15.3;15.4;15.5;17.6;19.5;18.2
13;Central America (M49);Total final energy consumption (PJ);Total;"IEA (2024), World Energy Balances; Energy Balances, UN Statistics Division (2024)";3634.8;3742.3;3809.6;3831.1;3976.7;3902.2;4006.2;4126.2;4253.9;4266.4;4392;4328.8;4447.6;4637.2;4859.7;5076;5321.6;5447.7;5574.6;5339.4;5584.4;5764.7;5808.2;5817.6;5778.9;5928.1;6039.6;6095.6;5897.5;5932.6;5240.4;5232.8;5719.5
13;Central America (M49);Share in total final energy consumption (%);Renewables;"IEA (2024), World Energy Balances; Energy Balances, UN Statistics Division (2024)";21.8;20.6;20.6;20.4;18.8;20.1;19.9;19.6;18.8;19.4;18.1;17.2;17.1;16.7;16.9;17.1;16.6;16.2;16.4;16.2;16.5;16;16.1;16.4;17;16.4;16.5;17.2;17.8;17.5;20.8;21.3;21
13;Central America (M49);Share in total final energy consumption (%);Modern renewables;"IEA (2024), World Energy Balances; Energy Balances, UN Statistics Division (2024)";15;14;13.9;13.8;12.5;13.7;13.6;13.2;12.5;13.1;12.7;11.8;11.1;10.7;11;11.2;10.9;10.5;10.6;9.9;10.3;9.9;9.9;10.1;10.5;10;10.1;10.9;11.1;10.8;13.1;13.4;13.7
13;Central America (M49);Share in total final energy consumption (%);Municipal waste (renew);"IEA (2024), World Energy Balances; Energy Balances, UN Statistics Division (2024)";0;0;0;0;0;0;0;0;0;0;0;0;0;0;0;0;0;0;0;0;0;0;0;0;0;0;0;0;0;0;0;0;0
13;Central America (M49);Share in total final energy consumption (%);Liquid biofuels;"IEA (2024), World Energy Balances; Energy Balances, UN Statistics Division (2024)";0;0;0;0;0;0;0;0;0;0;0;0;0;0;0;0;0;0;0;0;0;0;0;0;0;0;0;0;0;0;0;0;0
13;Central America (M49);Share in total final energy consumption (%);Solid biofuels;"IEA (2024), World Energy Balances; Energy Balances, UN Statistics Division (2024)";18.3;17.6;17.3;17;16;16.7;16.6;16.6;16.1;16;14.7;14.3;14.4;14.1;13.9;14;13.5;13.2;12.8;13.1;12.8;12.5;12.6;13;12.7;12.4;12.4;12.7;13;13;14.2;14.8;13.9
13;Central America (M49);Share in total final energy consumption (%);Biogases;"IEA (2024), World Energy Balances; Energy Balances, UN Statistics Division (2024)";0;0;0;0;0;0;0;0;0;0;0;0;0;0;0;0;0;0;0;0;0;0;0;0;0;0;0;0;0;0;0;0;0
13;Central America (M49);Share in total final energy consumption (%);Hydro;"IEA (2024), World Energy Balances; Energy Balances, UN Statistics Division (2024)";3;2.5;2.7;2.8;2.2;2.8;2.9;2.5;2.2;2.9;2.9;2.5;2.3;2;2.4;2.4;2.5;2.3;3;2.4;3;2.8;2.7;2.5;3.2;2.7;2.7;2.9;3;2.2;3.4;3.5;3.7
13;Central America (M49);Share in total final energy consumption (%);Geothermal;"IEA (2024), World Energy Balances; Energy Balances, UN Statistics Division (2024)";0.5;0.5;0.5;0.5;0.5;0.5;0.5;0.4;0.4;0.4;0.5;0.5;0.4;0.5;0.5;0.5;0.5;0.5;0.5;0.5;0.5;0.5;0.5;0.5;0.5;0.5;0.5;0.5;0.5;0.5;0.6;0.5;0.5
13;Central America (M49);Share in total final energy consumption (%);Tide, wave and ocean;"IEA (2024), World Energy Balances; Energy Balances, UN Statistics Division (2024)";0;0;0;0;0;0;0;0;0;0;0;0;0;0;0;0;0;0;0;0;0;0;0;0;0;0;0;0;0;0;0;0;0
13;Central America (M49);Share in total final energy consumption (%);Wind;"IEA (2024), World Energy Balances; Energy Balances, UN Statistics Division (2024)";0;0;0;0;0;0;0;0;0;0;0;0;0;0;0;0;0;0;0;0.1;0.1;0.1;0.2;0.3;0.4;0.6;0.7;0.7;0.9;1.1;1.5;1.3;1.3
13;Central America (M49);Share in total final energy consumption (%);Solar;"IEA (2024), World Energy Balances; Energy Balances, UN Statistics Division (2024)";0;0;0;0;0;0;0;0;0;0;0;0.1;0.1;0.1;0.1;0.1;0.1;0.1;0.1;0.1;0.1;0.1;0.1;0.1;0.2;0.2;0.3;0.3;0.4;0.7;1.1;1.2;1.6
13;Central America (M49);Final consumption of renewable energy (PJ) - Heat raising;Renewables;"IEA (2024), World Energy Balances; Energy Balances, UN Statistics Division (2024)";663.3;653.1;653.3;645.9;631.4;645.4;659.6;681.4;682.2;680.6;640.9;611;633.3;647.1;668.8;702.9;713.7;713;711.8;697.7;711.9;719.5;725.5;746.9;725.5;730.1;740.5;765.9;756.1;762.3;735.9;766.9;789.9
13;Central America (M49);Final consumption of renewable energy (PJ) - Transport;Renewables;"IEA (2024), World Energy Balances; Energy Balances, UN Statistics Division (2024)";0.9;0.8;1;1;0.8;1;1.1;0.9;0.8;1;1;0.9;0.8;0.7;0.8;0.8;0.8;0.8;0.9;0.8;1;0.8;0.8;1;1.6;1;1;1;0.9;1;1;1.7;2
13;Central America (M49);Final consumption of renewable energy (PJ) - Electricity consumption;Renewables;"IEA (2024), World Energy Balances; Energy Balances, UN Statistics Division (2024)";127.7;115.2;128.9;135.1;115.6;138.5;138.3;127.6;117.7;147.4;151.4;134.6;128.5;124.5;150.6;163;169.5;168.1;203.9;166.3;208;203.6;211.6;205.8;253.6;243;257.5;281.7;290.4;273.8;353;344.7;410.8
14;Eastern Africa (M49);Total final energy consumption (PJ);Total;"IEA (2024), World Energy Balances; Energy Balances, UN Statistics Division (2024)";2542.2;2599.3;2684.8;2752.5;2857.1;2974.4;3050.5;3113.2;3218.8;3343.3;3257.7;3331.1;3433;3553.4;3633.8;3757.1;3870.9;3862;3951.8;4048.8;4189.1;4362.4;4507.3;4669.3;4810;4998.9;5158;5272;5420.9;5615.6;5708.3;5881.5;6013.5
14;Eastern Africa (M49);Share in total final energy consumption (%);Renewables;"IEA (2024), World Energy Balances; Energy Balances, UN Statistics Division (2024)";86.1;86.4;86.8;87;88.1;87.4;87.1;87.1;87.5;87.2;87;87.3;87.7;88.1;88.1;87.9;87.5;87.2;87.4;87.2;86.4;86.2;85.4;84.9;84.3;83.4;82.7;82.7;82.1;81.5;82.8;81.4;81.1
14;Eastern Africa (M49);Share in total final energy consumption (%);Modern renewables;"IEA (2024), World Energy Balances; Energy Balances, UN Statistics Division (2024)";9.9;9.9;9.7;9.6;10.4;10.4;10.4;11.5;11.6;11.4;11.1;11.6;12.1;12.4;12.4;12.3;12.4;12.8;12.9;12.8;12.4;12.4;12.4;12.6;12.6;12.7;12.4;12.5;13.5;13.6;14;15.5;14.9
14;Eastern Africa (M49);Share in total final energy consumption (%);Municipal waste (renew);"IEA (2024), World Energy Balances; Energy Balances, UN Statistics Division (2024)";NaN;NaN;NaN;NaN;NaN;NaN;NaN;NaN;NaN;NaN;NaN;NaN;NaN;NaN;NaN;NaN;NaN;NaN;NaN;NaN;NaN;NaN;NaN;NaN;NaN;NaN;NaN;NaN;NaN;NaN;NaN;NaN;NaN
14;Eastern Africa (M49);Share in total final energy consumption (%);Liquid biofuels;"IEA (2024), World Energy Balances; Energy Balances, UN Statistics Division (2024)";NaN;NaN;NaN;NaN;NaN;NaN;NaN;NaN;NaN;NaN;NaN;NaN;NaN;NaN;NaN;NaN;NaN;NaN;0;0;0;0;0;0;0;0;0;0;0;0;0;0;0.1
14;Eastern Africa (M49);Share in total final energy consumption (%);Solid biofuels;"IEA (2024), World Energy Balances; Energy Balances, UN Statistics Division (2024)";83.6;84;84.5;84.7;85.8;85.1;84.8;84.8;85.1;84.8;84.4;84.3;84.6;84.8;84.8;84.7;84.1;83.8;84.1;84.1;83.2;83;82;81.4;80.7;79.9;79.3;79.4;78.5;78.1;79.4;77.8;77.5
14;Eastern Africa (M49);Share in total final energy consumption (%);Biogases;"IEA (2024), World Energy Balances; Energy Balances, UN Statistics Division (2024)";NaN;NaN;NaN;NaN;NaN;NaN;NaN;NaN;NaN;NaN;NaN;NaN;NaN;NaN;NaN;NaN;NaN;NaN;0;0;0;0;0;0;0;0;0;0;0;0;0;0;0
14;Eastern Africa (M49);Share in total final energy consumption (%);Hydro;"IEA (2024), World Energy Balances; Energy Balances, UN Statistics Division (2024)";2.5;2.4;2.3;2.3;2.3;2.2;2.3;2.3;2.4;2.4;2.6;2.9;3;3.2;3.2;3.2;3.2;3.3;3.2;3;3.2;3.1;3.3;3.4;3.3;3.2;3;3;3.1;3;3;3.1;3.2
14;Eastern Africa (M49);Share in total final energy consumption (%);Geothermal;"IEA (2024), World Energy Balances; Energy Balances, UN Statistics Division (2024)";0;0;0;0;0;0;0;0;0;0;0;0;0;0;0.1;0.1;0.1;0.1;0.1;0.1;0.1;0.1;0.1;0.1;0.2;0.3;0.2;0.3;0.3;0.3;0.2;0.2;0.2
14;Eastern Africa (M49);Share in total final energy consumption (%);Tide, wave and ocean;"IEA (2024), World Energy Balances; Energy Balances, UN Statistics Division (2024)";NaN;NaN;NaN;NaN;NaN;NaN;NaN;NaN;NaN;NaN;NaN;NaN;NaN;NaN;NaN;NaN;NaN;NaN;NaN;NaN;NaN;NaN;NaN;NaN;NaN;NaN;NaN;NaN;NaN;NaN;NaN;NaN;NaN
14;Eastern Africa (M49);Share in total final energy consumption (%);Wind;"IEA (2024), World Energy Balances; Energy Balances, UN Statistics Division (2024)";NaN;NaN;NaN;NaN;NaN;NaN;NaN;NaN;NaN;NaN;NaN;NaN;NaN;NaN;NaN;NaN;0;0;0;0;0;0;0;0;0;0;0;0;0.1;0.1;0.1;0.1;0.1
14;Eastern Africa (M49);Share in total final energy consumption (%);Solar;"IEA (2024), World Energy Balances; Energy Balances, UN Statistics Division (2024)";NaN;NaN;NaN;NaN;NaN;NaN;NaN;0;0;0;0;0;0;0;0;0;0;0;0;0;0;0;0;0;0;0;0;0;0;0;0;0;0.1
14;Eastern Africa (M49);Final consumption of renewable energy (PJ) - Heat raising;Renewables;"IEA (2024), World Energy Balances; Energy Balances, UN Statistics Division (2024)";2125.4;2181.8;2266.7;2330.1;2450.1;2529.9;2584.4;2637.5;2736.3;2831.5;2745.9;2806.6;2902.4;3011.1;3078.5;3178.4;3253.8;3231.4;3319.1;3402.7;3480.5;3617.7;3693.4;3796.4;3879.9;3990.6;4087.2;4180.3;4253.9;4379.6;4526.3;4570.3;4657.5
14;Eastern Africa (M49);Final consumption of renewable energy (PJ) - Transport;Renewables;"IEA (2024), World Energy Balances; Energy Balances, UN Statistics Division (2024)";0;0;0;0.1;0;0;0;0;0;0;0;0;0;0;0;0;0;0.1;0.1;0.2;0.2;0.3;0.5;1.4;2;2.1;1.7;2.3;2.5;2.7;2.5;2.8;2.8
14;Eastern Africa (M49);Final consumption of renewable energy (PJ) - Electricity consumption;Renewables;"IEA (2024), World Energy Balances; Energy Balances, UN Statistics Division (2024)";64.6;65;64.6;64.8;67;69.6;73.5;74.4;81.7;84.3;88.6;100.5;107.6;119.8;123.2;125.7;132.2;135.1;133.4;128.7;140.4;144.4;157;167.2;172;177.5;175.2;179;193.6;195.2;198.5;212;219.5
151;Eastern Europe (M49);Total final energy consumption (PJ);Total;"IEA (2024), World Energy Balances; Energy Balances, UN Statistics Division (2024)";39359.8;37864.4;34646.5;33177.9;29456.1;28515.8;26997;25914.6;25067.3;25181.3;25246.1;25485.6;25045.5;25608.5;25770.7;25256.3;25883.7;25983.2;26276.6;24429.5;25778.9;26217.7;26166.9;25469.7;25596.1;25111.8;25887.2;26769.2;27631.9;27568.6;26419.1;28330.5;27227.6
151;Eastern Europe (M49);Share in total final energy consumption (%);Renewables;"IEA (2024), World Energy Balances; Energy Balances, UN Statistics Division (2024)";3;3.1;3.3;3.9;3.9;4;4;4.3;4.4;4.5;4.3;4.3;4.3;4.2;4.5;4.8;4.8;5;5;5.6;5.8;5.7;5.9;6.5;6.2;6.4;6.6;6.5;6.9;7;7.7;7.5;7.4
151;Eastern Europe (M49);Share in total final energy consumption (%);Modern renewables;"IEA (2024), World Energy Balances; Energy Balances, UN Statistics Division (2024)";3;3.1;3.3;3.9;3.9;4;4;4.3;4.4;4.5;4.3;4.3;4.3;4.2;4.5;4.8;4.8;5;5;5.6;5.8;5.7;5.9;6.5;6.2;6.4;6.6;6.5;6.9;7;7.7;7.5;7.4
151;Eastern Europe (M49);Share in total final energy consumption (%);Municipal waste (renew);"IEA (2024), World Energy Balances; Energy Balances, UN Statistics Division (2024)";0;0;0;0;0;0;0;0;0;0;0;0;0;0;0;0;0;0;0;0;0;0;0;0;0;0;0;0;0;0;0;0;0
151;Eastern Europe (M49);Share in total final energy consumption (%);Liquid biofuels;"IEA (2024), World Energy Balances; Energy Balances, UN Statistics Division (2024)";0;0;0;0;0;0;0;0;0;0;0;0;0;0;0;0;0;0;0.1;0.2;0.2;0.3;0.3;0.3;0.3;0.3;0.3;0.3;0.3;0.4;0.4;0.4;0.4
151;Eastern Europe (M49);Share in total final energy consumption (%);Solid biofuels;"IEA (2024), World Energy Balances; Energy Balances, UN Statistics Division (2024)";1.6;1.6;1.8;2.2;2;2;2.2;2.3;2.3;2.4;2.2;2.2;2.3;2.3;2.4;2.6;2.6;2.8;2.8;3.1;3.3;3.3;3.5;3.6;3.4;3.6;3.6;3.5;3.9;3.9;4.1;4;3.9
151;Eastern Europe (M49);Share in total final energy consumption (%);Biogases;"IEA (2024), World Energy Balances; Energy Balances, UN Statistics Division (2024)";0;0;0;0;0;0;0;0;0;0;0;0;0;0;0;0;0;0;0;0;0;0;0.1;0.1;0.1;0.1;0.1;0.1;0.1;0.1;0.1;0.1;0.1
151;Eastern Europe (M49);Share in total final energy consumption (%);Hydro;"IEA (2024), World Energy Balances; Energy Balances, UN Statistics Division (2024)";1.4;1.4;1.6;1.6;1.9;2;1.8;1.9;2.1;2.1;2;2.1;2;1.8;2.1;2.1;2.1;2.1;2;2.2;2.1;2;2;2.3;2.2;2.1;2.2;2.2;2.2;2.2;2.5;2.4;2.3
151;Eastern Europe (M49);Share in total final energy consumption (%);Geothermal;"IEA (2024), World Energy Balances; Energy Balances, UN Statistics Division (2024)";0;0;0;0;0;0;0;0;0;0;0;0;0;0;0;0;0;0;0;0;0;0;0;0;0;0;0;0;0;0;0;0;0
151;Eastern Europe (M49);Share in total final energy consumption (%);Tide, wave and ocean;"IEA (2024), World Energy Balances; Energy Balances, UN Statistics Division (2024)";0;0;0;0;0;0;0;0;0;0;0;0;0;0;0;0;0;0;0;0;0;0;0;0;0;0;0;0;0;0;0;0;0
151;Eastern Europe (M49);Share in total final energy consumption (%);Wind;"IEA (2024), World Energy Balances; Energy Balances, UN Statistics Division (2024)";0;0;0;0;0;0;0;0;0;0;0;0;0;0;0;0;0;0;0;0;0;0.1;0.1;0.1;0.2;0.2;0.2;0.3;0.2;0.3;0.3;0.3;0.4
151;Eastern Europe (M49);Share in total final energy consumption (%);Solar;"IEA (2024), World Energy Balances; Energy Balances, UN Statistics Division (2024)";0;0;0;0;0;0;0;0;0;0;0;0;0;0;0;0;0;0;0;0;0;0;0;0.1;0.1;0.1;0.1;0.1;0.1;0.1;0.2;0.2;0.3
151;Eastern Europe (M49);Final consumption of renewable energy (PJ) - Heat raising;Renewables;"IEA (2024), World Energy Balances; Energy Balances, UN Statistics Division (2024)";652.2;619.4;617.2;730.4;595.4;568;589.4;602.2;568.4;607.3;572.1;569.6;579;607.4;615.9;648.3;666.2;724.9;732.8;745.5;843.6;860.1;897;906;855.6;886.9;937.1;950.1;1079.8;1091;1090;1125.9;1063
151;Eastern Europe (M49);Final consumption of renewable energy (PJ) - Transport;Renewables;"IEA (2024), World Energy Balances; Energy Balances, UN Statistics Division (2024)";53.7;53.1;50.4;49.2;48.9;49.1;43.7;45.2;45.9;45.4;44.5;46.9;47.4;48;54.1;56.1;59.9;63.4;85.9;104.3;115.3;123.3;122.1;127.7;128.9;122.3;121.5;127.1;144.2;159.6;170.1;176.3;182.4
151;Eastern Europe (M49);Final consumption of renewable energy (PJ) - Electricity consumption;Renewables;"IEA (2024), World Energy Balances; Energy Balances, UN Statistics Division (2024)";482.3;496.3;488.4;499.1;499.4;510.3;449.7;462.2;481.5;478.8;465.7;489.6;458.2;428.2;496.1;500.4;505;509.9;501.8;526.5;543.7;522.9;535.9;613.2;606.6;594.9;641.4;659.5;675.1;690.5;776.2;809.7;779.1
54;Melanesia (M49);Total final energy consumption (PJ);Total;"IEA (2024), World Energy Balances; Energy Balances, UN Statistics Division (2024)";121.6;121.6;121.4;123.6;131.4;129;133.2;127.4;127.7;133.6;138.7;142.3;145.2;150.7;158.5;154.7;157.3;161.2;155.2;155.6;162.6;165.8;164.1;177.4;185.7;192.2;191.5;195.1;199.3;201.4;196.8;190.8;198.5
54;Melanesia (M49);Share in total final energy consumption (%);Renewables;"IEA (2024), World Energy Balances; Energy Balances, UN Statistics Division (2024)";60.4;59.7;60.4;59.6;58.6;58.4;57.2;57.3;56;57.7;54.2;51.6;51.2;48.5;46.2;46.9;46.7;45.3;47;46.2;43.4;43.4;43.6;44.5;42.7;41.5;40.5;40.5;39.1;39.6;40.3;42;40.9
54;Melanesia (M49);Share in total final energy consumption (%);Modern renewables;"IEA (2024), World Energy Balances; Energy Balances, UN Statistics Division (2024)";16.1;15.4;15.9;15.9;17.5;16.5;16.5;14.6;13.4;16.6;14.7;13.1;13.4;12.1;11.6;11.5;11.8;11.4;11.8;11.1;9.7;10.4;10.3;13.7;13.3;13;12;12.5;11.7;12.4;12.4;13.3;13.3
54;Melanesia (M49);Share in total final energy consumption (%);Municipal waste (renew);"IEA (2024), World Energy Balances; Energy Balances, UN Statistics Division (2024)";0;0;0;0;0;0;0;0;0;0;0;0;0;0;0;0;0;0;0;0;0;0;0;0;0;0;0;0;0;0;0;0;0
54;Melanesia (M49);Share in total final energy consumption (%);Liquid biofuels;"IEA (2024), World Energy Balances; Energy Balances, UN Statistics Division (2024)";0;0;0;0;0;0;0;0;0;0;0;0;0;0;0;0;0;0;0;0;0;0;0;0;0;0;0;0;0;0;0;0;0
54;Melanesia (M49);Share in total final energy consumption (%);Solid biofuels;"IEA (2024), World Energy Balances; Energy Balances, UN Statistics Division (2024)";56.7;56.5;57.3;56.6;54.8;54.5;52.8;53.3;51.5;52;49.3;47.3;47.2;44.8;42.8;43.4;43.1;41;42.1;41.3;39.1;38.9;39;40.1;38.9;37.8;36.9;36.8;35.7;35.7;36.4;37.9;36.8
54;Melanesia (M49);Share in total final energy consumption (%);Biogases;"IEA (2024), World Energy Balances; Energy Balances, UN Statistics Division (2024)";0;0;0;0;0;0;0;0;0;0;0;0;0;0;0;0;0;0;0;0;0;0;0;0;0;0;0;0;0.1;0;0;0;0
54;Melanesia (M49);Share in total final energy consumption (%);Hydro;"IEA (2024), World Energy Balances; Energy Balances, UN Statistics Division (2024)";3.7;3.3;3.1;2.9;3.8;3.9;4.4;3.9;4.5;4.8;4.4;4.2;4;3.6;3.2;3.2;3.1;3.6;3.9;3.8;3.3;3.6;3.8;3.7;3;3.1;3;3.2;2.9;3.3;3.2;3.4;3.3
54;Melanesia (M49);Share in total final energy consumption (%);Geothermal;"IEA (2024), World Energy Balances; Energy Balances, UN Statistics Division (2024)";0;0;0;0;0;0;0;0;0;0;0;0;0;0.1;0.1;0.3;0.5;0.6;0.8;0.8;0.7;0.7;0.6;0.5;0.4;0.4;0.3;0.3;0.2;0.2;0.2;0.2;0.2
54;Melanesia (M49);Share in total final energy consumption (%);Tide, wave and ocean;"IEA (2024), World Energy Balances; Energy Balances, UN Statistics Division (2024)";0;0;0;0;0;0;0;0;0;0;0;0;0;0;0;0;0;0;0;0;0;0;0;0;0;0;0;0;0;0;0;0;0
54;Melanesia (M49);Share in total final energy consumption (%);Wind;"IEA (2024), World Energy Balances; Energy Balances, UN Statistics Division (2024)";0;0;0;0;0;0;0;0;0;0.9;0.5;0;0;0;0;0;0.1;0.1;0.1;0.1;0.1;0.1;0.1;0.1;0.1;0.1;0.1;0.1;0.1;0.1;0.1;0.1;0.1
54;Melanesia (M49);Share in total final energy consumption (%);Solar;"IEA (2024), World Energy Balances; Energy Balances, UN Statistics Division (2024)";0;0;0;0;0;0;0;0;0;0;0;0;0;0;0;0;0;0;0.1;0.1;0.1;0.1;0.1;0.1;0.1;0.1;0.1;0.1;0.2;0.3;0.4;0.4;0.5
54;Melanesia (M49);Final consumption of renewable energy (PJ) - Heat raising;Renewables;"IEA (2024), World Energy Balances; Energy Balances, UN Statistics Division (2024)";68.8;68.5;69.4;69.8;71.8;70;70.1;67.7;65.5;69.2;68.2;67.1;68.3;67.3;67.7;67;67.6;65.9;65.4;64.4;63.6;64.5;63.9;71.1;72.3;72.6;70.7;71.8;71.3;71.9;71.6;72.3;73.2
54;Melanesia (M49);Final consumption of renewable energy (PJ) - Transport;Renewables;"IEA (2024), World Energy Balances; Energy Balances, UN Statistics Division (2024)";0;0;0;0;0;0;0;0;0;0;0;0;0;0;0;0;0;0;0;0;0;0;0;0;0;0;0;0;0;0;0;0;0
54;Melanesia (M49);Final consumption of renewable energy (PJ) - Electricity consumption;Renewables;"IEA (2024), World Energy Balances; Energy Balances, UN Statistics Division (2024)";4.6;4.2;3.9;3.8;5.3;5.3;6.1;5.3;6;7.9;7;6.3;6.1;5.8;5.5;5.6;5.8;7.1;7.6;7.5;6.9;7.4;7.7;7.9;6.9;7.1;6.9;7.3;6.8;7.8;7.6;7.9;8.1
57;Micronesia (M49);Total final energy consumption (PJ);Total;"IEA (2024), World Energy Balances; Energy Balances, UN Statistics Division (2024)";6.6;6.9;17.2;17.7;18;18.1;18.9;19.1;18;17.2;17.3;17.1;15;16.1;15.7;16.2;15.9;15.4;14.1;14.5;14.3;15;14.6;14.5;14.6;14.9;14.9;15.7;15.4;15.5;14.5;15;15.1
57;Micronesia (M49);Share in total final energy consumption (%);Renewables;"IEA (2024), World Energy Balances; Energy Balances, UN Statistics Division (2024)";7.1;6.8;3.8;3.7;3.7;3.8;3.7;3.7;3.9;4.1;4.3;4.3;5;4.6;4.8;4.6;4.8;5;5.5;5.4;5.5;5.3;5.4;5.5;5.6;6.2;7.1;6.7;7;7;7.6;7.3;8.1
57;Micronesia (M49);Share in total final energy consumption (%);Modern renewables;"IEA (2024), World Energy Balances; Energy Balances, UN Statistics Division (2024)";0;0;0;0;0;0;0;0;0;0.1;0.1;0.1;0.1;0.1;0.1;0.1;0.1;0.1;0.1;0.1;0.1;0.1;0.1;0.1;0.3;0.9;1.8;1.6;1.8;1.8;2;2;2.8
57;Micronesia (M49);Share in total final energy consumption (%);Municipal waste (renew);"IEA (2024), World Energy Balances; Energy Balances, UN Statistics Division (2024)";0;0;0;0;0;0;0;0;0;0;0;0;0;0;0;0;0;0;0;0;0;0;0;0;0;0;0;0;0;0;0;0;0
57;Micronesia (M49);Share in total final energy consumption (%);Liquid biofuels;"IEA (2024), World Energy Balances; Energy Balances, UN Statistics Division (2024)";0;0;0;0;0;0;0;0;0;0;0;0;0;0;0;0;0;0;0;0;0;0;0;0;0;0;0;0;0;0;0;0;0
57;Micronesia (M49);Share in total final energy consumption (%);Solid biofuels;"IEA (2024), World Energy Balances; Energy Balances, UN Statistics Division (2024)";7.1;6.8;3.8;3.7;3.7;3.8;3.7;3.7;3.9;4.1;4.2;4.2;4.9;4.6;4.8;4.6;4.8;5;5.5;5.4;5.5;5.2;5.3;5.5;5.4;5.3;5.4;5.2;5.3;5.3;5.6;5.4;5.4
57;Micronesia (M49);Share in total final energy consumption (%);Biogases;"IEA (2024), World Energy Balances; Energy Balances, UN Statistics Division (2024)";0;0;0;0;0;0;0;0;0;0;0;0;0;0;0;0;0;0;0;0;0;0;0;0;0;0;0;0;0;0;0;0;0
57;Micronesia (M49);Share in total final energy consumption (%);Hydro;"IEA (2024), World Energy Balances; Energy Balances, UN Statistics Division (2024)";0;0;0;0;0;0;0;0;0;0;0.1;0.1;0.1;0;0;0;0;0;0;0;0;0;0;0;0;0;0;0;0;0;0;0;0
57;Micronesia (M49);Share in total final energy consumption (%);Geothermal;"IEA (2024), World Energy Balances; Energy Balances, UN Statistics Division (2024)";0;0;0;0;0;0;0;0;0;0;0;0;0;0;0;0;0;0;0;0;0;0;0;0;0;0;0;0;0;0;0;0;0
57;Micronesia (M49);Share in total final energy consumption (%);Tide, wave and ocean;"IEA (2024), World Energy Balances; Energy Balances, UN Statistics Division (2024)";0;0;0;0;0;0;0;0;0;0;0;0;0;0;0;0;0;0;0;0;0;0;0;0;0;0;0;0;0;0;0;0;0
57;Micronesia (M49);Share in total final energy consumption (%);Wind;"IEA (2024), World Energy Balances; Energy Balances, UN Statistics Division (2024)";0;0;0;0;0;0;0;0;0;0;0;0;0;0;0;0;0;0;0;0;0;0;0;0;0;0;0;0;0;0;0;0;0
57;Micronesia (M49);Share in total final energy consumption (%);Solar;"IEA (2024), World Energy Balances; Energy Balances, UN Statistics Division (2024)";0;0;0;0;0;0;0;0;0;0;0;0;0;0;0;0;0;0;0;0;0;0;0.1;0.1;0.2;0.8;1.7;1.5;1.7;1.7;1.9;1.9;2.6
57;Micronesia (M49);Final consumption of renewable energy (PJ) - Heat raising;Renewables;"IEA (2024), World Energy Balances; Energy Balances, UN Statistics Division (2024)";0.5;0.5;0.7;0.7;0.7;0.7;0.7;0.7;0.7;0.7;0.7;0.7;0.7;0.7;0.7;0.7;0.8;0.8;0.8;0.8;0.8;0.8;0.8;0.8;0.8;0.8;0.8;0.8;0.8;0.8;0.8;0.8;0.8
57;Micronesia (M49);Final consumption of renewable energy (PJ) - Transport;Renewables;"IEA (2024), World Energy Balances; Energy Balances, UN Statistics Division (2024)";0;0;0;0;0;0;0;0;0;0;0;0;0;0;0;0;0;0;0;0;0;0;0;0;0;0;0;0;0;0;0;0;0
57;Micronesia (M49);Final consumption of renewable energy (PJ) - Electricity consumption;Renewables;"IEA (2024), World Energy Balances; Energy Balances, UN Statistics Division (2024)";0;0;0;0;0;0;0;0;0;0;0;0;0;0;0;0;0;0;0;0;0;0;0;0;0;0.1;0.3;0.2;0.3;0.3;0.3;0.3;0.4
17;Middle Africa (M49);Total final energy consumption (PJ);Total;"IEA (2024), World Energy Balances; Energy Balances, UN Statistics Division (2024)";971.8;983.4;1003.3;1036.6;1050.8;1071;1094.7;1123.1;1146.1;1179.7;1204.9;1240.1;1301.9;1377.6;1486.2;1517.7;1576.8;1594.9;1689.7;1760.7;1829.7;1884;1794.5;2016.7;2116;2153.6;2206.9;2165.9;2109.8;2133.7;2197;2401.1;2483.2
17;Middle Africa (M49);Share in total final energy consumption (%);Renewables;"IEA (2024), World Energy Balances; Energy Balances, UN Statistics Division (2024)";84.7;86;86.9;86.6;87.1;87.6;87.6;87.7;88.2;88;88.2;88.2;88;86.5;83.5;85;83.6;82.5;80.9;80.7;79.1;78.1;73.6;73.4;74.7;75.5;75.9;78.1;76.1;76.5;79.9;77.4;76
17;Middle Africa (M49);Share in total final energy consumption (%);Modern renewables;"IEA (2024), World Energy Balances; Energy Balances, UN Statistics Division (2024)";14.7;15;15.2;15.2;15;15;15.3;15.4;15.5;15.3;16.2;16.2;15.3;15.8;16.1;17.2;18.3;19.1;19.4;19.8;19.9;17.7;15.3;17.2;16.4;17;17.3;12.5;13.6;13.6;13.9;13;12.8
17;Middle Africa (M49);Share in total final energy consumption (%);Municipal waste (renew);"IEA (2024), World Energy Balances; Energy Balances, UN Statistics Division (2024)";0;0;0;0;0;0;0;0;0;0;0;0;0;0;0;0;0;0;0;0;0;0;0;0;0;0;0;0;0;0;0;0;0
17;Middle Africa (M49);Share in total final energy consumption (%);Liquid biofuels;"IEA (2024), World Energy Balances; Energy Balances, UN Statistics Division (2024)";0;0;0;0;0;0;0;0;0;0;0;0;0;0;0;0;0;0;0;0;0;0;0;0;0;0;0;0;0;0;0;0;0
17;Middle Africa (M49);Share in total final energy consumption (%);Solid biofuels;"IEA (2024), World Energy Balances; Energy Balances, UN Statistics Division (2024)";82.5;83.8;84.6;84.2;85.1;85.6;85.6;85.7;86.2;86;85.5;85.6;85.5;84;81;82.5;80.8;79.7;78.1;77.9;76.4;75.3;70.2;70.5;71.8;72.7;72.8;74.7;72.1;72.4;75.5;73.3;71.9
17;Middle Africa (M49);Share in total final energy consumption (%);Biogases;"IEA (2024), World Energy Balances; Energy Balances, UN Statistics Division (2024)";0;0;0;0;0;0;0;0;0;0;0;0;0;0;0;0;0;0;0;0;0;0;0;0;0;0;0;0;0;0;0;0;0
17;Middle Africa (M49);Share in total final energy consumption (%);Hydro;"IEA (2024), World Energy Balances; Energy Balances, UN Statistics Division (2024)";2.2;2.3;2.3;2.4;2;2;2;2;2;2;2.7;2.6;2.5;2.5;2.4;2.5;2.8;2.8;2.8;2.8;2.7;2.8;3.4;2.9;2.9;2.8;3.1;3.4;4;4.1;4.4;4.1;4
17;Middle Africa (M49);Share in total final energy consumption (%);Geothermal;"IEA (2024), World Energy Balances; Energy Balances, UN Statistics Division (2024)";0;0;0;0;0;0;0;0;0;0;0;0;0;0;0;0;0;0;0;0;0;0;0;0;0;0;0;0;0;0;0;0;0
17;Middle Africa (M49);Share in total final energy consumption (%);Tide, wave and ocean;"IEA (2024), World Energy Balances; Energy Balances, UN Statistics Division (2024)";0;0;0;0;0;0;0;0;0;0;0;0;0;0;0;0;0;0;0;0;0;0;0;0;0;0;0;0;0;0;0;0;0
17;Middle Africa (M49);Share in total final energy consumption (%);Wind;"IEA (2024), World Energy Balances; Energy Balances, UN Statistics Division (2024)";0;0;0;0;0;0;0;0;0;0;0;0;0;0;0;0;0;0;0;0;0;0;0;0;0;0;0;0;0;0;0;0;0
17;Middle Africa (M49);Share in total final energy consumption (%);Solar;"IEA (2024), World Energy Balances; Energy Balances, UN Statistics Division (2024)";0;0;0;0;0;0;0;0;0;0;0;0;0;0;0;0;0;0;0;0;0;0;0;0;0;0;0;0;0;0;0;0;0.1
17;Middle Africa (M49);Final consumption of renewable energy (PJ) - Heat raising;Renewables;"IEA (2024), World Energy Balances; Energy Balances, UN Statistics Division (2024)";801.5;823.8;848.9;873;894.3;916.9;937.1;962.2;987.5;1014;1030.7;1061.5;1113.2;1157.7;1204.4;1251.7;1271.8;1270.9;1319.1;1371.8;1396.8;1418.6;1259.7;1421;1518.4;1564.5;1606.8;1617;1519.9;1543.8;1657.9;1759.4;1785.8
17;Middle Africa (M49);Final consumption of renewable energy (PJ) - Transport;Renewables;"IEA (2024), World Energy Balances; Energy Balances, UN Statistics Division (2024)";0;0;0;0;0;0;0;0;0;0;0;0;0;0;0;0;0;0;0;0;0;0;0.1;0;0;0;0;0;0;0.1;0.1;0.1;0.1
17;Middle Africa (M49);Final consumption of renewable energy (PJ) - Electricity consumption;Renewables;"IEA (2024), World Energy Balances; Energy Balances, UN Statistics Division (2024)";21.5;22.3;23.1;24.5;20.9;21.2;21.8;22.9;23.2;23.5;32;32.6;32.3;33.9;36.4;38.2;45.8;44.3;47.9;49.3;50.4;52.7;60.7;58.5;61.8;60.8;67.8;74.2;85.3;88.5;96.8;98.5;101.5
154;Northern Europe (M49);Total final energy consumption (PJ);Total;"IEA (2024), World Energy Balances; Energy Balances, UN Statistics Division (2024)";9907.2;10175.5;9839.6;9872.2;9934.2;9938.6;10385.6;10230.8;10333.6;10423.6;10436.4;10569.5;10431.5;10532.3;10607.9;10537.3;10537.6;10500.8;10415.1;9800.7;10336.6;9636.5;9786.3;9746.9;9383;9543.6;9692.9;9710.3;9821;9710.2;9120.3;9571.3;9159.3
154;Northern Europe (M49);Share in total final energy consumption (%);Renewables;"IEA (2024), World Energy Balances; Energy Balances, UN Statistics Division (2024)";12.2;11.4;12.7;13.2;12.8;13.8;12.4;13.8;14.2;14.2;15.4;14.3;14.5;13.5;14.4;15.8;15.7;16.8;17.9;18.5;18.7;20.4;21.9;21.8;23.8;25.2;25.1;26.4;26.9;28.2;31.4;31.1;31.6
154;Northern Europe (M49);Share in total final energy consumption (%);Modern renewables;"IEA (2024), World Energy Balances; Energy Balances, UN Statistics Division (2024)";12.2;11.4;12.7;13.2;12.8;13.8;12.4;13.8;14.2;14.2;15.4;14.3;14.5;13.5;14.4;15.8;15.7;16.8;17.9;18.5;18.7;20.4;21.9;21.8;23.8;25.2;25.1;26.4;26.9;28.2;31.4;31.1;31.6
154;Northern Europe (M49);Share in total final energy consumption (%);Municipal waste (renew);"IEA (2024), World Energy Balances; Energy Balances, UN Statistics Division (2024)";0.1;0.1;0.2;0.2;0.2;0.2;0.2;0.2;0.2;0.2;0.2;0.3;0.3;0.3;0.3;0.3;0.3;0.4;0.5;0.5;0.5;0.6;0.6;0.6;0.7;0.8;0.7;0.8;0.8;0.9;1;0.9;1
154;Northern Europe (M49);Share in total final energy consumption (%);Liquid biofuels;"IEA (2024), World Energy Balances; Energy Balances, UN Statistics Division (2024)";0;0;0;0;0;0;0;0;0;0;0;0;0;0;0.1;0.1;0.2;0.4;0.6;0.8;0.9;1;1;1.1;1.4;1.3;1.4;1.7;1.8;2.1;2.2;2.3;2.6
154;Northern Europe (M49);Share in total final energy consumption (%);Solid biofuels;"IEA (2024), World Energy Balances; Energy Balances, UN Statistics Division (2024)";5.1;5;5.3;5.7;6;6.5;6.5;6.9;6.9;6.8;7.1;6.6;6.9;7.1;7.2;7.3;7.8;7.9;8;8.4;9;9.4;9.7;9.9;10.3;10.6;10.8;11.1;11.3;11.7;12.3;12.7;12.5
154;Northern Europe (M49);Share in total final energy consumption (%);Biogases;"IEA (2024), World Energy Balances; Energy Balances, UN Statistics Division (2024)";0;0.1;0.1;0.1;0.1;0.1;0.1;0.1;0.1;0.1;0.1;0.2;0.2;0.2;0.2;0.2;0.2;0.2;0.3;0.3;0.3;0.4;0.4;0.4;0.5;0.5;0.5;0.5;0.6;0.6;0.6;0.6;0.6
154;Northern Europe (M49);Share in total final energy consumption (%);Hydro;"IEA (2024), World Energy Balances; Energy Balances, UN Statistics Division (2024)";6.7;6;7;7;6.2;6.8;5.4;6.3;6.7;6.7;7.6;6.8;6.7;5.5;6;7.2;6.4;7;7.6;7.3;6.8;7.3;8.3;7.4;8;8.5;8.1;8.1;7.8;7.7;8.9;8.7;7.8
154;Northern Europe (M49);Share in total final energy consumption (%);Geothermal;"IEA (2024), World Energy Balances; Energy Balances, UN Statistics Division (2024)";0.2;0.2;0.2;0.2;0.2;0.2;0.2;0.2;0.2;0.2;0.2;0.2;0.2;0.2;0.2;0.2;0.3;0.3;0.4;0.4;0.4;0.4;0.4;0.4;0.5;0.5;0.5;0.5;0.6;0.6;0.6;0.5;0.6
154;Northern Europe (M49);Share in total final energy consumption (%);Tide, wave and ocean;"IEA (2024), World Energy Balances; Energy Balances, UN Statistics Division (2024)";0;0;0;0;0;0;0;0;0;0;0;0;0;0;0;0;0;0;0;0;0;0;0;0;0;0;0;0;0;0;0;0;0
154;Northern Europe (M49);Share in total final energy consumption (%);Wind;"IEA (2024), World Energy Balances; Energy Balances, UN Statistics Division (2024)";0;0;0;0;0.1;0.1;0.1;0.1;0.1;0.1;0.2;0.2;0.2;0.3;0.3;0.4;0.4;0.5;0.6;0.8;0.8;1.3;1.4;1.9;2.3;2.8;2.6;3.2;3.6;4.2;5.3;4.7;5.8
154;Northern Europe (M49);Share in total final energy consumption (%);Solar;"IEA (2024), World Energy Balances; Energy Balances, UN Statistics Division (2024)";0;0;0;0;0;0;0;0;0;0;0;0;0;0;0;0;0;0;0;0;0;0;0.1;0.1;0.2;0.3;0.4;0.5;0.5;0.5;0.6;0.6;0.7
154;Northern Europe (M49);Final consumption of renewable energy (PJ) - Heat raising;Renewables;"IEA (2024), World Energy Balances; Energy Balances, UN Statistics Division (2024)";517.5;520.6;534.4;572;608.1;653;686;708.1;712.7;712;740.4;709.3;725.3;743.9;756.5;761;805.3;828.9;836.3;830.3;921.2;894.7;937.1;944.3;943.6;978.6;1019.5;1047.4;1066.5;1080.7;1084.2;1162.8;1118.4
154;Northern Europe (M49);Final consumption of renewable energy (PJ) - Transport;Renewables;"IEA (2024), World Energy Balances; Energy Balances, UN Statistics Division (2024)";11;9.9;11.2;13.2;11.6;13.9;11.7;13.6;14.3;14.6;16.5;15.4;15.8;15.6;15.4;19.7;27;40.7;69.7;82;92.5;101;102.8;112.3;139.8;139.8;141.4;172.9;191.1;219.9;218.2;235.4;266.5
154;Northern Europe (M49);Final consumption of renewable energy (PJ) - Electricity consumption;Renewables;"IEA (2024), World Energy Balances; Energy Balances, UN Statistics Division (2024)";685;632.8;704.8;713.1;648.1;704.7;591.5;687;742.4;753.8;852.3;782.7;776.3;666.6;752.1;883.5;818.4;890.2;962.1;905.5;920.6;969.1;1100.3;1072.5;1147.9;1287;1270.4;1345.3;1386.8;1438.1;1563.6;1579.4;1505.9
61;Polynesia (M49);Total final energy consumption (PJ);Total;"IEA (2024), World Energy Balances; Energy Balances, UN Statistics Division (2024)";15.6;15.8;15.9;16;16.4;16.6;16.8;17.4;17.9;18.3;17.7;18.7;19.2;19.7;19.9;20.2;19.4;20.3;19.9;20.2;22.5;21;21;20.8;20.5;20.9;22;21.8;22;22.8;21.4;22;22.6
61;Polynesia (M49);Share in total final energy consumption (%);Renewables;"IEA (2024), World Energy Balances; Energy Balances, UN Statistics Division (2024)";12.6;12.7;13.7;14.2;14.5;15.2;15.2;15.5;16.3;15.1;17.1;13.5;12.6;13.7;13;13;12.6;12.1;11.9;11.5;10.6;10.5;10.5;11;11.7;11.7;11.7;11.1;11.3;11;11.6;10.4;10.7
61;Polynesia (M49);Share in total final energy consumption (%);Modern renewables;"IEA (2024), World Energy Balances; Energy Balances, UN Statistics Division (2024)";3.9;3.9;4.9;5.3;5.7;6.4;6.3;6.7;7.5;6.5;7.9;4.9;4.4;5.8;5.3;5.5;4.8;4.8;4.7;4.4;4.8;3.6;3.5;3.5;3.9;4.2;4.5;4.6;4.8;4.8;5;4.8;5.2
61;Polynesia (M49);Share in total final energy consumption (%);Municipal waste (renew);"IEA (2024), World Energy Balances; Energy Balances, UN Statistics Division (2024)";0;0;0;0;0;0;0;0;0;0;0;0;0;0;0;0;0;0;0;0;0;0;0;0;0;0;0;0;0;0;0;0;0
61;Polynesia (M49);Share in total final energy consumption (%);Liquid biofuels;"IEA (2024), World Energy Balances; Energy Balances, UN Statistics Division (2024)";0;0;0;0;0;0;0;0;0;0;0;0;0;0;0;0;0;0;0;0;0;0;0;0;0;0;0;0;0;0;0;0;0
61;Polynesia (M49);Share in total final energy consumption (%);Solid biofuels;"IEA (2024), World Energy Balances; Energy Balances, UN Statistics Division (2024)";10.9;11;11.2;11.6;11.7;11.8;12.2;12.3;12.4;12.1;13.6;10.6;9.7;10.4;9.4;9.4;8.5;7.7;7.6;7.4;6.7;7;7;7.6;7.8;7.5;7.2;6.5;6.5;6.3;6.7;5.6;5.5
61;Polynesia (M49);Share in total final energy consumption (%);Biogases;"IEA (2024), World Energy Balances; Energy Balances, UN Statistics Division (2024)";0;0;0;0;0;0;0;0;0;0;0;0;0;0;0;0;0;0;0;0;0;0;0;0;0;0;0;0;0;0;0;0;0
61;Polynesia (M49);Share in total final energy consumption (%);Hydro;"IEA (2024), World Energy Balances; Energy Balances, UN Statistics Division (2024)";1.7;1.7;2.5;2.5;2.8;3.3;3;3.2;3.9;3;3.4;2.9;2.9;3.3;3.6;3.6;4.1;4.3;4.2;4;3.6;3.1;2.9;2.7;3;3.1;3.2;3.1;3.1;3;3.1;3;3.4
61;Polynesia (M49);Share in total final energy consumption (%);Geothermal;"IEA (2024), World Energy Balances; Energy Balances, UN Statistics Division (2024)";0;0;0;0;0;0;0;0;0;0;0;0;0;0;0;0;0;0;0;0;0;0;0;0;0;0;0;0;0;0;0;0;0
61;Polynesia (M49);Share in total final energy consumption (%);Tide, wave and ocean;"IEA (2024), World Energy Balances; Energy Balances, UN Statistics Division (2024)";0;0;0;0;0;0;0;0;0;0;0;0;0;0;0;0;0;0;0;0;0;0;0;0;0;0;0;0;0;0;0;0;0
61;Polynesia (M49);Share in total final energy consumption (%);Wind;"IEA (2024), World Energy Balances; Energy Balances, UN Statistics Division (2024)";0;0;0;0;0;0;0;0;0;0;0;0;0;0;0;0;0;0;0;0;0;0;0;0;0;0;0;0;0;0;0;0;0
61;Polynesia (M49);Share in total final energy consumption (%);Solar;"IEA (2024), World Energy Balances; Energy Balances, UN Statistics Division (2024)";0;0;0;0;0;0;0;0;0;0;0;0;0;0;0;0;0;0;0.1;0.1;0.4;0.5;0.6;0.7;0.9;1.1;1.3;1.6;1.7;1.7;1.8;1.8;1.8
61;Polynesia (M49);Final consumption of renewable energy (PJ) - Heat raising;Renewables;"IEA (2024), World Energy Balances; Energy Balances, UN Statistics Division (2024)";1.7;1.7;1.8;1.9;1.9;2;2.1;2.1;2.2;2.2;2.4;2;1.9;2.1;1.9;1.9;1.7;1.6;1.5;1.5;1.6;1.5;1.5;1.7;1.7;1.6;1.7;1.5;1.5;1.5;1.5;1.3;1.3
61;Polynesia (M49);Final consumption of renewable energy (PJ) - Transport;Renewables;"IEA (2024), World Energy Balances; Energy Balances, UN Statistics Division (2024)";0;0;0;0;0;0;0;0;0;0;0;0;0;0;0;0;0;0;0;0;0;0;0;0;0;0;0;0;0;0;0;0;0
61;Polynesia (M49);Final consumption of renewable energy (PJ) - Electricity consumption;Renewables;"IEA (2024), World Energy Balances; Energy Balances, UN Statistics Division (2024)";0.3;0.3;0.4;0.4;0.5;0.6;0.5;0.6;0.7;0.5;0.6;0.5;0.6;0.7;0.7;0.7;0.8;0.9;0.8;0.8;0.8;0.7;0.7;0.6;0.7;0.8;0.9;0.9;1;1;1;1;1.1
5;South America (M49);Total final energy consumption (PJ);Total;"IEA (2024), World Energy Balances; Energy Balances, UN Statistics Division (2024)";8601.2;8841.1;8996.1;9366.2;9744.5;10222.6;10798.8;11138.7;11400.7;11400;11505.6;11524.3;11797;11958.4;12615.5;12957.3;13264.9;13872.6;14389.2;14162.5;15363.7;16019.4;16409.4;17044.1;17031.7;16770.5;16611.4;16734.5;16665.6;16549.9;15524.9;16400.7;17327
5;South America (M49);Share in total final energy consumption (%);Renewables;"IEA (2024), World Energy Balances; Energy Balances, UN Statistics Division (2024)";37;36.5;36;35.3;35.6;34.4;33;32.3;32.8;33.3;33;32.5;33.5;34.6;34.2;34.5;35.1;35.3;35.2;36.3;34.7;33.9;33;32.6;32.3;33.3;34.3;34.7;35.4;36.3;39.6;36.7;36.9
5;South America (M49);Share in total final energy consumption (%);Modern renewables;"IEA (2024), World Energy Balances; Energy Balances, UN Statistics Division (2024)";29.9;29.7;29.6;29.5;30.2;29.6;28.5;28;28.3;28.8;28.5;28;28.8;29.9;29.7;30.1;30.8;31.4;31.4;32.4;31.3;30.9;30.1;30;29.6;30.6;31.5;31.9;32.4;33.3;36.4;33.5;33.9
5;South America (M49);Share in total final energy consumption (%);Municipal waste (renew);"IEA (2024), World Energy Balances; Energy Balances, UN Statistics Division (2024)";NaN;NaN;NaN;NaN;NaN;NaN;NaN;NaN;NaN;NaN;0;0;0;0;0;0;0;0;0;0;0;NaN;NaN;NaN;NaN;NaN;NaN;NaN;NaN;0;0;0;0
5;South America (M49);Share in total final energy consumption (%);Liquid biofuels;"IEA (2024), World Energy Balances; Energy Balances, UN Statistics Division (2024)";2.9;2.9;2.8;2.8;2.9;2.8;2.8;2.6;2.5;2.5;2.1;2;2.2;2;2.1;2.3;2.1;2.7;3.6;4;4.1;3.7;3.6;4;4.4;5.2;4.9;5;5.7;6.4;6.1;5.8;5.5
5;South America (M49);Share in total final energy consumption (%);Solid biofuels;"IEA (2024), World Energy Balances; Energy Balances, UN Statistics Division (2024)";22;21.1;20.6;19.5;19.5;18.5;17.5;16.6;17.1;17.8;17.2;17.7;18.1;19;18.8;18.6;19;18.8;18.3;18.3;17.7;16.9;16.8;16.5;16.2;16.3;17;17;16.4;16.4;19;17.1;16.6
5;South America (M49);Share in total final energy consumption (%);Biogases;"IEA (2024), World Energy Balances; Energy Balances, UN Statistics Division (2024)";NaN;NaN;NaN;NaN;NaN;NaN;NaN;NaN;NaN;NaN;0;0;0;0;0;0;0;0;0;0;0;0;0;0;0;0;0;0;0;0;0;0.1;0.1
5;South America (M49);Share in total final energy consumption (%);Hydro;"IEA (2024), World Energy Balances; Energy Balances, UN Statistics Division (2024)";12.1;12.4;12.6;13;13.2;13.1;12.8;13.1;13.1;13;13.7;12.9;13.2;13.5;13.2;13.6;13.9;13.7;13.2;13.9;12.8;13.1;12.4;11.8;11.2;11.1;11.4;11.4;11.8;11.7;12.3;11.1;11.7
5;South America (M49);Share in total final energy consumption (%);Geothermal;"IEA (2024), World Energy Balances; Energy Balances, UN Statistics Division (2024)";NaN;NaN;NaN;NaN;NaN;0;0;0;0;0;0;0;0;0;0;0;0;0;0;0;0;0;0;0;0;0;0;0;0;0;0;0;0
5;South America (M49);Share in total final energy consumption (%);Tide, wave and ocean;"IEA (2024), World Energy Balances; Energy Balances, UN Statistics Division (2024)";NaN;NaN;NaN;NaN;NaN;NaN;NaN;NaN;NaN;NaN;0;0;0;0;0;0;0;0;0;0;0;NaN;NaN;NaN;NaN;NaN;NaN;NaN;NaN;NaN;NaN;NaN;NaN
5;South America (M49);Share in total final energy consumption (%);Wind;"IEA (2024), World Energy Balances; Energy Balances, UN Statistics Division (2024)";NaN;NaN;NaN;NaN;NaN;NaN;0;0;0;0;0;0;0;0;0;0;0;0;0;0;0;0.1;0.1;0.1;0.3;0.5;0.7;0.9;1;1.3;1.5;1.7;1.8
5;South America (M49);Share in total final energy consumption (%);Solar;"IEA (2024), World Energy Balances; Energy Balances, UN Statistics Division (2024)";0;0;0;0;0;0;0;0;0;0;0;0;0.1;0.1;0.1;0.1;0.1;0.1;0.1;0.1;0.1;0.1;0.1;0.1;0.2;0.2;0.2;0.3;0.4;0.5;0.7;0.8;1.1
5;South America (M49);Final consumption of renewable energy (PJ) - Heat raising;Renewables;"IEA (2024), World Energy Balances; Energy Balances, UN Statistics Division (2024)";1880.1;1852.9;1835.3;1806.6;1880.8;1866.3;1860.6;1823.2;1929.5;2005;1950.5;2004.5;2105.3;2236.7;2332.6;2368;2473.8;2548.6;2577.7;2521.2;2620.2;2621.2;2663;2701;2642.4;2616.2;2701.1;2725.7;2625.9;2609.6;2831.7;2706.4;2776.6
5;South America (M49);Final consumption of renewable energy (PJ) - Transport;Renewables;"IEA (2024), World Energy Balances; Energy Balances, UN Statistics Division (2024)";252.1;261.9;256.7;267.5;284.5;293.8;305.5;295.6;290.3;291;250.6;231.6;260.3;248.1;275.6;299.3;283.6;388;520.1;574.8;648.3;599.9;572.9;673.8;740.8;863.7;804.6;823.9;936.4;1028.5;914.7;918.5;935.6
5;South America (M49);Final consumption of renewable energy (PJ) - Electricity consumption;Renewables;"IEA (2024), World Energy Balances; Energy Balances, UN Statistics Division (2024)";1047.8;1108.1;1150.3;1233;1303;1353.9;1400.9;1482.7;1514.6;1502.4;1596.2;1514.4;1587.7;1657.4;1711.6;1809.5;1895.1;1963.6;1971.4;2045.2;2067.6;2217.2;2180.9;2177.1;2110.6;2105.7;2194;2250.9;2344.2;2362.2;2395.2;2386.7;2679.6
18;Southern Africa (M49);Total final energy consumption (PJ);Total;"IEA (2024), World Energy Balances; Energy Balances, UN Statistics Division (2024)";2056.8;2042.9;1963.4;1966.9;2026.5;2109.4;2234.6;2324.1;2338.4;2256.5;2098.5;2077.9;2202.2;2291.8;2417.4;2540.4;2574.8;2668.1;2665.5;2766;2500.4;2538.6;2628.8;2774;2754.4;2688.8;2671.2;2856.5;2829.3;2649.5;2450.6;2509.7;2467.3
18;Southern Africa (M49);Share in total final energy consumption (%);Renewables;"IEA (2024), World Energy Balances; Energy Balances, UN Statistics Division (2024)";18.3;19.5;20.3;20.5;20.4;19.9;19.2;18.8;18.9;19.7;13.2;12.8;12.4;11.2;10.1;9.8;9.7;9;9;8.4;8.8;8.6;8.2;7.9;7.8;8;8.2;8.1;8.6;9.1;9.9;9.8;10.3
18;Southern Africa (M49);Share in total final energy consumption (%);Modern renewables;"IEA (2024), World Energy Balances; Energy Balances, UN Statistics Division (2024)";3.4;3.8;3.8;3.7;3.7;3.6;3.5;3.5;3.5;3.4;5.4;5.1;5.3;4.5;4.1;4.2;4.3;3.9;3.9;3.6;3.8;3.9;3.8;3.9;3.8;3.8;4;4.3;4.8;5.1;5.6;5.7;6.1
18;Southern Africa (M49);Share in total final energy consumption (%);Municipal waste (renew);"IEA (2024), World Energy Balances; Energy Balances, UN Statistics Division (2024)";NaN;0;0;0;0;0;0;0;0;0;0;0;0;0;0;0;0;0;0;0;0;0;0;0;0;0;0;0;0;0;0;0;0
18;Southern Africa (M49);Share in total final energy consumption (%);Liquid biofuels;"IEA (2024), World Energy Balances; Energy Balances, UN Statistics Division (2024)";NaN;0;0;0;0;0;0;0;0;0;0;0;0;0;0;0;0;0;0;0;0;0;0;0;0;0;0;0;0;0;0;0;0
18;Southern Africa (M49);Share in total final energy consumption (%);Solid biofuels;"IEA (2024), World Energy Balances; Energy Balances, UN Statistics Division (2024)";18.1;18.9;20;20.4;20.2;19.7;18.9;18.4;18.6;19.3;12.8;12.3;11.8;10.8;9.8;9.4;9.1;8.7;8.6;8;8.2;8;7.7;7.5;7.1;7;6.9;6.7;6.9;7.3;7.7;7.3;7.5
18;Southern Africa (M49);Share in total final energy consumption (%);Biogases;"IEA (2024), World Energy Balances; Energy Balances, UN Statistics Division (2024)";NaN;0;0;0;0;0;0;0;0;0;0;0;0;0;0;0;0;0;0;0;0;0;0;0;0;0;0;0;0;0;0;0;0
18;Southern Africa (M49);Share in total final energy consumption (%);Hydro;"IEA (2024), World Energy Balances; Energy Balances, UN Statistics Division (2024)";0.2;0.5;0.3;0.2;0.3;0.2;0.3;0.4;0.4;0.3;0.4;0.5;0.6;0.3;0.3;0.4;0.6;0.3;0.4;0.4;0.5;0.5;0.4;0.3;0.3;0.3;0.3;0.3;0.3;0.3;0.4;0.5;0.6
18;Southern Africa (M49);Share in total final energy consumption (%);Geothermal;"IEA (2024), World Energy Balances; Energy Balances, UN Statistics Division (2024)";NaN;0;0;0;0;0;0;0;0;0;0;0;0;0;0;0;0;0;0;0;0;0;0;0;0;0;0;0;0;0;0;0;0
18;Southern Africa (M49);Share in total final energy consumption (%);Tide, wave and ocean;"IEA (2024), World Energy Balances; Energy Balances, UN Statistics Division (2024)";NaN;0;0;0;0;0;0;0;0;0;0;0;0;0;0;0;0;0;0;0;0;0;0;0;0;0;0;0;0;0;0;0;0
18;Southern Africa (M49);Share in total final energy consumption (%);Wind;"IEA (2024), World Energy Balances; Energy Balances, UN Statistics Division (2024)";NaN;0;0;0;0;0;0;0;0;0;0;0;0;0;0;0;0;0;0;0;0;0;0;0;0.1;0.3;0.4;0.5;0.7;0.7;0.8;1;1.2
18;Southern Africa (M49);Share in total final energy consumption (%);Solar;"IEA (2024), World Energy Balances; Energy Balances, UN Statistics Division (2024)";0;0;0;0;0;0;0;0;0;0;0;0;0;0;0;0;0;0;0.1;0.1;0.1;0.1;0.1;0.1;0.3;0.4;0.5;0.6;0.7;0.8;1;1.1;1
18;Southern Africa (M49);Final consumption of renewable energy (PJ) - Heat raising;Renewables;"IEA (2024), World Energy Balances; Energy Balances, UN Statistics Division (2024)";372.7;386.3;392.9;399.8;408.2;414.8;421.1;426.4;433;434.8;266.5;254.2;258.3;246.7;235.3;238.1;233.4;230.6;229.3;221.4;205.9;203.6;203.6;209.1;199.3;191.6;188.5;193.6;198.5;196;190.8;186.7;187.8
18;Southern Africa (M49);Final consumption of renewable energy (PJ) - Transport;Renewables;"IEA (2024), World Energy Balances; Energy Balances, UN Statistics Division (2024)";0.1;0.3;0.2;0.1;0.2;0.2;0.2;0.3;0.3;0.2;0.3;0.4;0.5;0.3;0.3;0.3;0.3;0.3;0.2;0.2;0.2;0.3;0.2;0.2;0.3;0.4;0.5;0.6;0.6;0.6;0.6;0.8;0.7
18;Southern Africa (M49);Final consumption of renewable energy (PJ) - Electricity consumption;Renewables;"IEA (2024), World Energy Balances; Energy Balances, UN Statistics Division (2024)";4;10.8;6.2;4.1;5.8;5.6;7.9;9.9;9.7;8.7;10.8;12.4;14.2;9.1;9.2;11.7;16.1;10.3;10.9;11.6;13.4;13.9;11.8;10.7;16.5;23.3;29.8;37.1;42.8;43.3;50.6;58.7;64.6
39;Southern Europe (M49);Total final energy consumption (PJ);Total;"IEA (2024), World Energy Balances; Energy Balances, UN Statistics Division (2024)";8982.1;9067.8;8944.9;8875.8;8890.9;9177.5;9533.7;9758.5;10120.4;10356.2;10653.6;10992.5;11140;11719.1;11985.9;12283.9;12118;12247.7;12053;11354.3;11475;11082;10703.4;10374.2;10046.3;10285.6;10363.7;10452.4;10573.2;10533.8;9590.8;10465.1;10283.8
39;Southern Europe (M49);Share in total final energy consumption (%);Renewables;"IEA (2024), World Energy Balances; Energy Balances, UN Statistics Division (2024)";8.5;9.2;8.5;8.9;9.4;8.7;9.6;9.1;8.9;8.5;8.7;9.2;8.5;9.5;9;9.1;10.1;10.6;11.9;14;15.4;14.7;16.3;18.3;18.9;18.1;18.2;17.2;18.8;18.9;21;20.6;19.5
39;Southern Europe (M49);Share in total final energy consumption (%);Modern renewables;"IEA (2024), World Energy Balances; Energy Balances, UN Statistics Division (2024)";8.5;9.2;8.5;8.9;9.4;8.7;9.6;9.1;8.9;8.5;8.7;9.2;8.5;9.5;9;9.1;10.1;10.6;11.9;14;15.4;14.7;16.3;18.3;18.9;18.1;18.2;17.2;18.8;18.9;21;20.6;19.5
39;Southern Europe (M49);Share in total final energy consumption (%);Municipal waste (renew);"IEA (2024), World Energy Balances; Energy Balances, UN Statistics Division (2024)";0;0;0;0;0;0;0;0;0;0;0;0;0;0;0.1;0.1;0.1;0.1;0.1;0.1;0.1;0.1;0.1;0.1;0.1;0.1;0.1;0.2;0.1;0.2;0.2;0.1;0.1
39;Southern Europe (M49);Share in total final energy consumption (%);Liquid biofuels;"IEA (2024), World Energy Balances; Energy Balances, UN Statistics Division (2024)";NaN;NaN;NaN;NaN;NaN;NaN;NaN;NaN;NaN;NaN;0;0;0.1;0.1;0.2;0.1;0.2;0.3;0.6;1;1.3;1.4;1.7;1.2;1.2;1.3;1.3;1.3;1.6;1.6;1.7;1.6;1.6
39;Southern Europe (M49);Share in total final energy consumption (%);Solid biofuels;"IEA (2024), World Energy Balances; Energy Balances, UN Statistics Division (2024)";5;5;4.9;4.9;4.9;4.8;4.6;4.6;4.5;4.4;4.5;4.4;4.7;5;4.5;5.1;5.5;6.1;6.6;7;6.7;6.2;7.2;7.4;7.3;7.7;7.3;7.5;7.4;7.5;8.4;8.1;8
39;Southern Europe (M49);Share in total final energy consumption (%);Biogases;"IEA (2024), World Energy Balances; Energy Balances, UN Statistics Division (2024)";0;0;0;0;0;0;0;0;0;0;0;0;0.1;0.1;0.1;0.1;0.1;0.1;0.1;0.1;0.1;0.3;0.3;0.4;0.5;0.4;0.4;0.5;0.5;0.5;0.5;0.4;0.4
39;Southern Europe (M49);Share in total final energy consumption (%);Hydro;"IEA (2024), World Energy Balances; Energy Balances, UN Statistics Division (2024)";3.2;3.9;3.4;3.6;4.1;3.6;4.6;4.1;3.9;3.6;3.7;4;3;3.5;3.3;2.7;3.1;2.7;2.9;3.6;4.6;3.6;3.1;4.7;5.2;4;4.4;3;4.5;3.8;4.3;4.3;2.8
39;Southern Europe (M49);Share in total final energy consumption (%);Geothermal;"IEA (2024), World Energy Balances; Energy Balances, UN Statistics Division (2024)";0.2;0.2;0.2;0.2;0.2;0.2;0.2;0.2;0.2;0.2;0.2;0.2;0.2;0.2;0.2;0.2;0.2;0.2;0.2;0.2;0.2;0.2;0.2;0.3;0.3;0.3;0.3;0.3;0.3;0.3;0.3;0.3;0.3
39;Southern Europe (M49);Share in total final energy consumption (%);Tide, wave and ocean;"IEA (2024), World Energy Balances; Energy Balances, UN Statistics Division (2024)";NaN;NaN;NaN;NaN;NaN;NaN;NaN;NaN;NaN;NaN;NaN;NaN;NaN;NaN;NaN;0;0;0;0;0;0;0;0;0;0;0;NaN;0;NaN;0;0;0;0
39;Southern Europe (M49);Share in total final energy consumption (%);Wind;"IEA (2024), World Energy Balances; Energy Balances, UN Statistics Division (2024)";0;0;0;0;0;0;0;0;0.1;0.1;0.2;0.3;0.4;0.4;0.5;0.7;0.8;1;1.2;1.6;1.8;1.9;2.4;2.7;2.7;2.6;2.7;2.8;2.8;3.2;3.4;3.5;3.5
39;Southern Europe (M49);Share in total final energy consumption (%);Solar;"IEA (2024), World Energy Balances; Energy Balances, UN Statistics Division (2024)";0;0;0.1;0.1;0.1;0.1;0.1;0.1;0.1;0.1;0.1;0.1;0.1;0.1;0.1;0.1;0.1;0.1;0.2;0.4;0.5;0.9;1.3;1.5;1.7;1.7;1.6;1.8;1.6;1.8;2.2;2.3;2.9
39;Southern Europe (M49);Final consumption of renewable energy (PJ) - Heat raising;Renewables;"IEA (2024), World Energy Balances; Energy Balances, UN Statistics Division (2024)";459.6;462.3;446.2;446.4;450.4;449.5;452.9;459.5;466.4;469.6;489.7;497.7;529.7;592.5;548.5;636.6;676.4;761.2;806.5;813.9;787.6;709.9;789.4;792.2;758;814;785.1;809.7;816.3;828.8;833.7;864.5;841.6
39;Southern Europe (M49);Final consumption of renewable energy (PJ) - Transport;Renewables;"IEA (2024), World Energy Balances; Energy Balances, UN Statistics Division (2024)";7.8;9.6;8.5;9.1;10.7;8.9;11.5;10.2;10.2;9.3;13.1;14.6;15.5;20.2;30;29.2;30.2;41.5;77.7;121.5;158.3;167.3;184.9;133.7;130.6;135.5;135.6;140.8;174.4;177.2;164.8;175.8;170.3
39;Southern Europe (M49);Final consumption of renewable energy (PJ) - Electricity consumption;Renewables;"IEA (2024), World Energy Balances; Energy Balances, UN Statistics Division (2024)";296.6;358.6;309.1;331.7;373.6;339.4;453;419;419.4;404;428.4;494.4;402.1;497.8;501.5;457;517.4;498.4;549.4;658.6;823.5;746.3;766.6;970;1014.7;917.1;960.5;847.6;1002;981.5;1014.8;1116.4;998.4
11;Western Africa (M49);Total final energy consumption (PJ);Total;"IEA (2024), World Energy Balances; Energy Balances, UN Statistics Division (2024)";1638.2;1696.9;1800.2;1776.5;1743.5;1817.3;1930.9;2061.5;2060.2;2161.1;2157.6;2260.8;2324.8;2459.2;2517.3;2590.3;2590.5;2644.3;2799.3;2805.8;3067.1;3311.8;3531.8;3673.8;3717.2;3680.4;3796.7;3853.9;4020.5;4190.7;4199.9;4520.1;4642.1
11;Western Africa (M49);Share in total final energy consumption (%);Renewables;"IEA (2024), World Energy Balances; Energy Balances, UN Statistics Division (2024)";72.6;71.2;68.5;70.8;73.3;72.2;70.4;68.6;70;68.5;66.5;64.5;64.2;62.1;63.5;63.7;65.3;66.1;64.5;66.6;64.6;62.6;62.1;59.8;57.3;57.4;56.8;57.3;55.7;54.9;56.4;54.2;54
11;Western Africa (M49);Share in total final energy consumption (%);Modern renewables;"IEA (2024), World Energy Balances; Energy Balances, UN Statistics Division (2024)";12.5;12.5;12.1;12.6;13;13;12.7;12.1;11.9;11.2;11.8;11.6;11.5;11.1;11.3;11.6;11.9;12.8;13.1;14;14.3;14.7;16.4;14.7;11.4;11.4;11.3;11.4;11.1;11.5;11.5;10.8;10.9
11;Western Africa (M49);Share in total final energy consumption (%);Municipal waste (renew);"IEA (2024), World Energy Balances; Energy Balances, UN Statistics Division (2024)";0;0;0;0;0;0;0;0;0;0;0;0;0;0;0;0;0;0;0;0;0;0;0;0;0;0;0;0;0;0;0;0;0
11;Western Africa (M49);Share in total final energy consumption (%);Liquid biofuels;"IEA (2024), World Energy Balances; Energy Balances, UN Statistics Division (2024)";0;0;0;0;0;0;0;0;0;0;0;0;0;0;0;0;0;0;0;0;0;0;0;0;0;0;0;0;0;0;0;0;0
11;Western Africa (M49);Share in total final energy consumption (%);Solid biofuels;"IEA (2024), World Energy Balances; Energy Balances, UN Statistics Division (2024)";70.7;69.1;66.5;68.7;71.3;70.1;68.4;66.8;68.5;66.9;64.7;62.8;62.4;60.7;61.8;62;63.8;64.6;62.9;64.9;63;61;60.6;58.5;56;56.3;55.6;55.8;54.1;53.2;54.7;52.5;52.2
11;Western Africa (M49);Share in total final energy consumption (%);Biogases;"IEA (2024), World Energy Balances; Energy Balances, UN Statistics Division (2024)";0;0;0;0;0;0;0;0;0;0;0;0;0;0;0;0;0;0;0;0;0;0;0;0;0;0;0;0;0;0;0;0;0
11;Western Africa (M49);Share in total final energy consumption (%);Hydro;"IEA (2024), World Energy Balances; Energy Balances, UN Statistics Division (2024)";1.9;2.1;2;2.1;2;2.1;2;1.9;1.5;1.6;1.8;1.7;1.7;1.5;1.7;1.7;1.5;1.5;1.6;1.7;1.6;1.6;1.5;1.3;1.3;1.1;1.2;1.4;1.5;1.6;1.6;1.5;1.7
11;Western Africa (M49);Share in total final energy consumption (%);Geothermal;"IEA (2024), World Energy Balances; Energy Balances, UN Statistics Division (2024)";0;0;0;0;0;0;0;0;0;0;0;0;0;0;0;0;0;0;0;0;0;0;0;0;0;0;0;0;0;0;0;0;0
11;Western Africa (M49);Share in total final energy consumption (%);Tide, wave and ocean;"IEA (2024), World Energy Balances; Energy Balances, UN Statistics Division (2024)";0;0;0;0;0;0;0;0;0;0;0;0;0;0;0;0;0;0;0;0;0;0;0;0;0;0;0;0;0;0;0;0;0
11;Western Africa (M49);Share in total final energy consumption (%);Wind;"IEA (2024), World Energy Balances; Energy Balances, UN Statistics Division (2024)";0;0;0;0;0;0;0;0;0;0;0;0;0;0;0;0;0;0;0;0;0;0;0;0;0;0;0;0;0;0;0;0;0
11;Western Africa (M49);Share in total final energy consumption (%);Solar;"IEA (2024), World Energy Balances; Energy Balances, UN Statistics Division (2024)";0;0;0;0;0;0;0;0;0;0;0;0;0;0;0;0;0;0;0;0;0;0;0;0;0;0;0;0;0;0.1;0.1;0.1;0.1
11;Western Africa (M49);Final consumption of renewable energy (PJ) - Heat raising;Renewables;"IEA (2024), World Energy Balances; Energy Balances, UN Statistics Division (2024)";1158.5;1172.4;1197.1;1220.2;1242.2;1273.6;1320.2;1376;1411.6;1445.2;1396.2;1419.8;1451.1;1491.7;1555.3;1606;1652;1707.7;1759.3;1821.2;1932.4;2021.2;2140.4;2147.4;2080.9;2070.1;2110.6;2150.9;2174.6;2227.6;2297.7;2373.7;2421.1
11;Western Africa (M49);Final consumption of renewable energy (PJ) - Transport;Renewables;"IEA (2024), World Energy Balances; Energy Balances, UN Statistics Division (2024)";0;0;0;0;0;0;0;0;0;0;0;0;0;0;0;0;0;0;0;0;0;0;0;0;0;0;0;0;0;0;0;0;0
11;Western Africa (M49);Final consumption of renewable energy (PJ) - Electricity consumption;Renewables;"IEA (2024), World Energy Balances; Energy Balances, UN Statistics Division (2024)";30.6;35.4;36.7;38.1;35.3;38.6;39;38.6;30.9;35.5;38.6;39.3;40.6;36.3;42.1;44;38.6;40.2;46.6;47;48.9;52.3;54.4;49.8;47.7;42.3;46.3;57.8;64.1;73;70.4;75.6;86.5
155;Western Europe (M49);Total final energy consumption (PJ);Total;"IEA (2024), World Energy Balances; Energy Balances, UN Statistics Division (2024)";19143.9;19713.7;19419.6;19459.8;19118.5;19456.7;20475.7;19999.1;20149.8;20023.7;19991.8;20583.4;20219.6;20717.7;20762.7;20587.1;20663.2;19803.6;20381;19516.2;20573.7;19529.2;19906.5;20320.9;18961.8;19388.3;19715.1;19689.7;19426;19291.3;18227;19119.9;18116.6
155;Western Europe (M49);Share in total final energy consumption (%);Renewables;"IEA (2024), World Energy Balances; Energy Balances, UN Statistics Division (2024)";5.8;6.1;6.3;6.2;6.3;6.3;6;6.3;6.3;6.7;6.7;6.9;6.8;7.2;7.7;8.1;8.8;10.2;10.6;11.2;11.8;11.9;13.3;13.7;14;14.3;14.5;15;15.8;16.5;18;17.7;19
155;Western Europe (M49);Share in total final energy consumption (%);Modern renewables;"IEA (2024), World Energy Balances; Energy Balances, UN Statistics Division (2024)";5.8;6.1;6.3;6.2;6.3;6.3;6;6.3;6.3;6.7;6.7;6.9;6.8;7.2;7.7;8.1;8.8;10.2;10.6;11.2;11.8;11.9;13.3;13.7;14;14.3;14.5;15;15.8;16.5;18;17.7;19
155;Western Europe (M49);Share in total final energy consumption (%);Municipal waste (renew);"IEA (2024), World Energy Balances; Energy Balances, UN Statistics Division (2024)";0.2;0.2;0.2;0.2;0.2;0.2;0.2;0.2;0.2;0.3;0.3;0.3;0.3;0.3;0.4;0.4;0.4;0.5;0.4;0.4;0.4;0.5;0.5;0.5;0.6;0.6;0.6;0.6;0.6;0.7;0.7;0.7;0.7
155;Western Europe (M49);Share in total final energy consumption (%);Liquid biofuels;"IEA (2024), World Energy Balances; Energy Balances, UN Statistics Division (2024)";0;0;0;0;0;0;0.1;0.1;0.1;0.1;0.1;0.1;0.2;0.2;0.3;0.6;1;1.3;1.3;1.4;1.4;1.4;1.5;1.4;1.6;1.5;1.6;1.6;1.8;1.8;2;1.9;2
155;Western Europe (M49);Share in total final energy consumption (%);Solid biofuels;"IEA (2024), World Energy Balances; Energy Balances, UN Statistics Division (2024)";3.5;3.8;3.7;3.6;3.4;3.4;3.4;3.6;3.6;3.6;3.5;3.5;3.5;4;4.2;4.4;4.4;4.8;5.1;5.4;5.9;5.6;6.1;6.2;5.8;5.9;6;5.9;6.1;6.2;6.3;6.8;7
155;Western Europe (M49);Share in total final energy consumption (%);Biogases;"IEA (2024), World Energy Balances; Energy Balances, UN Statistics Division (2024)";0.1;0.1;0.1;0.1;0.1;0.1;0.1;0.1;0.1;0.1;0.1;0.1;0.2;0.1;0.1;0.2;0.2;0.3;0.4;0.5;0.5;0.7;0.8;0.8;1;1;1;1;1.1;1.1;1.2;1.1;1.2
155;Western Europe (M49);Share in total final energy consumption (%);Hydro;"IEA (2024), World Energy Balances; Energy Balances, UN Statistics Division (2024)";2;2;2.3;2.3;2.6;2.5;2.1;2.2;2.2;2.5;2.4;2.6;2.3;2.1;2.2;2;2.1;2.3;2.3;2.3;2.3;2;2.5;2.6;2.6;2.3;2.4;2.2;2.4;2.4;2.7;2.5;2.2
155;Western Europe (M49);Share in total final energy consumption (%);Geothermal;"IEA (2024), World Energy Balances; Energy Balances, UN Statistics Division (2024)";0;0;0;0;0;0;0;0;0;0;0;0;0;0;0;0;0;0;0;0;0;0;0;0.1;0.1;0.1;0.1;0.1;0.1;0.1;0.1;0.1;0.1
155;Western Europe (M49);Share in total final energy consumption (%);Tide, wave and ocean;"IEA (2024), World Energy Balances; Energy Balances, UN Statistics Division (2024)";0;0;0;0;0;0;0;0;0;0;0;0;0;0;0;0;0;0;0;0;0;0;0;0;0;0;0;0;0;0;0;0;0
155;Western Europe (M49);Share in total final energy consumption (%);Wind;"IEA (2024), World Energy Balances; Energy Balances, UN Statistics Division (2024)";0;0;0;0;0;0;0;0.1;0.1;0.1;0.2;0.2;0.3;0.3;0.4;0.5;0.6;0.8;0.8;0.8;0.8;1.1;1.2;1.2;1.4;1.8;1.8;2.3;2.5;2.9;3.4;3;3.5
155;Western Europe (M49);Share in total final energy consumption (%);Solar;"IEA (2024), World Energy Balances; Energy Balances, UN Statistics Division (2024)";0;0;0;0;0;0;0;0;0;0;0;0.1;0.1;0.1;0.1;0.1;0.1;0.2;0.2;0.3;0.4;0.6;0.7;0.8;1;1.1;1.1;1.1;1.3;1.3;1.6;1.7;2.2
155;Western Europe (M49);Final consumption of renewable energy (PJ) - Heat raising;Renewables;"IEA (2024), World Energy Balances; Energy Balances, UN Statistics Division (2024)";707.5;777.8;752.7;735.6;680.7;703.8;746.7;757.2;768.8;768.2;759.3;789.4;770.6;892.4;931.1;961.9;981.6;1036.2;1111.6;1133.5;1302.7;1190.1;1315;1391;1242.5;1300.5;1340.7;1351.1;1374.9;1401.1;1360.9;1502.1;1473
155;Western Europe (M49);Final consumption of renewable energy (PJ) - Transport;Renewables;"IEA (2024), World Energy Balances; Energy Balances, UN Statistics Division (2024)";12.2;13.1;15.2;16.4;21.8;24.4;27.1;31.9;30.6;34.1;41;46.3;53.3;57.6;69.5;120.3;199.4;266.9;269;278.7;291.5;292.7;313;304.7;329.3;318.9;322.5;336.6;353.1;363.3;372.7;370.4;390.1
155;Western Europe (M49);Final consumption of renewable energy (PJ) - Electricity consumption;Renewables;"IEA (2024), World Energy Balances; Energy Balances, UN Statistics Division (2024)";390.5;403;455.8;458.4;510.7;495;452.7;461.5;469.7;540.8;539.7;584.5;551.4;536;590;591;640.1;717.4;772;776.6;834.7;842.7;1020.1;1085;1083.5;1154.8;1188.7;1256.4;1336.3;1413.4;1551.3;1514;1584.7
515;Developing regions (MDG);Total final energy consumption (PJ);Total;"IEA (2024), World Energy Balances; Energy Balances, UN Statistics Division (2024)";82280.8;84579.1;86181.2;88396.3;90845.9;95022.8;96076;98653.2;99491.9;100725.8;102288.8;104150.2;107819;113424.5;122842.1;132259.9;139193.7;146511.3;151504.2;154851.1;165764.6;173348.4;178598.1;183522.6;188174.3;190688.1;192727.1;197243.5;201779.2;204693.3;202024.4;212453.8;217777
515;Developing regions (MDG);Share in total final energy consumption (%);Renewables;"IEA (2024), World Energy Balances; Energy Balances, UN Statistics Division (2024)";33.3;32.8;32.6;32.2;31.9;30.9;31;30.5;30.6;30.6;29.9;29.2;28.7;27.5;25.9;24.5;23.8;22.7;22.2;21.9;21;20.2;20;20.1;20.1;20;20.3;20.5;20.7;20.9;21.8;21.4;21.8
515;Developing regions (MDG);Share in total final energy consumption (%);Modern renewables;"IEA (2024), World Energy Balances; Energy Balances, UN Statistics Division (2024)";8.5;8.4;8.4;8.4;8.6;8.5;8.8;8.7;8.8;8.9;8.9;8.9;8.8;8.7;8.6;8.5;8.5;8.6;8.8;8.9;8.9;8.8;9.2;9.6;9.8;10.1;10.6;10.9;11.4;11.9;12.6;12.7;13.3
515;Developing regions (MDG);Share in total final energy consumption (%);Municipal waste (renew);"IEA (2024), World Energy Balances; Energy Balances, UN Statistics Division (2024)";0;0;0;0;0;0;0;0;0;0;0;0;0;0;0;0;0;0;0;0;0;0;0;0;0;0;0;0;0;0;0;0;0
515;Developing regions (MDG);Share in total final energy consumption (%);Liquid biofuels;"IEA (2024), World Energy Balances; Energy Balances, UN Statistics Division (2024)";0.4;0.4;0.3;0.3;0.3;0.3;0.3;0.3;0.3;0.3;0.3;0.3;0.3;0.2;0.2;0.3;0.2;0.3;0.4;0.4;0.5;0.4;0.4;0.5;0.6;0.6;0.6;0.6;0.7;0.8;0.8;0.8;0.8
515;Developing regions (MDG);Share in total final energy consumption (%);Solid biofuels;"IEA (2024), World Energy Balances; Energy Balances, UN Statistics Division (2024)";30;29.5;29.3;28.8;28.3;27.4;27.4;27;27;26.9;26.2;25.5;24.9;23.8;22.1;20.6;19.8;18.6;17.8;17.3;16.2;15.4;14.9;14.6;14.4;14.1;14;13.9;13.6;13.4;13.8;13.2;13
515;Developing regions (MDG);Share in total final energy consumption (%);Biogases;"IEA (2024), World Energy Balances; Energy Balances, UN Statistics Division (2024)";0;0;0;0;0;0;0;0;0;0;0;0.1;0.1;0.1;0.1;0.1;0.1;0.2;0.2;0.2;0.2;0.2;0.2;0.2;0.2;0.2;0.2;0.2;0.2;0.2;0.2;0.2;0.2
515;Developing regions (MDG);Share in total final energy consumption (%);Hydro;"IEA (2024), World Energy Balances; Energy Balances, UN Statistics Division (2024)";2.8;2.8;2.8;3;3;3;3;3;3.1;3.1;3.1;3.1;3.2;3.1;3.2;3.2;3.3;3.3;3.4;3.4;3.5;3.4;3.6;3.6;3.7;3.7;3.9;3.9;3.9;4;4.1;3.9;4
515;Developing regions (MDG);Share in total final energy consumption (%);Geothermal;"IEA (2024), World Energy Balances; Energy Balances, UN Statistics Division (2024)";0.1;0.1;0.1;0.1;0.1;0.1;0.1;0.1;0.1;0.1;0.2;0.2;0.2;0.2;0.2;0.2;0.2;0.2;0.2;0.2;0.2;0.2;0.2;0.2;0.3;0.3;0.3;0.4;0.4;0.5;0.6;0.6;0.6
515;Developing regions (MDG);Share in total final energy consumption (%);Tide, wave and ocean;"IEA (2024), World Energy Balances; Energy Balances, UN Statistics Division (2024)";0;0;0;0;0;0;0;0;0;0;0;0;0;0;0;0;0;0;0;0;0;0;0;0;0;0;0;0;0;0;0;0;0
515;Developing regions (MDG);Share in total final energy consumption (%);Wind;"IEA (2024), World Energy Balances; Energy Balances, UN Statistics Division (2024)";0;0;0;0;0;0;0;0;0;0;0;0;0;0;0;0;0;0;0.1;0.1;0.1;0.2;0.2;0.3;0.4;0.4;0.6;0.7;0.8;0.9;1;1.3;1.5
515;Developing regions (MDG);Share in total final energy consumption (%);Solar;"IEA (2024), World Energy Balances; Energy Balances, UN Statistics Division (2024)";0;0;0;0;0;0;0;0;0;0.1;0.1;0.1;0.1;0.1;0.1;0.1;0.1;0.2;0.2;0.2;0.3;0.3;0.4;0.5;0.6;0.6;0.7;0.8;1;1.1;1.2;1.4;1.6
515;Developing regions (MDG);Final consumption of renewable energy (PJ) - Heat raising;Renewables;"IEA (2024), World Energy Balances; Energy Balances, UN Statistics Division (2024)";24779;25029;25317.4;25482.2;25819.5;26116.1;26460.4;26724;26973.7;27312.8;26944.4;26813.7;27089.1;27285.7;27437.9;27607.2;27966.1;27711.9;27571.7;27523.1;27623.5;27678.3;27718.8;28198.3;28448.8;28362;28468.6;28888;29129.8;29275.4;29706.4;29966.6;30434.7
515;Developing regions (MDG);Final consumption of renewable energy (PJ) - Transport;Renewables;"IEA (2024), World Energy Balances; Energy Balances, UN Statistics Division (2024)";278.5;289.2;283.8;294;312;320.9;335.5;324.7;317.8;318.9;282.1;264.9;294.4;285;315.8;367.8;365.1;487.5;641.6;716.2;814.6;779.8;803.7;957.1;1067.9;1185.6;1211.2;1269.3;1482.4;1697.9;1665.9;1753.5;1860.2
515;Developing regions (MDG);Final consumption of renewable energy (PJ) - Electricity consumption;Renewables;"IEA (2024), World Energy Balances; Energy Balances, UN Statistics Division (2024)";2345.2;2426.6;2484.7;2653.8;2807.6;2917.9;2989.3;3066.5;3173;3184.2;3307.4;3369.4;3513.9;3674.4;4044.2;4454.5;4810.9;5111.9;5434.7;5663.9;6301.1;6574.9;7271.4;7734.1;8287.8;8677.7;9455.1;10184.1;11087.7;11902.7;12631.6;13669.4;15116.5
514;Developed regions (MDG);Total final energy consumption (PJ);Total;"IEA (2024), World Energy Balances; Energy Balances, UN Statistics Division (2024)";146214;145891.8;142441.1;142325.2;139992.9;140704.2;142979.9;142175.4;141808.8;144456.7;147613.3;147503.6;147320.3;149939.7;151471;151058.3;151163.7;151620.4;150226.1;142549.3;148385.5;145389;143640.3;145580.8;143863.5;143988.8;145381.6;146534.8;150227;149057.4;139254.4;146586;145957
514;Developed regions (MDG);Share in total final energy consumption (%);Renewables;"IEA (2024), World Energy Balances; Energy Balances, UN Statistics Division (2024)";5.7;6;6.2;6.3;6.2;6.6;6.6;6.6;6.7;7.2;7.1;6.8;6.8;7;7.3;7.6;8;8.3;8.8;9.5;9.7;10.1;10.6;11.1;11.3;11.5;11.7;12;12.3;12.7;13.8;13.6;14
514;Developed regions (MDG);Share in total final energy consumption (%);Modern renewables;"IEA (2024), World Energy Balances; Energy Balances, UN Statistics Division (2024)";5.7;6;6.2;6.3;6.2;6.6;6.6;6.6;6.7;7.2;7.1;6.8;6.8;7;7.3;7.6;8;8.3;8.8;9.5;9.7;10.1;10.6;11.1;11.3;11.5;11.7;12;12.3;12.7;13.8;13.6;14
514;Developed regions (MDG);Share in total final energy consumption (%);Municipal waste (renew);"IEA (2024), World Energy Balances; Energy Balances, UN Statistics Division (2024)";0;0;0.1;0.1;0.1;0.1;0.1;0.1;0.1;0.1;0.1;0.1;0.1;0.1;0.1;0.1;0.1;0.1;0.1;0.1;0.1;0.1;0.2;0.2;0.2;0.2;0.2;0.2;0.2;0.2;0.2;0.2;0.2
514;Developed regions (MDG);Share in total final energy consumption (%);Liquid biofuels;"IEA (2024), World Energy Balances; Energy Balances, UN Statistics Division (2024)";0;0;0;0.1;0.1;0.1;0.1;0.1;0.1;0.1;0.1;0.1;0.2;0.2;0.3;0.3;0.5;0.7;0.9;1.1;1.1;1.3;1.4;1.4;1.5;1.5;1.6;1.6;1.6;1.6;1.6;1.7;1.8
514;Developed regions (MDG);Share in total final energy consumption (%);Solid biofuels;"IEA (2024), World Energy Balances; Energy Balances, UN Statistics Division (2024)";2.8;2.9;3.1;3;2.9;3.1;3.1;3.1;3.2;3.6;3.5;3.3;3.2;3.5;3.5;3.7;3.9;4;4;4.1;4.3;4.3;4.5;4.6;4.5;4.5;4.5;4.5;4.7;4.8;5;5;4.9
514;Developed regions (MDG);Share in total final energy consumption (%);Biogases;"IEA (2024), World Energy Balances; Energy Balances, UN Statistics Division (2024)";0;0;0;0;0;0;0;0;0;0.1;0.1;0.1;0.1;0.1;0.1;0.1;0.1;0.2;0.2;0.2;0.1;0.2;0.2;0.2;0.3;0.3;0.3;0.3;0.3;0.3;0.3;0.3;0.3
514;Developed regions (MDG);Share in total final energy consumption (%);Hydro;"IEA (2024), World Energy Balances; Energy Balances, UN Statistics Division (2024)";2.7;2.8;2.8;3;3;3.1;3.1;3.1;3.1;3.1;3;2.9;2.9;2.8;2.9;2.9;2.9;2.9;3;3.2;3;3.1;3.2;3.3;3.3;3.1;3.2;3.2;3.2;3.1;3.5;3.3;3.1
514;Developed regions (MDG);Share in total final energy consumption (%);Geothermal;"IEA (2024), World Energy Balances; Energy Balances, UN Statistics Division (2024)";0.1;0.1;0.1;0.1;0.1;0.1;0.1;0.1;0.1;0.1;0.1;0.1;0.1;0.1;0.1;0.1;0.1;0.1;0.1;0.1;0.1;0.1;0.1;0.1;0.1;0.1;0.1;0.1;0.2;0.2;0.2;0.2;0.2
514;Developed regions (MDG);Share in total final energy consumption (%);Tide, wave and ocean;"IEA (2024), World Energy Balances; Energy Balances, UN Statistics Division (2024)";0;0;0;0;0;0;0;0;0;0;0;0;0;0;0;0;0;0;0;0;0;0;0;0;0;0;0;0;0;0;0;0;0
514;Developed regions (MDG);Share in total final energy consumption (%);Wind;"IEA (2024), World Energy Balances; Energy Balances, UN Statistics Division (2024)";0;0;0;0;0;0;0;0;0;0;0.1;0.1;0.1;0.1;0.2;0.2;0.2;0.3;0.4;0.5;0.5;0.7;0.8;0.9;1;1.2;1.2;1.4;1.5;1.6;2;1.9;2.2
514;Developed regions (MDG);Share in total final energy consumption (%);Solar;"IEA (2024), World Energy Balances; Energy Balances, UN Statistics Division (2024)";0.1;0.1;0.1;0.1;0.1;0.1;0.1;0.1;0.1;0.1;0.1;0.1;0.1;0.1;0.1;0.1;0.1;0.1;0.1;0.2;0.2;0.3;0.3;0.4;0.5;0.6;0.6;0.7;0.8;0.9;1.1;1.2;1.4
514;Developed regions (MDG);Final consumption of renewable energy (PJ) - Heat raising;Renewables;"IEA (2024), World Energy Balances; Energy Balances, UN Statistics Division (2024)";4040.7;4270.7;4448.6;4220.3;4097;4362.8;4463.7;4438.9;4553.9;5378.6;5363.4;5000.3;4916;5337.6;5499.4;5782.4;5973.9;6189.4;6214.8;6089;6566.2;6400;6521.8;6834.2;6656.3;6676.6;6670.7;6782.5;7287.5;7388.3;7133.6;7453.1;7303.2
514;Developed regions (MDG);Final consumption of renewable energy (PJ) - Transport;Renewables;"IEA (2024), World Energy Balances; Energy Balances, UN Statistics Division (2024)";125.4;121.4;115.2;207.5;214.9;228.2;200.1;225.8;234.9;240.7;269.5;278.7;323.6;401.3;484.5;591.7;822.9;1070.2;1388.5;1585.7;1723.3;1872.8;2034.5;2129.6;2197.4;2231.8;2349.7;2396.3;2455.8;2516.7;2367.4;2595.5;2754.9
514;Developed regions (MDG);Final consumption of renewable energy (PJ) - Electricity consumption;Renewables;"IEA (2024), World Energy Balances; Energy Balances, UN Statistics Division (2024)";4222.7;4312.6;4273.6;4483.8;4428.7;4662.7;4707.1;4764.3;4712.5;4779.3;4844.2;4683.3;4819.9;4798;5023.9;5163.8;5310.6;5391.3;5635.1;5812.2;6060.5;6383.4;6674.5;7204.8;7407.3;7590.8;7980;8371.1;8735.6;8957;9713.8;9941.3;10326.4
;;;;;;;;;;;;;;;;;;;;;;;;;;;;;;;;;;;;;
;;;;;;;;;;;;;;;;;;;;;;;;;;;;;;;;;;;;;
;;;;;;;;;;;;;;;;;;;;;;;;;;;;;;;;;;;;;
;;;;;;;;;;;;;;;;;;;;;;;;;;;;;;;;;;;;;
;;;;;;;;;;;;;;;;;;;;;;;;;;;;;;;;;;;;;
;;;;;;;;;;;;;;;;;;;;;;;;;;;;;;;;;;;;;
;;;;;;;;;;;;;;;;;;;;;;;;;;;;;;;;;;;;;
;;;;;;;;;;;;;;;;;;;;;;;;;;;;;;;;;;;;;
;;;;;;;;;;;;;;;;;;;;;;;;;;;;;;;;;;;;;
;;;;;;;;;;;;;;;;;;;;;;;;;;;;;;;;;;;;;
;;;;;;;;;;;;;;;;;;;;;;;;;;;;;;;;;;;;;
;;;;;;;;;;;;;;;;;;;;;;;;;;;;;;;;;;;;;
;;;;;;;;;;;;;;;;;;;;;;;;;;;;;;;;;;;;;
;;;;;;;;;;;;;;;;;;;;;;;;;;;;;;;;;;;;;
;;;;;;;;;;;;;;;;;;;;;;;;;;;;;;;;;;;;;
;;;;;;;;;;;;;;;;;;;;;;;;;;;;;;;;;;;;;
;;;;;;;;;;;;;;;;;;;;;;;;;;;;;;;;;;;;;
;;;;;;;;;;;;;;;;;;;;;;;;;;;;;;;;;;;;;
;;;;;;;;;;;;;;;;;;;;;;;;;;;;;;;;;;;;;
;;;;;;;;;;;;;;;;;;;;;;;;;;;;;;;;;;;;;
;;;;;;;;;;;;;;;;;;;;;;;;;;;;;;;;;;;;;
;;;;;;;;;;;;;;;;;;;;;;;;;;;;;;;;;;;;;
;;;;;;;;;;;;;;;;;;;;;;;;;;;;;;;;;;;;;
;;;;;;;;;;;;;;;;;;;;;;;;;;;;;;;;;;;;;
;;;;;;;;;;;;;;;;;;;;;;;;;;;;;;;;;;;;;
;;;;;;;;;;;;;;;;;;;;;;;;;;;;;;;;;;;;;
;;;;;;;;;;;;;;;;;;;;;;;;;;;;;;;;;;;;;
;;;;;;;;;;;;;;;;;;;;;;;;;;;;;;;;;;;;;
;;;;;;;;;;;;;;;;;;;;;;;;;;;;;;;;;;;;;
;;;;;;;;;;;;;;;;;;;;;;;;;;;;;;;;;;;;;
;;;;;;;;;;;;;;;;;;;;;;;;;;;;;;;;;;;;;
;;;;;;;;;;;;;;;;;;;;;;;;;;;;;;;;;;;;;
;;;;;;;;;;;;;;;;;;;;;;;;;;;;;;;;;;;;;
;;;;;;;;;;;;;;;;;;;;;;;;;;;;;;;;;;;;;
;;;;;;;;;;;;;;;;;;;;;;;;;;;;;;;;;;;;;
;;;;;;;;;;;;;;;;;;;;;;;;;;;;;;;;;;;;;
;;;;;;;;;;;;;;;;;;;;;;;;;;;;;;;;;;;;;
;;;;;;;;;;;;;;;;;;;;;;;;;;;;;;;;;;;;;
;;;;;;;;;;;;;;;;;;;;;;;;;;;;;;;;;;;;;
;;;;;;;;;;;;;;;;;;;;;;;;;;;;;;;;;;;;;
;;;;;;;;;;;;;;;;;;;;;;;;;;;;;;;;;;;;;
;;;;;;;;;;;;;;;;;;;;;;;;;;;;;;;;;;;;;
;;;;;;;;;;;;;;;;;;;;;;;;;;;;;;;;;;;;;
;;;;;;;;;;;;;;;;;;;;;;;;;;;;;;;;;;;;;
;;;;;;;;;;;;;;;;;;;;;;;;;;;;;;;;;;;;;
;;;;;;;;;;;;;;;;;;;;;;;;;;;;;;;;;;;;;
;;;;;;;;;;;;;;;;;;;;;;;;;;;;;;;;;;;;;
;;;;;;;;;;;;;;;;;;;;;;;;;;;;;;;;;;;;;
;;;;;;;;;;;;;;;;;;;;;;;;;;;;;;;;;;;;;
;;;;;;;;;;;;;;;;;;;;;;;;;;;;;;;;;;;;;
;;;;;;;;;;;;;;;;;;;;;;;;;;;;;;;;;;;;;
;;;;;;;;;;;;;;;;;;;;;;;;;;;;;;;;;;;;;
;;;;;;;;;;;;;;;;;;;;;;;;;;;;;;;;;;;;;
;;;;;;;;;;;;;;;;;;;;;;;;;;;;;;;;;;;;;
;;;;;;;;;;;;;;;;;;;;;;;;;;;;;;;;;;;;;
;;;;;;;;;;;;;;;;;;;;;;;;;;;;;;;;;;;;;
;;;;;;;;;;;;;;;;;;;;;;;;;;;;;;;;;;;;;
;;;;;;;;;;;;;;;;;;;;;;;;;;;;;;;;;;;;;
;;;;;;;;;;;;;;;;;;;;;;;;;;;;;;;;;;;;;
;;;;;;;;;;;;;;;;;;;;;;;;;;;;;;;;;;;;;
;;;;;;;;;;;;;;;;;;;;;;;;;;;;;;;;;;;;;
;;;;;;;;;;;;;;;;;;;;;;;;;;;;;;;;;;;;;
;;;;;;;;;;;;;;;;;;;;;;;;;;;;;;;;;;;;;
;;;;;;;;;;;;;;;;;;;;;;;;;;;;;;;;;;;;;
;;;;;;;;;;;;;;;;;;;;;;;;;;;;;;;;;;;;;
;;;;;;;;;;;;;;;;;;;;;;;;;;;;;;;;;;;;;
;;;;;;;;;;;;;;;;;;;;;;;;;;;;;;;;;;;;;
;;;;;;;;;;;;;;;;;;;;;;;;;;;;;;;;;;;;;
;;;;;;;;;;;;;;;;;;;;;;;;;;;;;;;;;;;;;
;;;;;;;;;;;;;;;;;;;;;;;;;;;;;;;;;;;;;
;;;;;;;;;;;;;;;;;;;;;;;;;;;;;;;;;;;;;
;;;;;;;;;;;;;;;;;;;;;;;;;;;;;;;;;;;;;
;;;;;;;;;;;;;;;;;;;;;;;;;;;;;;;;;;;;;
;;;;;;;;;;;;;;;;;;;;;;;;;;;;;;;;;;;;;
;;;;;;;;;;;;;;;;;;;;;;;;;;;;;;;;;;;;;
;;;;;;;;;;;;;;;;;;;;;;;;;;;;;;;;;;;;;
;;;;;;;;;;;;;;;;;;;;;;;;;;;;;;;;;;;;;
;;;;;;;;;;;;;;;;;;;;;;;;;;;;;;;;;;;;;
;;;;;;;;;;;;;;;;;;;;;;;;;;;;;;;;;;;;;
;;;;;;;;;;;;;;;;;;;;;;;;;;;;;;;;;;;;;
;;;;;;;;;;;;;;;;;;;;;;;;;;;;;;;;;;;;;
;;;;;;;;;;;;;;;;;;;;;;;;;;;;;;;;;;;;;
;;;;;;;;;;;;;;;;;;;;;;;;;;;;;;;;;;;;;
;;;;;;;;;;;;;;;;;;;;;;;;;;;;;;;;;;;;;
;;;;;;;;;;;;;;;;;;;;;;;;;;;;;;;;;;;;;
;;;;;;;;;;;;;;;;;;;;;;;;;;;;;;;;;;;;;
;;;;;;;;;;;;;;;;;;;;;;;;;;;;;;;;;;;;;
;;;;;;;;;;;;;;;;;;;;;;;;;;;;;;;;;;;;;
;;;;;;;;;;;;;;;;;;;;;;;;;;;;;;;;;;;;;
;;;;;;;;;;;;;;;;;;;;;;;;;;;;;;;;;;;;;
;;;;;;;;;;;;;;;;;;;;;;;;;;;;;;;;;;;;;
;;;;;;;;;;;;;;;;;;;;;;;;;;;;;;;;;;;;;
;;;;;;;;;;;;;;;;;;;;;;;;;;;;;;;;;;;;;
;;;;;;;;;;;;;;;;;;;;;;;;;;;;;;;;;;;;;
;;;;;;;;;;;;;;;;;;;;;;;;;;;;;;;;;;;;;
;;;;;;;;;;;;;;;;;;;;;;;;;;;;;;;;;;;;;
;;;;;;;;;;;;;;;;;;;;;;;;;;;;;;;;;;;;;
;;;;;;;;;;;;;;;;;;;;;;;;;;;;;;;;;;;;;
;;;;;;;;;;;;;;;;;;;;;;;;;;;;;;;;;;;;;
;;;;;;;;;;;;;;;;;;;;;;;;;;;;;;;;;;;;;
;;;;;;;;;;;;;;;;;;;;;;;;;;;;;;;;;;;;;
;;;;;;;;;;;;;;;;;;;;;;;;;;;;;;;;;;;;;
;;;;;;;;;;;;;;;;;;;;;;;;;;;;;;;;;;;;;
;;;;;;;;;;;;;;;;;;;;;;;;;;;;;;;;;;;;;
;;;;;;;;;;;;;;;;;;;;;;;;;;;;;;;;;;;;;
;;;;;;;;;;;;;;;;;;;;;;;;;;;;;;;;;;;;;
;;;;;;;;;;;;;;;;;;;;;;;;;;;;;;;;;;;;;
;;;;;;;;;;;;;;;;;;;;;;;;;;;;;;;;;;;;;
;;;;;;;;;;;;;;;;;;;;;;;;;;;;;;;;;;;;;
;;;;;;;;;;;;;;;;;;;;;;;;;;;;;;;;;;;;;
;;;;;;;;;;;;;;;;;;;;;;;;;;;;;;;;;;;;;
;;;;;;;;;;;;;;;;;;;;;;;;;;;;;;;;;;;;;
;;;;;;;;;;;;;;;;;;;;;;;;;;;;;;;;;;;;;
;;;;;;;;;;;;;;;;;;;;;;;;;;;;;;;;;;;;;
;;;;;;;;;;;;;;;;;;;;;;;;;;;;;;;;;;;;;
;;;;;;;;;;;;;;;;;;;;;;;;;;;;;;;;;;;;;
;;;;;;;;;;;;;;;;;;;;;;;;;;;;;;;;;;;;;
;;;;;;;;;;;;;;;;;;;;;;;;;;;;;;;;;;;;;
;;;;;;;;;;;;;;;;;;;;;;;;;;;;;;;;;;;;;
;;;;;;;;;;;;;;;;;;;;;;;;;;;;;;;;;;;;;
;;;;;;;;;;;;;;;;;;;;;;;;;;;;;;;;;;;;;
;;;;;;;;;;;;;;;;;;;;;;;;;;;;;;;;;;;;;
;;;;;;;;;;;;;;;;;;;;;;;;;;;;;;;;;;;;;
;;;;;;;;;;;;;;;;;;;;;;;;;;;;;;;;;;;;;
;;;;;;;;;;;;;;;;;;;;;;;;;;;;;;;;;;;;;
;;;;;;;;;;;;;;;;;;;;;;;;;;;;;;;;;;;;;
;;;;;;;;;;;;;;;;;;;;;;;;;;;;;;;;;;;;;
;;;;;;;;;;;;;;;;;;;;;;;;;;;;;;;;;;;;;
;;;;;;;;;;;;;;;;;;;;;;;;;;;;;;;;;;;;;
;;;;;;;;;;;;;;;;;;;;;;;;;;;;;;;;;;;;;
;;;;;;;;;;;;;;;;;;;;;;;;;;;;;;;;;;;;;
;;;;;;;;;;;;;;;;;;;;;;;;;;;;;;;;;;;;;
;;;;;;;;;;;;;;;;;;;;;;;;;;;;;;;;;;;;;
;;;;;;;;;;;;;;;;;;;;;;;;;;;;;;;;;;;;;
;;;;;;;;;;;;;;;;;;;;;;;;;;;;;;;;;;;;;
;;;;;;;;;;;;;;;;;;;;;;;;;;;;;;;;;;;;;
;;;;;;;;;;;;;;;;;;;;;;;;;;;;;;;;;;;;;
;;;;;;;;;;;;;;;;;;;;;;;;;;;;;;;;;;;;;
;;;;;;;;;;;;;;;;;;;;;;;;;;;;;;;;;;;;;
;;;;;;;;;;;;;;;;;;;;;;;;;;;;;;;;;;;;;
;;;;;;;;;;;;;;;;;;;;;;;;;;;;;;;;;;;;;
;;;;;;;;;;;;;;;;;;;;;;;;;;;;;;;;;;;;;
;;;;;;;;;;;;;;;;;;;;;;;;;;;;;;;;;;;;;
;;;;;;;;;;;;;;;;;;;;;;;;;;;;;;;;;;;;;
;;;;;;;;;;;;;;;;;;;;;;;;;;;;;;;;;;;;;
;;;;;;;;;;;;;;;;;;;;;;;;;;;;;;;;;;;;;
;;;;;;;;;;;;;;;;;;;;;;;;;;;;;;;;;;;;;
;;;;;;;;;;;;;;;;;;;;;;;;;;;;;;;;;;;;;
;;;;;;;;;;;;;;;;;;;;;;;;;;;;;;;;;;;;;
;;;;;;;;;;;;;;;;;;;;;;;;;;;;;;;;;;;;;
;;;;;;;;;;;;;;;;;;;;;;;;;;;;;;;;;;;;;
;;;;;;;;;;;;;;;;;;;;;;;;;;;;;;;;;;;;;
;;;;;;;;;;;;;;;;;;;;;;;;;;;;;;;;;;;;;
;;;;;;;;;;;;;;;;;;;;;;;;;;;;;;;;;;;;;
;;;;;;;;;;;;;;;;;;;;;;;;;;;;;;;;;;;;;
;;;;;;;;;;;;;;;;;;;;;;;;;;;;;;;;;;;;;
;;;;;;;;;;;;;;;;;;;;;;;;;;;;;;;;;;;;;
;;;;;;;;;;;;;;;;;;;;;;;;;;;;;;;;;;;;;
;;;;;;;;;;;;;;;;;;;;;;;;;;;;;;;;;;;;;
;;;;;;;;;;;;;;;;;;;;;;;;;;;;;;;;;;;;;
;;;;;;;;;;;;;;;;;;;;;;;;;;;;;;;;;;;;;
;;;;;;;;;;;;;;;;;;;;;;;;;;;;;;;;;;;;;
;;;;;;;;;;;;;;;;;;;;;;;;;;;;;;;;;;;;;
;;;;;;;;;;;;;;;;;;;;;;;;;;;;;;;;;;;;;
;;;;;;;;;;;;;;;;;;;;;;;;;;;;;;;;;;;;;
;;;;;;;;;;;;;;;;;;;;;;;;;;;;;;;;;;;;;
;;;;;;;;;;;;;;;;;;;;;;;;;;;;;;;;;;;;;
;;;;;;;;;;;;;;;;;;;;;;;;;;;;;;;;;;;;;
;;;;;;;;;;;;;;;;;;;;;;;;;;;;;;;;;;;;;
;;;;;;;;;;;;;;;;;;;;;;;;;;;;;;;;;;;;;
;;;;;;;;;;;;;;;;;;;;;;;;;;;;;;;;;;;;;
;;;;;;;;;;;;;;;;;;;;;;;;;;;;;;;;;;;;;
;;;;;;;;;;;;;;;;;;;;;;;;;;;;;;;;;;;;;
;;;;;;;;;;;;;;;;;;;;;;;;;;;;;;;;;;;;;
;;;;;;;;;;;;;;;;;;;;;;;;;;;;;;;;;;;;;
;;;;;;;;;;;;;;;;;;;;;;;;;;;;;;;;;;;;;
;;;;;;;;;;;;;;;;;;;;;;;;;;;;;;;;;;;;;
;;;;;;;;;;;;;;;;;;;;;;;;;;;;;;;;;;;;;
;;;;;;;;;;;;;;;;;;;;;;;;;;;;;;;;;;;;;
;;;;;;;;;;;;;;;;;;;;;;;;;;;;;;;;;;;;;
;;;;;;;;;;;;;;;;;;;;;;;;;;;;;;;;;;;;;
;;;;;;;;;;;;;;;;;;;;;;;;;;;;;;;;;;;;;
;;;;;;;;;;;;;;;;;;;;;;;;;;;;;;;;;;;;;
;;;;;;;;;;;;;;;;;;;;;;;;;;;;;;;;;;;;;
;;;;;;;;;;;;;;;;;;;;;;;;;;;;;;;;;;;;;
;;;;;;;;;;;;;;;;;;;;;;;;;;;;;;;;;;;;;
;;;;;;;;;;;;;;;;;;;;;;;;;;;;;;;;;;;;;
;;;;;;;;;;;;;;;;;;;;;;;;;;;;;;;;;;;;;
;;;;;;;;;;;;;;;;;;;;;;;;;;;;;;;;;;;;;
;;;;;;;;;;;;;;;;;;;;;;;;;;;;;;;;;;;;;
;;;;;;;;;;;;;;;;;;;;;;;;;;;;;;;;;;;;;
;;;;;;;;;;;;;;;;;;;;;;;;;;;;;;;;;;;;;
;;;;;;;;;;;;;;;;;;;;;;;;;;;;;;;;;;;;;
;;;;;;;;;;;;;;;;;;;;;;;;;;;;;;;;;;;;;
;;;;;;;;;;;;;;;;;;;;;;;;;;;;;;;;;;;;;
;;;;;;;;;;;;;;;;;;;;;;;;;;;;;;;;;;;;;
;;;;;;;;;;;;;;;;;;;;;;;;;;;;;;;;;;;;;
;;;;;;;;;;;;;;;;;;;;;;;;;;;;;;;;;;;;;
;;;;;;;;;;;;;;;;;;;;;;;;;;;;;;;;;;;;;
;;;;;;;;;;;;;;;;;;;;;;;;;;;;;;;;;;;;;
;;;;;;;;;;;;;;;;;;;;;;;;;;;;;;;;;;;;;
;;;;;;;;;;;;;;;;;;;;;;;;;;;;;;;;;;;;;
;;;;;;;;;;;;;;;;;;;;;;;;;;;;;;;;;;;;;
;;;;;;;;;;;;;;;;;;;;;;;;;;;;;;;;;;;;;
;;;;;;;;;;;;;;;;;;;;;;;;;;;;;;;;;;;;;
;;;;;;;;;;;;;;;;;;;;;;;;;;;;;;;;;;;;;
;;;;;;;;;;;;;;;;;;;;;;;;;;;;;;;;;;;;;
;;;;;;;;;;;;;;;;;;;;;;;;;;;;;;;;;;;;;
;;;;;;;;;;;;;;;;;;;;;;;;;;;;;;;;;;;;;
;;;;;;;;;;;;;;;;;;;;;;;;;;;;;;;;;;;;;
;;;;;;;;;;;;;;;;;;;;;;;;;;;;;;;;;;;;;
;;;;;;;;;;;;;;;;;;;;;;;;;;;;;;;;;;;;;
;;;;;;;;;;;;;;;;;;;;;;;;;;;;;;;;;;;;;
;;;;;;;;;;;;;;;;;;;;;;;;;;;;;;;;;;;;;
;;;;;;;;;;;;;;;;;;;;;;;;;;;;;;;;;;;;;
;;;;;;;;;;;;;;;;;;;;;;;;;;;;;;;;;;;;;
;;;;;;;;;;;;;;;;;;;;;;;;;;;;;;;;;;;;;
;;;;;;;;;;;;;;;;;;;;;;;;;;;;;;;;;;;;;
;;;;;;;;;;;;;;;;;;;;;;;;;;;;;;;;;;;;;
;;;;;;;;;;;;;;;;;;;;;;;;;;;;;;;;;;;;;
;;;;;;;;;;;;;;;;;;;;;;;;;;;;;;;;;;;;;
;;;;;;;;;;;;;;;;;;;;;;;;;;;;;;;;;;;;;
;;;;;;;;;;;;;;;;;;;;;;;;;;;;;;;;;;;;;
;;;;;;;;;;;;;;;;;;;;;;;;;;;;;;;;;;;;;
;;;;;;;;;;;;;;;;;;;;;;;;;;;;;;;;;;;;;
;;;;;;;;;;;;;;;;;;;;;;;;;;;;;;;;;;;;;
;;;;;;;;;;;;;;;;;;;;;;;;;;;;;;;;;;;;;
;;;;;;;;;;;;;;;;;;;;;;;;;;;;;;;;;;;;;
;;;;;;;;;;;;;;;;;;;;;;;;;;;;;;;;;;;;;
;;;;;;;;;;;;;;;;;;;;;;;;;;;;;;;;;;;;;
;;;;;;;;;;;;;;;;;;;;;;;;;;;;;;;;;;;;;
;;;;;;;;;;;;;;;;;;;;;;;;;;;;;;;;;;;;;
;;;;;;;;;;;;;;;;;;;;;;;;;;;;;;;;;;;;;
;;;;;;;;;;;;;;;;;;;;;;;;;;;;;;;;;;;;;
;;;;;;;;;;;;;;;;;;;;;;;;;;;;;;;;;;;;;
;;;;;;;;;;;;;;;;;;;;;;;;;;;;;;;;;;;;;
;;;;;;;;;;;;;;;;;;;;;;;;;;;;;;;;;;;;;
;;;;;;;;;;;;;;;;;;;;;;;;;;;;;;;;;;;;;
;;;;;;;;;;;;;;;;;;;;;;;;;;;;;;;;;;;;;
;;;;;;;;;;;;;;;;;;;;;;;;;;;;;;;;;;;;;
;;;;;;;;;;;;;;;;;;;;;;;;;;;;;;;;;;;;;
;;;;;;;;;;;;;;;;;;;;;;;;;;;;;;;;;;;;;
;;;;;;;;;;;;;;;;;;;;;;;;;;;;;;;;;;;;;
;;;;;;;;;;;;;;;;;;;;;;;;;;;;;;;;;;;;;
;;;;;;;;;;;;;;;;;;;;;;;;;;;;;;;;;;;;;
;;;;;;;;;;;;;;;;;;;;;;;;;;;;;;;;;;;;;
;;;;;;;;;;;;;;;;;;;;;;;;;;;;;;;;;;;;;
;;;;;;;;;;;;;;;;;;;;;;;;;;;;;;;;;;;;;
;;;;;;;;;;;;;;;;;;;;;;;;;;;;;;;;;;;;;
;;;;;;;;;;;;;;;;;;;;;;;;;;;;;;;;;;;;;
;;;;;;;;;;;;;;;;;;;;;;;;;;;;;;;;;;;;;
;;;;;;;;;;;;;;;;;;;;;;;;;;;;;;;;;;;;;
;;;;;;;;;;;;;;;;;;;;;;;;;;;;;;;;;;;;;
;;;;;;;;;;;;;;;;;;;;;;;;;;;;;;;;;;;;;
;;;;;;;;;;;;;;;;;;;;;;;;;;;;;;;;;;;;;
;;;;;;;;;;;;;;;;;;;;;;;;;;;;;;;;;;;;;
;;;;;;;;;;;;;;;;;;;;;;;;;;;;;;;;;;;;;
;;;;;;;;;;;;;;;;;;;;;;;;;;;;;;;;;;;;;
;;;;;;;;;;;;;;;;;;;;;;;;;;;;;;;;;;;;;
;;;;;;;;;;;;;;;;;;;;;;;;;;;;;;;;;;;;;
;;;;;;;;;;;;;;;;;;;;;;;;;;;;;;;;;;;;;
;;;;;;;;;;;;;;;;;;;;;;;;;;;;;;;;;;;;;
;;;;;;;;;;;;;;;;;;;;;;;;;;;;;;;;;;;;;
;;;;;;;;;;;;;;;;;;;;;;;;;;;;;;;;;;;;;
;;;;;;;;;;;;;;;;;;;;;;;;;;;;;;;;;;;;;
;;;;;;;;;;;;;;;;;;;;;;;;;;;;;;;;;;;;;
;;;;;;;;;;;;;;;;;;;;;;;;;;;;;;;;;;;;;
;;;;;;;;;;;;;;;;;;;;;;;;;;;;;;;;;;;;;
;;;;;;;;;;;;;;;;;;;;;;;;;;;;;;;;;;;;;
;;;;;;;;;;;;;;;;;;;;;;;;;;;;;;;;;;;;;
;;;;;;;;;;;;;;;;;;;;;;;;;;;;;;;;;;;;;
;;;;;;;;;;;;;;;;;;;;;;;;;;;;;;;;;;;;;
;;;;;;;;;;;;;;;;;;;;;;;;;;;;;;;;;;;;;
;;;;;;;;;;;;;;;;;;;;;;;;;;;;;;;;;;;;;
;;;;;;;;;;;;;;;;;;;;;;;;;;;;;;;;;;;;;
;;;;;;;;;;;;;;;;;;;;;;;;;;;;;;;;;;;;;
;;;;;;;;;;;;;;;;;;;;;;;;;;;;;;;;;;;;;
;;;;;;;;;;;;;;;;;;;;;;;;;;;;;;;;;;;;;
;;;;;;;;;;;;;;;;;;;;;;;;;;;;;;;;;;;;;
;;;;;;;;;;;;;;;;;;;;;;;;;;;;;;;;;;;;;
;;;;;;;;;;;;;;;;;;;;;;;;;;;;;;;;;;;;;
;;;;;;;;;;;;;;;;;;;;;;;;;;;;;;;;;;;;;
;;;;;;;;;;;;;;;;;;;;;;;;;;;;;;;;;;;;;
;;;;;;;;;;;;;;;;;;;;;;;;;;;;;;;;;;;;;
;;;;;;;;;;;;;;;;;;;;;;;;;;;;;;;;;;;;;
;;;;;;;;;;;;;;;;;;;;;;;;;;;;;;;;;;;;;
;;;;;;;;;;;;;;;;;;;;;;;;;;;;;;;;;;;;;
;;;;;;;;;;;;;;;;;;;;;;;;;;;;;;;;;;;;;
;;;;;;;;;;;;;;;;;;;;;;;;;;;;;;;;;;;;;
;;;;;;;;;;;;;;;;;;;;;;;;;;;;;;;;;;;;;
;;;;;;;;;;;;;;;;;;;;;;;;;;;;;;;;;;;;;
;;;;;;;;;;;;;;;;;;;;;;;;;;;;;;;;;;;;;
;;;;;;;;;;;;;;;;;;;;;;;;;;;;;;;;;;;;;
;;;;;;;;;;;;;;;;;;;;;;;;;;;;;;;;;;;;;
;;;;;;;;;;;;;;;;;;;;;;;;;;;;;;;;;;;;;
;;;;;;;;;;;;;;;;;;;;;;;;;;;;;;;;;;;;;
;;;;;;;;;;;;;;;;;;;;;;;;;;;;;;;;;;;;;
;;;;;;;;;;;;;;;;;;;;;;;;;;;;;;;;;;;;;
;;;;;;;;;;;;;;;;;;;;;;;;;;;;;;;;;;;;;
;;;;;;;;;;;;;;;;;;;;;;;;;;;;;;;;;;;;;
;;;;;;;;;;;;;;;;;;;;;;;;;;;;;;;;;;;;;
;;;;;;;;;;;;;;;;;;;;;;;;;;;;;;;;;;;;;
;;;;;;;;;;;;;;;;;;;;;;;;;;;;;;;;;;;;;
;;;;;;;;;;;;;;;;;;;;;;;;;;;;;;;;;;;;;
;;;;;;;;;;;;;;;;;;;;;;;;;;;;;;;;;;;;;
;;;;;;;;;;;;;;;;;;;;;;;;;;;;;;;;;;;;;
;;;;;;;;;;;;;;;;;;;;;;;;;;;;;;;;;;;;;
;;;;;;;;;;;;;;;;;;;;;;;;;;;;;;;;;;;;;
;;;;;;;;;;;;;;;;;;;;;;;;;;;;;;;;;;;;;
;;;;;;;;;;;;;;;;;;;;;;;;;;;;;;;;;;;;;
;;;;;;;;;;;;;;;;;;;;;;;;;;;;;;;;;;;;;
;;;;;;;;;;;;;;;;;;;;;;;;;;;;;;;;;;;;;
;;;;;;;;;;;;;;;;;;;;;;;;;;;;;;;;;;;;;
;;;;;;;;;;;;;;;;;;;;;;;;;;;;;;;;;;;;;
;;;;;;;;;;;;;;;;;;;;;;;;;;;;;;;;;;;;;
;;;;;;;;;;;;;;;;;;;;;;;;;;;;;;;;;;;;;
;;;;;;;;;;;;;;;;;;;;;;;;;;;;;;;;;;;;;
;;;;;;;;;;;;;;;;;;;;;;;;;;;;;;;;;;;;;
;;;;;;;;;;;;;;;;;;;;;;;;;;;;;;;;;;;;;
;;;;;;;;;;;;;;;;;;;;;;;;;;;;;;;;;;;;;
;;;;;;;;;;;;;;;;;;;;;;;;;;;;;;;;;;;;;
;;;;;;;;;;;;;;;;;;;;;;;;;;;;;;;;;;;;;
;;;;;;;;;;;;;;;;;;;;;;;;;;;;;;;;;;;;;
;;;;;;;;;;;;;;;;;;;;;;;;;;;;;;;;;;;;;
;;;;;;;;;;;;;;;;;;;;;;;;;;;;;;;;;;;;;
;;;;;;;;;;;;;;;;;;;;;;;;;;;;;;;;;;;;;
;;;;;;;;;;;;;;;;;;;;;;;;;;;;;;;;;;;;;
;;;;;;;;;;;;;;;;;;;;;;;;;;;;;;;;;;;;;
;;;;;;;;;;;;;;;;;;;;;;;;;;;;;;;;;;;;;
;;;;;;;;;;;;;;;;;;;;;;;;;;;;;;;;;;;;;
;;;;;;;;;;;;;;;;;;;;;;;;;;;;;;;;;;;;;
;;;;;;;;;;;;;;;;;;;;;;;;;;;;;;;;;;;;;
;;;;;;;;;;;;;;;;;;;;;;;;;;;;;;;;;;;;;
;;;;;;;;;;;;;;;;;;;;;;;;;;;;;;;;;;;;;
;;;;;;;;;;;;;;;;;;;;;;;;;;;;;;;;;;;;;
;;;;;;;;;;;;;;;;;;;;;;;;;;;;;;;;;;;;;
;;;;;;;;;;;;;;;;;;;;;;;;;;;;;;;;;;;;;
;;;;;;;;;;;;;;;;;;;;;;;;;;;;;;;;;;;;;
;;;;;;;;;;;;;;;;;;;;;;;;;;;;;;;;;;;;;
;;;;;;;;;;;;;;;;;;;;;;;;;;;;;;;;;;;;;
;;;;;;;;;;;;;;;;;;;;;;;;;;;;;;;;;;;;;
;;;;;;;;;;;;;;;;;;;;;;;;;;;;;;;;;;;;;
;;;;;;;;;;;;;;;;;;;;;;;;;;;;;;;;;;;;;
;;;;;;;;;;;;;;;;;;;;;;;;;;;;;;;;;;;;;
;;;;;;;;;;;;;;;;;;;;;;;;;;;;;;;;;;;;;
;;;;;;;;;;;;;;;;;;;;;;;;;;;;;;;;;;;;;
;;;;;;;;;;;;;;;;;;;;;;;;;;;;;;;;;;;;;
;;;;;;;;;;;;;;;;;;;;;;;;;;;;;;;;;;;;;
;;;;;;;;;;;;;;;;;;;;;;;;;;;;;;;;;;;;;
;;;;;;;;;;;;;;;;;;;;;;;;;;;;;;;;;;;;;
;;;;;;;;;;;;;;;;;;;;;;;;;;;;;;;;;;;;;
;;;;;;;;;;;;;;;;;;;;;;;;;;;;;;;;;;;;;
;;;;;;;;;;;;;;;;;;;;;;;;;;;;;;;;;;;;;
;;;;;;;;;;;;;;;;;;;;;;;;;;;;;;;;;;;;;
;;;;;;;;;;;;;;;;;;;;;;;;;;;;;;;;;;;;;
;;;;;;;;;;;;;;;;;;;;;;;;;;;;;;;;;;;;;
;;;;;;;;;;;;;;;;;;;;;;;;;;;;;;;;;;;;;
;;;;;;;;;;;;;;;;;;;;;;;;;;;;;;;;;;;;;
;;;;;;;;;;;;;;;;;;;;;;;;;;;;;;;;;;;;;
;;;;;;;;;;;;;;;;;;;;;;;;;;;;;;;;;;;;;
;;;;;;;;;;;;;;;;;;;;;;;;;;;;;;;;;;;;;
;;;;;;;;;;;;;;;;;;;;;;;;;;;;;;;;;;;;;
;;;;;;;;;;;;;;;;;;;;;;;;;;;;;;;;;;;;;
;;;;;;;;;;;;;;;;;;;;;;;;;;;;;;;;;;;;;
;;;;;;;;;;;;;;;;;;;;;;;;;;;;;;;;;;;;;
;;;;;;;;;;;;;;;;;;;;;;;;;;;;;;;;;;;;;
;;;;;;;;;;;;;;;;;;;;;;;;;;;;;;;;;;;;;
;;;;;;;;;;;;;;;;;;;;;;;;;;;;;;;;;;;;;
;;;;;;;;;;;;;;;;;;;;;;;;;;;;;;;;;;;;;
;;;;;;;;;;;;;;;;;;;;;;;;;;;;;;;;;;;;;
;;;;;;;;;;;;;;;;;;;;;;;;;;;;;;;;;;;;;
;;;;;;;;;;;;;;;;;;;;;;;;;;;;;;;;;;;;;
;;;;;;;;;;;;;;;;;;;;;;;;;;;;;;;;;;;;;
;;;;;;;;;;;;;;;;;;;;;;;;;;;;;;;;;;;;;
;;;;;;;;;;;;;;;;;;;;;;;;;;;;;;;;;;;;;
;;;;;;;;;;;;;;;;;;;;;;;;;;;;;;;;;;;;;
;;;;;;;;;;;;;;;;;;;;;;;;;;;;;;;;;;;;;
;;;;;;;;;;;;;;;;;;;;;;;;;;;;;;;;;;;;;
;;;;;;;;;;;;;;;;;;;;;;;;;;;;;;;;;;;;;
;;;;;;;;;;;;;;;;;;;;;;;;;;;;;;;;;;;;;
;;;;;;;;;;;;;;;;;;;;;;;;;;;;;;;;;;;;;
;;;;;;;;;;;;;;;;;;;;;;;;;;;;;;;;;;;;;
;;;;;;;;;;;;;;;;;;;;;;;;;;;;;;;;;;;;;
;;;;;;;;;;;;;;;;;;;;;;;;;;;;;;;;;;;;;
;;;;;;;;;;;;;;;;;;;;;;;;;;;;;;;;;;;;;
;;;;;;;;;;;;;;;;;;;;;;;;;;;;;;;;;;;;;
;;;;;;;;;;;;;;;;;;;;;;;;;;;;;;;;;;;;;
;;;;;;;;;;;;;;;;;;;;;;;;;;;;;;;;;;;;;
;;;;;;;;;;;;;;;;;;;;;;;;;;;;;;;;;;;;;
;;;;;;;;;;;;;;;;;;;;;;;;;;;;;;;;;;;;;
;;;;;;;;;;;;;;;;;;;;;;;;;;;;;;;;;;;;;
;;;;;;;;;;;;;;;;;;;;;;;;;;;;;;;;;;;;;
;;;;;;;;;;;;;;;;;;;;;;;;;;;;;;;;;;;;;
;;;;;;;;;;;;;;;;;;;;;;;;;;;;;;;;;;;;;
;;;;;;;;;;;;;;;;;;;;;;;;;;;;;;;;;;;;;
;;;;;;;;;;;;;;;;;;;;;;;;;;;;;;;;;;;;;
;;;;;;;;;;;;;;;;;;;;;;;;;;;;;;;;;;;;;
;;;;;;;;;;;;;;;;;;;;;;;;;;;;;;;;;;;;;
;;;;;;;;;;;;;;;;;;;;;;;;;;;;;;;;;;;;;
;;;;;;;;;;;;;;;;;;;;;;;;;;;;;;;;;;;;;
;;;;;;;;;;;;;;;;;;;;;;;;;;;;;;;;;;;;;
;;;;;;;;;;;;;;;;;;;;;;;;;;;;;;;;;;;;;
;;;;;;;;;;;;;;;;;;;;;;;;;;;;;;;;;;;;;
;;;;;;;;;;;;;;;;;;;;;;;;;;;;;;;;;;;;;
;;;;;;;;;;;;;;;;;;;;;;;;;;;;;;;;;;;;;
;;;;;;;;;;;;;;;;;;;;;;;;;;;;;;;;;;;;;
;;;;;;;;;;;;;;;;;;;;;;;;;;;;;;;;;;;;;
;;;;;;;;;;;;;;;;;;;;;;;;;;;;;;;;;;;;;
;;;;;;;;;;;;;;;;;;;;;;;;;;;;;;;;;;;;;
;;;;;;;;;;;;;;;;;;;;;;;;;;;;;;;;;;;;;
;;;;;;;;;;;;;;;;;;;;;;;;;;;;;;;;;;;;;
;;;;;;;;;;;;;;;;;;;;;;;;;;;;;;;;;;;;;
;;;;;;;;;;;;;;;;;;;;;;;;;;;;;;;;;;;;;
;;;;;;;;;;;;;;;;;;;;;;;;;;;;;;;;;;;;;
;;;;;;;;;;;;;;;;;;;;;;;;;;;;;;;;;;;;;
;;;;;;;;;;;;;;;;;;;;;;;;;;;;;;;;;;;;;
;;;;;;;;;;;;;;;;;;;;;;;;;;;;;;;;;;;;;
;;;;;;;;;;;;;;;;;;;;;;;;;;;;;;;;;;;;;
;;;;;;;;;;;;;;;;;;;;;;;;;;;;;;;;;;;;;
;;;;;;;;;;;;;;;;;;;;;;;;;;;;;;;;;;;;;
;;;;;;;;;;;;;;;;;;;;;;;;;;;;;;;;;;;;;
;;;;;;;;;;;;;;;;;;;;;;;;;;;;;;;;;;;;;
;;;;;;;;;;;;;;;;;;;;;;;;;;;;;;;;;;;;;
;;;;;;;;;;;;;;;;;;;;;;;;;;;;;;;;;;;;;
;;;;;;;;;;;;;;;;;;;;;;;;;;;;;;;;;;;;;
;;;;;;;;;;;;;;;;;;;;;;;;;;;;;;;;;;;;;
;;;;;;;;;;;;;;;;;;;;;;;;;;;;;;;;;;;;;
;;;;;;;;;;;;;;;;;;;;;;;;;;;;;;;;;;;;;
;;;;;;;;;;;;;;;;;;;;;;;;;;;;;;;;;;;;;
;;;;;;;;;;;;;;;;;;;;;;;;;;;;;;;;;;;;;
;;;;;;;;;;;;;;;;;;;;;;;;;;;;;;;;;;;;;
;;;;;;;;;;;;;;;;;;;;;;;;;;;;;;;;;;;;;
;;;;;;;;;;;;;;;;;;;;;;;;;;;;;;;;;;;;;
;;;;;;;;;;;;;;;;;;;;;;;;;;;;;;;;;;;;;
;;;;;;;;;;;;;;;;;;;;;;;;;;;;;;;;;;;;;
;;;;;;;;;;;;;;;;;;;;;;;;;;;;;;;;;;;;;
;;;;;;;;;;;;;;;;;;;;;;;;;;;;;;;;;;;;;
;;;;;;;;;;;;;;;;;;;;;;;;;;;;;;;;;;;;;
;;;;;;;;;;;;;;;;;;;;;;;;;;;;;;;;;;;;;
;;;;;;;;;;;;;;;;;;;;;;;;;;;;;;;;;;;;;
;;;;;;;;;;;;;;;;;;;;;;;;;;;;;;;;;;;;;
;;;;;;;;;;;;;;;;;;;;;;;;;;;;;;;;;;;;;
;;;;;;;;;;;;;;;;;;;;;;;;;;;;;;;;;;;;;
;;;;;;;;;;;;;;;;;;;;;;;;;;;;;;;;;;;;;
;;;;;;;;;;;;;;;;;;;;;;;;;;;;;;;;;;;;;
;;;;;;;;;;;;;;;;;;;;;;;;;;;;;;;;;;;;;
;;;;;;;;;;;;;;;;;;;;;;;;;;;;;;;;;;;;;
;;;;;;;;;;;;;;;;;;;;;;;;;;;;;;;;;;;;;
;;;;;;;;;;;;;;;;;;;;;;;;;;;;;;;;;;;;;
;;;;;;;;;;;;;;;;;;;;;;;;;;;;;;;;;;;;;
;;;;;;;;;;;;;;;;;;;;;;;;;;;;;;;;;;;;;
;;;;;;;;;;;;;;;;;;;;;;;;;;;;;;;;;;;;;
;;;;;;;;;;;;;;;;;;;;;;;;;;;;;;;;;;;;;
;;;;;;;;;;;;;;;;;;;;;;;;;;;;;;;;;;;;;
;;;;;;;;;;;;;;;;;;;;;;;;;;;;;;;;;;;;;
;;;;;;;;;;;;;;;;;;;;;;;;;;;;;;;;;;;;;
;;;;;;;;;;;;;;;;;;;;;;;;;;;;;;;;;;;;;
;;;;;;;;;;;;;;;;;;;;;;;;;;;;;;;;;;;;;
;;;;;;;;;;;;;;;;;;;;;;;;;;;;;;;;;;;;;
;;;;;;;;;;;;;;;;;;;;;;;;;;;;;;;;;;;;;
;;;;;;;;;;;;;;;;;;;;;;;;;;;;;;;;;;;;;
;;;;;;;;;;;;;;;;;;;;;;;;;;;;;;;;;;;;;
;;;;;;;;;;;;;;;;;;;;;;;;;;;;;;;;;;;;;
;;;;;;;;;;;;;;;;;;;;;;;;;;;;;;;;;;;;;
;;;;;;;;;;;;;;;;;;;;;;;;;;;;;;;;;;;;;
;;;;;;;;;;;;;;;;;;;;;;;;;;;;;;;;;;;;;
;;;;;;;;;;;;;;;;;;;;;;;;;;;;;;;;;;;;;
;;;;;;;;;;;;;;;;;;;;;;;;;;;;;;;;;;;;;
;;;;;;;;;;;;;;;;;;;;;;;;;;;;;;;;;;;;;
;;;;;;;;;;;;;;;;;;;;;;;;;;;;;;;;;;;;;
;;;;;;;;;;;;;;;;;;;;;;;;;;;;;;;;;;;;;
;;;;;;;;;;;;;;;;;;;;;;;;;;;;;;;;;;;;;
;;;;;;;;;;;;;;;;;;;;;;;;;;;;;;;;;;;;;
;;;;;;;;;;;;;;;;;;;;;;;;;;;;;;;;;;;;;
;;;;;;;;;;;;;;;;;;;;;;;;;;;;;;;;;;;;;
;;;;;;;;;;;;;;;;;;;;;;;;;;;;;;;;;;;;;
;;;;;;;;;;;;;;;;;;;;;;;;;;;;;;;;;;;;;
;;;;;;;;;;;;;;;;;;;;;;;;;;;;;;;;;;;;;
;;;;;;;;;;;;;;;;;;;;;;;;;;;;;;;;;;;;;
;;;;;;;;;;;;;;;;;;;;;;;;;;;;;;;;;;;;;
;;;;;;;;;;;;;;;;;;;;;;;;;;;;;;;;;;;;;
;;;;;;;;;;;;;;;;;;;;;;;;;;;;;;;;;;;;;
;;;;;;;;;;;;;;;;;;;;;;;;;;;;;;;;;;;;;
;;;;;;;;;;;;;;;;;;;;;;;;;;;;;;;;;;;;;
;;;;;;;;;;;;;;;;;;;;;;;;;;;;;;;;;;;;;
;;;;;;;;;;;;;;;;;;;;;;;;;;;;;;;;;;;;;
;;;;;;;;;;;;;;;;;;;;;;;;;;;;;;;;;;;;;
;;;;;;;;;;;;;;;;;;;;;;;;;;;;;;;;;;;;;
;;;;;;;;;;;;;;;;;;;;;;;;;;;;;;;;;;;;;
;;;;;;;;;;;;;;;;;;;;;;;;;;;;;;;;;;;;;
;;;;;;;;;;;;;;;;;;;;;;;;;;;;;;;;;;;;;
;;;;;;;;;;;;;;;;;;;;;;;;;;;;;;;;;;;;;
;;;;;;;;;;;;;;;;;;;;;;;;;;;;;;;;;;;;;
;;;;;;;;;;;;;;;;;;;;;;;;;;;;;;;;;;;;;
;;;;;;;;;;;;;;;;;;;;;;;;;;;;;;;;;;;;;
;;;;;;;;;;;;;;;;;;;;;;;;;;;;;;;;;;;;;
;;;;;;;;;;;;;;;;;;;;;;;;;;;;;;;;;;;;;
;;;;;;;;;;;;;;;;;;;;;;;;;;;;;;;;;;;;;
;;;;;;;;;;;;;;;;;;;;;;;;;;;;;;;;;;;;;
;;;;;;;;;;;;;;;;;;;;;;;;;;;;;;;;;;;;;
;;;;;;;;;;;;;;;;;;;;;;;;;;;;;;;;;;;;;
;;;;;;;;;;;;;;;;;;;;;;;;;;;;;;;;;;;;;
;;;;;;;;;;;;;;;;;;;;;;;;;;;;;;;;;;;;;
;;;;;;;;;;;;;;;;;;;;;;;;;;;;;;;;;;;;;
;;;;;;;;;;;;;;;;;;;;;;;;;;;;;;;;;;;;;
;;;;;;;;;;;;;;;;;;;;;;;;;;;;;;;;;;;;;
;;;;;;;;;;;;;;;;;;;;;;;;;;;;;;;;;;;;;
;;;;;;;;;;;;;;;;;;;;;;;;;;;;;;;;;;;;;
;;;;;;;;;;;;;;;;;;;;;;;;;;;;;;;;;;;;;
;;;;;;;;;;;;;;;;;;;;;;;;;;;;;;;;;;;;;
;;;;;;;;;;;;;;;;;;;;;;;;;;;;;;;;;;;;;
;;;;;;;;;;;;;;;;;;;;;;;;;;;;;;;;;;;;;
;;;;;;;;;;;;;;;;;;;;;;;;;;;;;;;;;;;;;
;;;;;;;;;;;;;;;;;;;;;;;;;;;;;;;;;;;;;
;;;;;;;;;;;;;;;;;;;;;;;;;;;;;;;;;;;;;
;;;;;;;;;;;;;;;;;;;;;;;;;;;;;;;;;;;;;
;;;;;;;;;;;;;;;;;;;;;;;;;;;;;;;;;;;;;
;;;;;;;;;;;;;;;;;;;;;;;;;;;;;;;;;;;;;
;;;;;;;;;;;;;;;;;;;;;;;;;;;;;;;;;;;;;
;;;;;;;;;;;;;;;;;;;;;;;;;;;;;;;;;;;;;
;;;;;;;;;;;;;;;;;;;;;;;;;;;;;;;;;;;;;
;;;;;;;;;;;;;;;;;;;;;;;;;;;;;;;;;;;;;
;;;;;;;;;;;;;;;;;;;;;;;;;;;;;;;;;;;;;
;;;;;;;;;;;;;;;;;;;;;;;;;;;;;;;;;;;;;
;;;;;;;;;;;;;;;;;;;;;;;;;;;;;;;;;;;;;
;;;;;;;;;;;;;;;;;;;;;;;;;;;;;;;;;;;;;
;;;;;;;;;;;;;;;;;;;;;;;;;;;;;;;;;;;;;
;;;;;;;;;;;;;;;;;;;;;;;;;;;;;;;;;;;;;
;;;;;;;;;;;;;;;;;;;;;;;;;;;;;;;;;;;;;
;;;;;;;;;;;;;;;;;;;;;;;;;;;;;;;;;;;;;
;;;;;;;;;;;;;;;;;;;;;;;;;;;;;;;;;;;;;
;;;;;;;;;;;;;;;;;;;;;;;;;;;;;;;;;;;;;
;;;;;;;;;;;;;;;;;;;;;;;;;;;;;;;;;;;;;
;;;;;;;;;;;;;;;;;;;;;;;;;;;;;;;;;;;;;
;;;;;;;;;;;;;;;;;;;;;;;;;;;;;;;;;;;;;
;;;;;;;;;;;;;;;;;;;;;;;;;;;;;;;;;;;;;
;;;;;;;;;;;;;;;;;;;;;;;;;;;;;;;;;;;;;
;;;;;;;;;;;;;;;;;;;;;;;;;;;;;;;;;;;;;
;;;;;;;;;;;;;;;;;;;;;;;;;;;;;;;;;;;;;
;;;;;;;;;;;;;;;;;;;;;;;;;;;;;;;;;;;;;
;;;;;;;;;;;;;;;;;;;;;;;;;;;;;;;;;;;;;
;;;;;;;;;;;;;;;;;;;;;;;;;;;;;;;;;;;;;
;;;;;;;;;;;;;;;;;;;;;;;;;;;;;;;;;;;;;
;;;;;;;;;;;;;;;;;;;;;;;;;;;;;;;;;;;;;
;;;;;;;;;;;;;;;;;;;;;;;;;;;;;;;;;;;;;
;;;;;;;;;;;;;;;;;;;;;;;;;;;;;;;;;;;;;
;;;;;;;;;;;;;;;;;;;;;;;;;;;;;;;;;;;;;
;;;;;;;;;;;;;;;;;;;;;;;;;;;;;;;;;;;;;
;;;;;;;;;;;;;;;;;;;;;;;;;;;;;;;;;;;;;
;;;;;;;;;;;;;;;;;;;;;;;;;;;;;;;;;;;;;
;;;;;;;;;;;;;;;;;;;;;;;;;;;;;;;;;;;;;
;;;;;;;;;;;;;;;;;;;;;;;;;;;;;;;;;;;;;
;;;;;;;;;;;;;;;;;;;;;;;;;;;;;;;;;;;;;
;;;;;;;;;;;;;;;;;;;;;;;;;;;;;;;;;;;;;
;;;;;;;;;;;;;;;;;;;;;;;;;;;;;;;;;;;;;
;;;;;;;;;;;;;;;;;;;;;;;;;;;;;;;;;;;;;
;;;;;;;;;;;;;;;;;;;;;;;;;;;;;;;;;;;;;
;;;;;;;;;;;;;;;;;;;;;;;;;;;;;;;;;;;;;
;;;;;;;;;;;;;;;;;;;;;;;;;;;;;;;;;;;;;
;;;;;;;;;;;;;;;;;;;;;;;;;;;;;;;;;;;;;
;;;;;;;;;;;;;;;;;;;;;;;;;;;;;;;;;;;;;
;;;;;;;;;;;;;;;;;;;;;;;;;;;;;;;;;;;;;
;;;;;;;;;;;;;;;;;;;;;;;;;;;;;;;;;;;;;
;;;;;;;;;;;;;;;;;;;;;;;;;;;;;;;;;;;;;
;;;;;;;;;;;;;;;;;;;;;;;;;;;;;;;;;;;;;
;;;;;;;;;;;;;;;;;;;;;;;;;;;;;;;;;;;;;
;;;;;;;;;;;;;;;;;;;;;;;;;;;;;;;;;;;;;
;;;;;;;;;;;;;;;;;;;;;;;;;;;;;;;;;;;;;
;;;;;;;;;;;;;;;;;;;;;;;;;;;;;;;;;;;;;
;;;;;;;;;;;;;;;;;;;;;;;;;;;;;;;;;;;;;
;;;;;;;;;;;;;;;;;;;;;;;;;;;;;;;;;;;;;
;;;;;;;;;;;;;;;;;;;;;;;;;;;;;;;;;;;;;
;;;;;;;;;;;;;;;;;;;;;;;;;;;;;;;;;;;;;
;;;;;;;;;;;;;;;;;;;;;;;;;;;;;;;;;;;;;
;;;;;;;;;;;;;;;;;;;;;;;;;;;;;;;;;;;;;
;;;;;;;;;;;;;;;;;;;;;;;;;;;;;;;;;;;;;
;;;;;;;;;;;;;;;;;;;;;;;;;;;;;;;;;;;;;
;;;;;;;;;;;;;;;;;;;;;;;;;;;;;;;;;;;;;
;;;;;;;;;;;;;;;;;;;;;;;;;;;;;;;;;;;;;
;;;;;;;;;;;;;;;;;;;;;;;;;;;;;;;;;;;;;
;;;;;;;;;;;;;;;;;;;;;;;;;;;;;;;;;;;;;
;;;;;;;;;;;;;;;;;;;;;;;;;;;;;;;;;;;;;
;;;;;;;;;;;;;;;;;;;;;;;;;;;;;;;;;;;;;
;;;;;;;;;;;;;;;;;;;;;;;;;;;;;;;;;;;;;
;;;;;;;;;;;;;;;;;;;;;;;;;;;;;;;;;;;;;
;;;;;;;;;;;;;;;;;;;;;;;;;;;;;;;;;;;;;
;;;;;;;;;;;;;;;;;;;;;;;;;;;;;;;;;;;;;
;;;;;;;;;;;;;;;;;;;;;;;;;;;;;;;;;;;;;
;;;;;;;;;;;;;;;;;;;;;;;;;;;;;;;;;;;;;
;;;;;;;;;;;;;;;;;;;;;;;;;;;;;;;;;;;;;
;;;;;;;;;;;;;;;;;;;;;;;;;;;;;;;;;;;;;
;;;;;;;;;;;;;;;;;;;;;;;;;;;;;;;;;;;;;
;;;;;;;;;;;;;;;;;;;;;;;;;;;;;;;;;;;;;
;;;;;;;;;;;;;;;;;;;;;;;;;;;;;;;;;;;;;
;;;;;;;;;;;;;;;;;;;;;;;;;;;;;;;;;;;;;
;;;;;;;;;;;;;;;;;;;;;;;;;;;;;;;;;;;;;
;;;;;;;;;;;;;;;;;;;;;;;;;;;;;;;;;;;;;
;;;;;;;;;;;;;;;;;;;;;;;;;;;;;;;;;;;;;
;;;;;;;;;;;;;;;;;;;;;;;;;;;;;;;;;;;;;
;;;;;;;;;;;;;;;;;;;;;;;;;;;;;;;;;;;;;
;;;;;;;;;;;;;;;;;;;;;;;;;;;;;;;;;;;;;
;;;;;;;;;;;;;;;;;;;;;;;;;;;;;;;;;;;;;
;;;;;;;;;;;;;;;;;;;;;;;;;;;;;;;;;;;;;
;;;;;;;;;;;;;;;;;;;;;;;;;;;;;;;;;;;;;
;;;;;;;;;;;;;;;;;;;;;;;;;;;;;;;;;;;;;
;;;;;;;;;;;;;;;;;;;;;;;;;;;;;;;;;;;;;
;;;;;;;;;;;;;;;;;;;;;;;;;;;;;;;;;;;;;
;;;;;;;;;;;;;;;;;;;;;;;;;;;;;;;;;;;;;
;;;;;;;;;;;;;;;;;;;;;;;;;;;;;;;;;;;;;
;;;;;;;;;;;;;;;;;;;;;;;;;;;;;;;;;;;;;
;;;;;;;;;;;;;;;;;;;;;;;;;;;;;;;;;;;;;
;;;;;;;;;;;;;;;;;;;;;;;;;;;;;;;;;;;;;
;;;;;;;;;;;;;;;;;;;;;;;;;;;;;;;;;;;;;
;;;;;;;;;;;;;;;;;;;;;;;;;;;;;;;;;;;;;
;;;;;;;;;;;;;;;;;;;;;;;;;;;;;;;;;;;;;
;;;;;;;;;;;;;;;;;;;;;;;;;;;;;;;;;;;;;
;;;;;;;;;;;;;;;;;;;;;;;;;;;;;;;;;;;;;
;;;;;;;;;;;;;;;;;;;;;;;;;;;;;;;;;;;;;
;;;;;;;;;;;;;;;;;;;;;;;;;;;;;;;;;;;;;
;;;;;;;;;;;;;;;;;;;;;;;;;;;;;;;;;;;;;
;;;;;;;;;;;;;;;;;;;;;;;;;;;;;;;;;;;;;
;;;;;;;;;;;;;;;;;;;;;;;;;;;;;;;;;;;;;
;;;;;;;;;;;;;;;;;;;;;;;;;;;;;;;;;;;;;
;;;;;;;;;;;;;;;;;;;;;;;;;;;;;;;;;;;;;
;;;;;;;;;;;;;;;;;;;;;;;;;;;;;;;;;;;;;
;;;;;;;;;;;;;;;;;;;;;;;;;;;;;;;;;;;;;
;;;;;;;;;;;;;;;;;;;;;;;;;;;;;;;;;;;;;
;;;;;;;;;;;;;;;;;;;;;;;;;;;;;;;;;;;;;
;;;;;;;;;;;;;;;;;;;;;;;;;;;;;;;;;;;;;
;;;;;;;;;;;;;;;;;;;;;;;;;;;;;;;;;;;;;
;;;;;;;;;;;;;;;;;;;;;;;;;;;;;;;;;;;;;
;;;;;;;;;;;;;;;;;;;;;;;;;;;;;;;;;;;;;
;;;;;;;;;;;;;;;;;;;;;;;;;;;;;;;;;;;;;
;;;;;;;;;;;;;;;;;;;;;;;;;;;;;;;;;;;;;
;;;;;;;;;;;;;;;;;;;;;;;;;;;;;;;;;;;;;
;;;;;;;;;;;;;;;;;;;;;;;;;;;;;;;;;;;;;
;;;;;;;;;;;;;;;;;;;;;;;;;;;;;;;;;;;;;
;;;;;;;;;;;;;;;;;;;;;;;;;;;;;;;;;;;;;
;;;;;;;;;;;;;;;;;;;;;;;;;;;;;;;;;;;;;
;;;;;;;;;;;;;;;;;;;;;;;;;;;;;;;;;;;;;
;;;;;;;;;;;;;;;;;;;;;;;;;;;;;;;;;;;;;
;;;;;;;;;;;;;;;;;;;;;;;;;;;;;;;;;;;;;
;;;;;;;;;;;;;;;;;;;;;;;;;;;;;;;;;;;;;
;;;;;;;;;;;;;;;;;;;;;;;;;;;;;;;;;;;;;
;;;;;;;;;;;;;;;;;;;;;;;;;;;;;;;;;;;;;
;;;;;;;;;;;;;;;;;;;;;;;;;;;;;;;;;;;;;
;;;;;;;;;;;;;;;;;;;;;;;;;;;;;;;;;;;;;
;;;;;;;;;;;;;;;;;;;;;;;;;;;;;;;;;;;;;
;;;;;;;;;;;;;;;;;;;;;;;;;;;;;;;;;;;;;
;;;;;;;;;;;;;;;;;;;;;;;;;;;;;;;;;;;;;
;;;;;;;;;;;;;;;;;;;;;;;;;;;;;;;;;;;;;
;;;;;;;;;;;;;;;;;;;;;;;;;;;;;;;;;;;;;
;;;;;;;;;;;;;;;;;;;;;;;;;;;;;;;;;;;;;
;;;;;;;;;;;;;;;;;;;;;;;;;;;;;;;;;;;;;
;;;;;;;;;;;;;;;;;;;;;;;;;;;;;;;;;;;;;
;;;;;;;;;;;;;;;;;;;;;;;;;;;;;;;;;;;;;
;;;;;;;;;;;;;;;;;;;;;;;;;;;;;;;;;;;;;
;;;;;;;;;;;;;;;;;;;;;;;;;;;;;;;;;;;;;
;;;;;;;;;;;;;;;;;;;;;;;;;;;;;;;;;;;;;
;;;;;;;;;;;;;;;;;;;;;;;;;;;;;;;;;;;;;
;;;;;;;;;;;;;;;;;;;;;;;;;;;;;;;;;;;;;
;;;;;;;;;;;;;;;;;;;;;;;;;;;;;;;;;;;;;
;;;;;;;;;;;;;;;;;;;;;;;;;;;;;;;;;;;;;
;;;;;;;;;;;;;;;;;;;;;;;;;;;;;;;;;;;;;
;;;;;;;;;;;;;;;;;;;;;;;;;;;;;;;;;;;;;
;;;;;;;;;;;;;;;;;;;;;;;;;;;;;;;;;;;;;
;;;;;;;;;;;;;;;;;;;;;;;;;;;;;;;;;;;;;
;;;;;;;;;;;;;;;;;;;;;;;;;;;;;;;;;;;;;
;;;;;;;;;;;;;;;;;;;;;;;;;;;;;;;;;;;;;
;;;;;;;;;;;;;;;;;;;;;;;;;;;;;;;;;;;;;
;;;;;;;;;;;;;;;;;;;;;;;;;;;;;;;;;;;;;
;;;;;;;;;;;;;;;;;;;;;;;;;;;;;;;;;;;;;
;;;;;;;;;;;;;;;;;;;;;;;;;;;;;;;;;;;;;
;;;;;;;;;;;;;;;;;;;;;;;;;;;;;;;;;;;;;
;;;;;;;;;;;;;;;;;;;;;;;;;;;;;;;;;;;;;
;;;;;;;;;;;;;;;;;;;;;;;;;;;;;;;;;;;;;
;;;;;;;;;;;;;;;;;;;;;;;;;;;;;;;;;;;;;
;;;;;;;;;;;;;;;;;;;;;;;;;;;;;;;;;;;;;
;;;;;;;;;;;;;;;;;;;;;;;;;;;;;;;;;;;;;
;;;;;;;;;;;;;;;;;;;;;;;;;;;;;;;;;;;;;
;;;;;;;;;;;;;;;;;;;;;;;;;;;;;;;;;;;;;
;;;;;;;;;;;;;;;;;;;;;;;;;;;;;;;;;;;;;
;;;;;;;;;;;;;;;;;;;;;;;;;;;;;;;;;;;;;
;;;;;;;;;;;;;;;;;;;;;;;;;;;;;;;;;;;;;
;;;;;;;;;;;;;;;;;;;;;;;;;;;;;;;;;;;;;
;;;;;;;;;;;;;;;;;;;;;;;;;;;;;;;;;;;;;
;;;;;;;;;;;;;;;;;;;;;;;;;;;;;;;;;;;;;
;;;;;;;;;;;;;;;;;;;;;;;;;;;;;;;;;;;;;
;;;;;;;;;;;;;;;;;;;;;;;;;;;;;;;;;;;;;
;;;;;;;;;;;;;;;;;;;;;;;;;;;;;;;;;;;;;
;;;;;;;;;;;;;;;;;;;;;;;;;;;;;;;;;;;;;
;;;;;;;;;;;;;;;;;;;;;;;;;;;;;;;;;;;;;
;;;;;;;;;;;;;;;;;;;;;;;;;;;;;;;;;;;;;
;;;;;;;;;;;;;;;;;;;;;;;;;;;;;;;;;;;;;
;;;;;;;;;;;;;;;;;;;;;;;;;;;;;;;;;;;;;
;;;;;;;;;;;;;;;;;;;;;;;;;;;;;;;;;;;;;
;;;;;;;;;;;;;;;;;;;;;;;;;;;;;;;;;;;;;
;;;;;;;;;;;;;;;;;;;;;;;;;;;;;;;;;;;;;
;;;;;;;;;;;;;;;;;;;;;;;;;;;;;;;;;;;;;
;;;;;;;;;;;;;;;;;;;;;;;;;;;;;;;;;;;;;
;;;;;;;;;;;;;;;;;;;;;;;;;;;;;;;;;;;;;
;;;;;;;;;;;;;;;;;;;;;;;;;;;;;;;;;;;;;
;;;;;;;;;;;;;;;;;;;;;;;;;;;;;;;;;;;;;
;;;;;;;;;;;;;;;;;;;;;;;;;;;;;;;;;;;;;
;;;;;;;;;;;;;;;;;;;;;;;;;;;;;;;;;;;;;
;;;;;;;;;;;;;;;;;;;;;;;;;;;;;;;;;;;;;
;;;;;;;;;;;;;;;;;;;;;;;;;;;;;;;;;;;;;
;;;;;;;;;;;;;;;;;;;;;;;;;;;;;;;;;;;;;
;;;;;;;;;;;;;;;;;;;;;;;;;;;;;;;;;;;;;
;;;;;;;;;;;;;;;;;;;;;;;;;;;;;;;;;;;;;
;;;;;;;;;;;;;;;;;;;;;;;;;;;;;;;;;;;;;
;;;;;;;;;;;;;;;;;;;;;;;;;;;;;;;;;;;;;
;;;;;;;;;;;;;;;;;;;;;;;;;;;;;;;;;;;;;
;;;;;;;;;;;;;;;;;;;;;;;;;;;;;;;;;;;;;
;;;;;;;;;;;;;;;;;;;;;;;;;;;;;;;;;;;;;
;;;;;;;;;;;;;;;;;;;;;;;;;;;;;;;;;;;;;
;;;;;;;;;;;;;;;;;;;;;;;;;;;;;;;;;;;;;
;;;;;;;;;;;;;;;;;;;;;;;;;;;;;;;;;;;;;
;;;;;;;;;;;;;;;;;;;;;;;;;;;;;;;;;;;;;
;;;;;;;;;;;;;;;;;;;;;;;;;;;;;;;;;;;;;
;;;;;;;;;;;;;;;;;;;;;;;;;;;;;;;;;;;;;
;;;;;;;;;;;;;;;;;;;;;;;;;;;;;;;;;;;;;
;;;;;;;;;;;;;;;;;;;;;;;;;;;;;;;;;;;;;
;;;;;;;;;;;;;;;;;;;;;;;;;;;;;;;;;;;;;
;;;;;;;;;;;;;;;;;;;;;;;;;;;;;;;;;;;;;
;;;;;;;;;;;;;;;;;;;;;;;;;;;;;;;;;;;;;
;;;;;;;;;;;;;;;;;;;;;;;;;;;;;;;;;;;;;
;;;;;;;;;;;;;;;;;;;;;;;;;;;;;;;;;;;;;
;;;;;;;;;;;;;;;;;;;;;;;;;;;;;;;;;;;;;
;;;;;;;;;;;;;;;;;;;;;;;;;;;;;;;;;;;;;
;;;;;;;;;;;;;;;;;;;;;;;;;;;;;;;;;;;;;
;;;;;;;;;;;;;;;;;;;;;;;;;;;;;;;;;;;;;
;;;;;;;;;;;;;;;;;;;;;;;;;;;;;;;;;;;;;
;;;;;;;;;;;;;;;;;;;;;;;;;;;;;;;;;;;;;
;;;;;;;;;;;;;;;;;;;;;;;;;;;;;;;;;;;;;
;;;;;;;;;;;;;;;;;;;;;;;;;;;;;;;;;;;;;
;;;;;;;;;;;;;;;;;;;;;;;;;;;;;;;;;;;;;
;;;;;;;;;;;;;;;;;;;;;;;;;;;;;;;;;;;;;
;;;;;;;;;;;;;;;;;;;;;;;;;;;;;;;;;;;;;
;;;;;;;;;;;;;;;;;;;;;;;;;;;;;;;;;;;;;
;;;;;;;;;;;;;;;;;;;;;;;;;;;;;;;;;;;;;
;;;;;;;;;;;;;;;;;;;;;;;;;;;;;;;;;;;;;
;;;;;;;;;;;;;;;;;;;;;;;;;;;;;;;;;;;;;
;;;;;;;;;;;;;;;;;;;;;;;;;;;;;;;;;;;;;
;;;;;;;;;;;;;;;;;;;;;;;;;;;;;;;;;;;;;
;;;;;;;;;;;;;;;;;;;;;;;;;;;;;;;;;;;;;
;;;;;;;;;;;;;;;;;;;;;;;;;;;;;;;;;;;;;
;;;;;;;;;;;;;;;;;;;;;;;;;;;;;;;;;;;;;
;;;;;;;;;;;;;;;;;;;;;;;;;;;;;;;;;;;;;
;;;;;;;;;;;;;;;;;;;;;;;;;;;;;;;;;;;;;
;;;;;;;;;;;;;;;;;;;;;;;;;;;;;;;;;;;;;
;;;;;;;;;;;;;;;;;;;;;;;;;;;;;;;;;;;;;
;;;;;;;;;;;;;;;;;;;;;;;;;;;;;;;;;;;;;
;;;;;;;;;;;;;;;;;;;;;;;;;;;;;;;;;;;;;
;;;;;;;;;;;;;;;;;;;;;;;;;;;;;;;;;;;;;
;;;;;;;;;;;;;;;;;;;;;;;;;;;;;;;;;;;;;
;;;;;;;;;;;;;;;;;;;;;;;;;;;;;;;;;;;;;
;;;;;;;;;;;;;;;;;;;;;;;;;;;;;;;;;;;;;
;;;;;;;;;;;;;;;;;;;;;;;;;;;;;;;;;;;;;
;;;;;;;;;;;;;;;;;;;;;;;;;;;;;;;;;;;;;
;;;;;;;;;;;;;;;;;;;;;;;;;;;;;;;;;;;;;
;;;;;;;;;;;;;;;;;;;;;;;;;;;;;;;;;;;;;
;;;;;;;;;;;;;;;;;;;;;;;;;;;;;;;;;;;;;
;;;;;;;;;;;;;;;;;;;;;;;;;;;;;;;;;;;;;
;;;;;;;;;;;;;;;;;;;;;;;;;;;;;;;;;;;;;
;;;;;;;;;;;;;;;;;;;;;;;;;;;;;;;;;;;;;
;;;;;;;;;;;;;;;;;;;;;;;;;;;;;;;;;;;;;
;;;;;;;;;;;;;;;;;;;;;;;;;;;;;;;;;;;;;
;;;;;;;;;;;;;;;;;;;;;;;;;;;;;;;;;;;;;
;;;;;;;;;;;;;;;;;;;;;;;;;;;;;;;;;;;;;
;;;;;;;;;;;;;;;;;;;;;;;;;;;;;;;;;;;;;
;;;;;;;;;;;;;;;;;;;;;;;;;;;;;;;;;;;;;
;;;;;;;;;;;;;;;;;;;;;;;;;;;;;;;;;;;;;
;;;;;;;;;;;;;;;;;;;;;;;;;;;;;;;;;;;;;
;;;;;;;;;;;;;;;;;;;;;;;;;;;;;;;;;;;;;
;;;;;;;;;;;;;;;;;;;;;;;;;;;;;;;;;;;;;
;;;;;;;;;;;;;;;;;;;;;;;;;;;;;;;;;;;;;
;;;;;;;;;;;;;;;;;;;;;;;;;;;;;;;;;;;;;
;;;;;;;;;;;;;;;;;;;;;;;;;;;;;;;;;;;;;
;;;;;;;;;;;;;;;;;;;;;;;;;;;;;;;;;;;;;
;;;;;;;;;;;;;;;;;;;;;;;;;;;;;;;;;;;;;
;;;;;;;;;;;;;;;;;;;;;;;;;;;;;;;;;;;;;
;;;;;;;;;;;;;;;;;;;;;;;;;;;;;;;;;;;;;
;;;;;;;;;;;;;;;;;;;;;;;;;;;;;;;;;;;;;
;;;;;;;;;;;;;;;;;;;;;;;;;;;;;;;;;;;;;
;;;;;;;;;;;;;;;;;;;;;;;;;;;;;;;;;;;;;
;;;;;;;;;;;;;;;;;;;;;;;;;;;;;;;;;;;;;
;;;;;;;;;;;;;;;;;;;;;;;;;;;;;;;;;;;;;
;;;;;;;;;;;;;;;;;;;;;;;;;;;;;;;;;;;;;
;;;;;;;;;;;;;;;;;;;;;;;;;;;;;;;;;;;;;
;;;;;;;;;;;;;;;;;;;;;;;;;;;;;;;;;;;;;
;;;;;;;;;;;;;;;;;;;;;;;;;;;;;;;;;;;;;
;;;;;;;;;;;;;;;;;;;;;;;;;;;;;;;;;;;;;
;;;;;;;;;;;;;;;;;;;;;;;;;;;;;;;;;;;;;
;;;;;;;;;;;;;;;;;;;;;;;;;;;;;;;;;;;;;
;;;;;;;;;;;;;;;;;;;;;;;;;;;;;;;;;;;;;
;;;;;;;;;;;;;;;;;;;;;;;;;;;;;;;;;;;;;
;;;;;;;;;;;;;;;;;;;;;;;;;;;;;;;;;;;;;
;;;;;;;;;;;;;;;;;;;;;;;;;;;;;;;;;;;;;
;;;;;;;;;;;;;;;;;;;;;;;;;;;;;;;;;;;;;
;;;;;;;;;;;;;;;;;;;;;;;;;;;;;;;;;;;;;
;;;;;;;;;;;;;;;;;;;;;;;;;;;;;;;;;;;;;
;;;;;;;;;;;;;;;;;;;;;;;;;;;;;;;;;;;;;
;;;;;;;;;;;;;;;;;;;;;;;;;;;;;;;;;;;;;
;;;;;;;;;;;;;;;;;;;;;;;;;;;;;;;;;;;;;
;;;;;;;;;;;;;;;;;;;;;;;;;;;;;;;;;;;;;
;;;;;;;;;;;;;;;;;;;;;;;;;;;;;;;;;;;;;
;;;;;;;;;;;;;;;;;;;;;;;;;;;;;;;;;;;;;
;;;;;;;;;;;;;;;;;;;;;;;;;;;;;;;;;;;;;
;;;;;;;;;;;;;;;;;;;;;;;;;;;;;;;;;;;;;
;;;;;;;;;;;;;;;;;;;;;;;;;;;;;;;;;;;;;
;;;;;;;;;;;;;;;;;;;;;;;;;;;;;;;;;;;;;
;;;;;;;;;;;;;;;;;;;;;;;;;;;;;;;;;;;;;
;;;;;;;;;;;;;;;;;;;;;;;;;;;;;;;;;;;;;
;;;;;;;;;;;;;;;;;;;;;;;;;;;;;;;;;;;;;
;;;;;;;;;;;;;;;;;;;;;;;;;;;;;;;;;;;;;
;;;;;;;;;;;;;;;;;;;;;;;;;;;;;;;;;;;;;
;;;;;;;;;;;;;;;;;;;;;;;;;;;;;;;;;;;;;
;;;;;;;;;;;;;;;;;;;;;;;;;;;;;;;;;;;;;
;;;;;;;;;;;;;;;;;;;;;;;;;;;;;;;;;;;;;
;;;;;;;;;;;;;;;;;;;;;;;;;;;;;;;;;;;;;
;;;;;;;;;;;;;;;;;;;;;;;;;;;;;;;;;;;;;
;;;;;;;;;;;;;;;;;;;;;;;;;;;;;;;;;;;;;
;;;;;;;;;;;;;;;;;;;;;;;;;;;;;;;;;;;;;
;;;;;;;;;;;;;;;;;;;;;;;;;;;;;;;;;;;;;
;;;;;;;;;;;;;;;;;;;;;;;;;;;;;;;;;;;;;
;;;;;;;;;;;;;;;;;;;;;;;;;;;;;;;;;;;;;
;;;;;;;;;;;;;;;;;;;;;;;;;;;;;;;;;;;;;
;;;;;;;;;;;;;;;;;;;;;;;;;;;;;;;;;;;;;
;;;;;;;;;;;;;;;;;;;;;;;;;;;;;;;;;;;;;
;;;;;;;;;;;;;;;;;;;;;;;;;;;;;;;;;;;;;
;;;;;;;;;;;;;;;;;;;;;;;;;;;;;;;;;;;;;
;;;;;;;;;;;;;;;;;;;;;;;;;;;;;;;;;;;;;
;;;;;;;;;;;;;;;;;;;;;;;;;;;;;;;;;;;;;
;;;;;;;;;;;;;;;;;;;;;;;;;;;;;;;;;;;;;
;;;;;;;;;;;;;;;;;;;;;;;;;;;;;;;;;;;;;
;;;;;;;;;;;;;;;;;;;;;;;;;;;;;;;;;;;;;
;;;;;;;;;;;;;;;;;;;;;;;;;;;;;;;;;;;;;
;;;;;;;;;;;;;;;;;;;;;;;;;;;;;;;;;;;;;
;;;;;;;;;;;;;;;;;;;;;;;;;;;;;;;;;;;;;
;;;;;;;;;;;;;;;;;;;;;;;;;;;;;;;;;;;;;
;;;;;;;;;;;;;;;;;;;;;;;;;;;;;;;;;;;;;
;;;;;;;;;;;;;;;;;;;;;;;;;;;;;;;;;;;;;
;;;;;;;;;;;;;;;;;;;;;;;;;;;;;;;;;;;;;
;;;;;;;;;;;;;;;;;;;;;;;;;;;;;;;;;;;;;
;;;;;;;;;;;;;;;;;;;;;;;;;;;;;;;;;;;;;
;;;;;;;;;;;;;;;;;;;;;;;;;;;;;;;;;;;;;
;;;;;;;;;;;;;;;;;;;;;;;;;;;;;;;;;;;;;
;;;;;;;;;;;;;;;;;;;;;;;;;;;;;;;;;;;;;
;;;;;;;;;;;;;;;;;;;;;;;;;;;;;;;;;;;;;
;;;;;;;;;;;;;;;;;;;;;;;;;;;;;;;;;;;;;
;;;;;;;;;;;;;;;;;;;;;;;;;;;;;;;;;;;;;
;;;;;;;;;;;;;;;;;;;;;;;;;;;;;;;;;;;;;
;;;;;;;;;;;;;;;;;;;;;;;;;;;;;;;;;;;;;
;;;;;;;;;;;;;;;;;;;;;;;;;;;;;;;;;;;;;
;;;;;;;;;;;;;;;;;;;;;;;;;;;;;;;;;;;;;
;;;;;;;;;;;;;;;;;;;;;;;;;;;;;;;;;;;;;
;;;;;;;;;;;;;;;;;;;;;;;;;;;;;;;;;;;;;
;;;;;;;;;;;;;;;;;;;;;;;;;;;;;;;;;;;;;
;;;;;;;;;;;;;;;;;;;;;;;;;;;;;;;;;;;;;
;;;;;;;;;;;;;;;;;;;;;;;;;;;;;;;;;;;;;
;;;;;;;;;;;;;;;;;;;;;;;;;;;;;;;;;;;;;
;;;;;;;;;;;;;;;;;;;;;;;;;;;;;;;;;;;;;
;;;;;;;;;;;;;;;;;;;;;;;;;;;;;;;;;;;;;
;;;;;;;;;;;;;;;;;;;;;;;;;;;;;;;;;;;;;
;;;;;;;;;;;;;;;;;;;;;;;;;;;;;;;;;;;;;
;;;;;;;;;;;;;;;;;;;;;;;;;;;;;;;;;;;;;
;;;;;;;;;;;;;;;;;;;;;;;;;;;;;;;;;;;;;
;;;;;;;;;;;;;;;;;;;;;;;;;;;;;;;;;;;;;
;;;;;;;;;;;;;;;;;;;;;;;;;;;;;;;;;;;;;
;;;;;;;;;;;;;;;;;;;;;;;;;;;;;;;;;;;;;
;;;;;;;;;;;;;;;;;;;;;;;;;;;;;;;;;;;;;
;;;;;;;;;;;;;;;;;;;;;;;;;;;;;;;;;;;;;
;;;;;;;;;;;;;;;;;;;;;;;;;;;;;;;;;;;;;
;;;;;;;;;;;;;;;;;;;;;;;;;;;;;;;;;;;;;
;;;;;;;;;;;;;;;;;;;;;;;;;;;;;;;;;;;;;
;;;;;;;;;;;;;;;;;;;;;;;;;;;;;;;;;;;;;
;;;;;;;;;;;;;;;;;;;;;;;;;;;;;;;;;;;;;
;;;;;;;;;;;;;;;;;;;;;;;;;;;;;;;;;;;;;
;;;;;;;;;;;;;;;;;;;;;;;;;;;;;;;;;;;;;
;;;;;;;;;;;;;;;;;;;;;;;;;;;;;;;;;;;;;
;;;;;;;;;;;;;;;;;;;;;;;;;;;;;;;;;;;;;
;;;;;;;;;;;;;;;;;;;;;;;;;;;;;;;;;;;;;
;;;;;;;;;;;;;;;;;;;;;;;;;;;;;;;;;;;;;
;;;;;;;;;;;;;;;;;;;;;;;;;;;;;;;;;;;;;
;;;;;;;;;;;;;;;;;;;;;;;;;;;;;;;;;;;;;
;;;;;;;;;;;;;;;;;;;;;;;;;;;;;;;;;;;;;
;;;;;;;;;;;;;;;;;;;;;;;;;;;;;;;;;;;;;
;;;;;;;;;;;;;;;;;;;;;;;;;;;;;;;;;;;;;
;;;;;;;;;;;;;;;;;;;;;;;;;;;;;;;;;;;;;
;;;;;;;;;;;;;;;;;;;;;;;;;;;;;;;;;;;;;
;;;;;;;;;;;;;;;;;;;;;;;;;;;;;;;;;;;;;
;;;;;;;;;;;;;;;;;;;;;;;;;;;;;;;;;;;;;
;;;;;;;;;;;;;;;;;;;;;;;;;;;;;;;;;;;;;
;;;;;;;;;;;;;;;;;;;;;;;;;;;;;;;;;;;;;
;;;;;;;;;;;;;;;;;;;;;;;;;;;;;;;;;;;;;
;;;;;;;;;;;;;;;;;;;;;;;;;;;;;;;;;;;;;
;;;;;;;;;;;;;;;;;;;;;;;;;;;;;;;;;;;;;
;;;;;;;;;;;;;;;;;;;;;;;;;;;;;;;;;;;;;
;;;;;;;;;;;;;;;;;;;;;;;;;;;;;;;;;;;;;
;;;;;;;;;;;;;;;;;;;;;;;;;;;;;;;;;;;;;
;;;;;;;;;;;;;;;;;;;;;;;;;;;;;;;;;;;;;
;;;;;;;;;;;;;;;;;;;;;;;;;;;;;;;;;;;;;
;;;;;;;;;;;;;;;;;;;;;;;;;;;;;;;;;;;;;
;;;;;;;;;;;;;;;;;;;;;;;;;;;;;;;;;;;;;
;;;;;;;;;;;;;;;;;;;;;;;;;;;;;;;;;;;;;
;;;;;;;;;;;;;;;;;;;;;;;;;;;;;;;;;;;;;
;;;;;;;;;;;;;;;;;;;;;;;;;;;;;;;;;;;;;
;;;;;;;;;;;;;;;;;;;;;;;;;;;;;;;;;;;;;
;;;;;;;;;;;;;;;;;;;;;;;;;;;;;;;;;;;;;
;;;;;;;;;;;;;;;;;;;;;;;;;;;;;;;;;;;;;
;;;;;;;;;;;;;;;;;;;;;;;;;;;;;;;;;;;;;
;;;;;;;;;;;;;;;;;;;;;;;;;;;;;;;;;;;;;
;;;;;;;;;;;;;;;;;;;;;;;;;;;;;;;;;;;;;
;;;;;;;;;;;;;;;;;;;;;;;;;;;;;;;;;;;;;
;;;;;;;;;;;;;;;;;;;;;;;;;;;;;;;;;;;;;
;;;;;;;;;;;;;;;;;;;;;;;;;;;;;;;;;;;;;
;;;;;;;;;;;;;;;;;;;;;;;;;;;;;;;;;;;;;
;;;;;;;;;;;;;;;;;;;;;;;;;;;;;;;;;;;;;
;;;;;;;;;;;;;;;;;;;;;;;;;;;;;;;;;;;;;
;;;;;;;;;;;;;;;;;;;;;;;;;;;;;;;;;;;;;
;;;;;;;;;;;;;;;;;;;;;;;;;;;;;;;;;;;;;
;;;;;;;;;;;;;;;;;;;;;;;;;;;;;;;;;;;;;
;;;;;;;;;;;;;;;;;;;;;;;;;;;;;;;;;;;;;
;;;;;;;;;;;;;;;;;;;;;;;;;;;;;;;;;;;;;
;;;;;;;;;;;;;;;;;;;;;;;;;;;;;;;;;;;;;
;;;;;;;;;;;;;;;;;;;;;;;;;;;;;;;;;;;;;
;;;;;;;;;;;;;;;;;;;;;;;;;;;;;;;;;;;;;
;;;;;;;;;;;;;;;;;;;;;;;;;;;;;;;;;;;;;
;;;;;;;;;;;;;;;;;;;;;;;;;;;;;;;;;;;;;
;;;;;;;;;;;;;;;;;;;;;;;;;;;;;;;;;;;;;
;;;;;;;;;;;;;;;;;;;;;;;;;;;;;;;;;;;;;
;;;;;;;;;;;;;;;;;;;;;;;;;;;;;;;;;;;;;
;;;;;;;;;;;;;;;;;;;;;;;;;;;;;;;;;;;;;
;;;;;;;;;;;;;;;;;;;;;;;;;;;;;;;;;;;;;
;;;;;;;;;;;;;;;;;;;;;;;;;;;;;;;;;;;;;
;;;;;;;;;;;;;;;;;;;;;;;;;;;;;;;;;;;;;
;;;;;;;;;;;;;;;;;;;;;;;;;;;;;;;;;;;;;
;;;;;;;;;;;;;;;;;;;;;;;;;;;;;;;;;;;;;
;;;;;;;;;;;;;;;;;;;;;;;;;;;;;;;;;;;;;
;;;;;;;;;;;;;;;;;;;;;;;;;;;;;;;;;;;;;
;;;;;;;;;;;;;;;;;;;;;;;;;;;;;;;;;;;;;
;;;;;;;;;;;;;;;;;;;;;;;;;;;;;;;;;;;;;
;;;;;;;;;;;;;;;;;;;;;;;;;;;;;;;;;;;;;
;;;;;;;;;;;;;;;;;;;;;;;;;;;;;;;;;;;;;
;;;;;;;;;;;;;;;;;;;;;;;;;;;;;;;;;;;;;
;;;;;;;;;;;;;;;;;;;;;;;;;;;;;;;;;;;;;
;;;;;;;;;;;;;;;;;;;;;;;;;;;;;;;;;;;;;
;;;;;;;;;;;;;;;;;;;;;;;;;;;;;;;;;;;;;
;;;;;;;;;;;;;;;;;;;;;;;;;;;;;;;;;;;;;
;;;;;;;;;;;;;;;;;;;;;;;;;;;;;;;;;;;;;
;;;;;;;;;;;;;;;;;;;;;;;;;;;;;;;;;;;;;
;;;;;;;;;;;;;;;;;;;;;;;;;;;;;;;;;;;;;
;;;;;;;;;;;;;;;;;;;;;;;;;;;;;;;;;;;;;
;;;;;;;;;;;;;;;;;;;;;;;;;;;;;;;;;;;;;
;;;;;;;;;;;;;;;;;;;;;;;;;;;;;;;;;;;;;
;;;;;;;;;;;;;;;;;;;;;;;;;;;;;;;;;;;;;
;;;;;;;;;;;;;;;;;;;;;;;;;;;;;;;;;;;;;
;;;;;;;;;;;;;;;;;;;;;;;;;;;;;;;;;;;;;
;;;;;;;;;;;;;;;;;;;;;;;;;;;;;;;;;;;;;
;;;;;;;;;;;;;;;;;;;;;;;;;;;;;;;;;;;;;
;;;;;;;;;;;;;;;;;;;;;;;;;;;;;;;;;;;;;
;;;;;;;;;;;;;;;;;;;;;;;;;;;;;;;;;;;;;
;;;;;;;;;;;;;;;;;;;;;;;;;;;;;;;;;;;;;
;;;;;;;;;;;;;;;;;;;;;;;;;;;;;;;;;;;;;
;;;;;;;;;;;;;;;;;;;;;;;;;;;;;;;;;;;;;
;;;;;;;;;;;;;;;;;;;;;;;;;;;;;;;;;;;;;
;;;;;;;;;;;;;;;;;;;;;;;;;;;;;;;;;;;;;
;;;;;;;;;;;;;;;;;;;;;;;;;;;;;;;;;;;;;
;;;;;;;;;;;;;;;;;;;;;;;;;;;;;;;;;;;;;
;;;;;;;;;;;;;;;;;;;;;;;;;;;;;;;;;;;;;
;;;;;;;;;;;;;;;;;;;;;;;;;;;;;;;;;;;;;
;;;;;;;;;;;;;;;;;;;;;;;;;;;;;;;;;;;;;
;;;;;;;;;;;;;;;;;;;;;;;;;;;;;;;;;;;;;
;;;;;;;;;;;;;;;;;;;;;;;;;;;;;;;;;;;;;
;;;;;;;;;;;;;;;;;;;;;;;;;;;;;;;;;;;;;
;;;;;;;;;;;;;;;;;;;;;;;;;;;;;;;;;;;;;
;;;;;;;;;;;;;;;;;;;;;;;;;;;;;;;;;;;;;
;;;;;;;;;;;;;;;;;;;;;;;;;;;;;;;;;;;;;
;;;;;;;;;;;;;;;;;;;;;;;;;;;;;;;;;;;;;
;;;;;;;;;;;;;;;;;;;;;;;;;;;;;;;;;;;;;
;;;;;;;;;;;;;;;;;;;;;;;;;;;;;;;;;;;;;
;;;;;;;;;;;;;;;;;;;;;;;;;;;;;;;;;;;;;
;;;;;;;;;;;;;;;;;;;;;;;;;;;;;;;;;;;;;
;;;;;;;;;;;;;;;;;;;;;;;;;;;;;;;;;;;;;
;;;;;;;;;;;;;;;;;;;;;;;;;;;;;;;;;;;;;
;;;;;;;;;;;;;;;;;;;;;;;;;;;;;;;;;;;;;
;;;;;;;;;;;;;;;;;;;;;;;;;;;;;;;;;;;;;
;;;;;;;;;;;;;;;;;;;;;;;;;;;;;;;;;;;;;
;;;;;;;;;;;;;;;;;;;;;;;;;;;;;;;;;;;;;
;;;;;;;;;;;;;;;;;;;;;;;;;;;;;;;;;;;;;
;;;;;;;;;;;;;;;;;;;;;;;;;;;;;;;;;;;;;
;;;;;;;;;;;;;;;;;;;;;;;;;;;;;;;;;;;;;
;;;;;;;;;;;;;;;;;;;;;;;;;;;;;;;;;;;;;
;;;;;;;;;;;;;;;;;;;;;;;;;;;;;;;;;;;;;
;;;;;;;;;;;;;;;;;;;;;;;;;;;;;;;;;;;;;
;;;;;;;;;;;;;;;;;;;;;;;;;;;;;;;;;;;;;
;;;;;;;;;;;;;;;;;;;;;;;;;;;;;;;;;;;;;
;;;;;;;;;;;;;;;;;;;;;;;;;;;;;;;;;;;;;
;;;;;;;;;;;;;;;;;;;;;;;;;;;;;;;;;;;;;
;;;;;;;;;;;;;;;;;;;;;;;;;;;;;;;;;;;;;
;;;;;;;;;;;;;;;;;;;;;;;;;;;;;;;;;;;;;
;;;;;;;;;;;;;;;;;;;;;;;;;;;;;;;;;;;;;
;;;;;;;;;;;;;;;;;;;;;;;;;;;;;;;;;;;;;
;;;;;;;;;;;;;;;;;;;;;;;;;;;;;;;;;;;;;
;;;;;;;;;;;;;;;;;;;;;;;;;;;;;;;;;;;;;
;;;;;;;;;;;;;;;;;;;;;;;;;;;;;;;;;;;;;
;;;;;;;;;;;;;;;;;;;;;;;;;;;;;;;;;;;;;
;;;;;;;;;;;;;;;;;;;;;;;;;;;;;;;;;;;;;
;;;;;;;;;;;;;;;;;;;;;;;;;;;;;;;;;;;;;
;;;;;;;;;;;;;;;;;;;;;;;;;;;;;;;;;;;;;
;;;;;;;;;;;;;;;;;;;;;;;;;;;;;;;;;;;;;
;;;;;;;;;;;;;;;;;;;;;;;;;;;;;;;;;;;;;
;;;;;;;;;;;;;;;;;;;;;;;;;;;;;;;;;;;;;
;;;;;;;;;;;;;;;;;;;;;;;;;;;;;;;;;;;;;
;;;;;;;;;;;;;;;;;;;;;;;;;;;;;;;;;;;;;
;;;;;;;;;;;;;;;;;;;;;;;;;;;;;;;;;;;;;
;;;;;;;;;;;;;;;;;;;;;;;;;;;;;;;;;;;;;
;;;;;;;;;;;;;;;;;;;;;;;;;;;;;;;;;;;;;
;;;;;;;;;;;;;;;;;;;;;;;;;;;;;;;;;;;;;
;;;;;;;;;;;;;;;;;;;;;;;;;;;;;;;;;;;;;
;;;;;;;;;;;;;;;;;;;;;;;;;;;;;;;;;;;;;
;;;;;;;;;;;;;;;;;;;;;;;;;;;;;;;;;;;;;
;;;;;;;;;;;;;;;;;;;;;;;;;;;;;;;;;;;;;
;;;;;;;;;;;;;;;;;;;;;;;;;;;;;;;;;;;;;
;;;;;;;;;;;;;;;;;;;;;;;;;;;;;;;;;;;;;
;;;;;;;;;;;;;;;;;;;;;;;;;;;;;;;;;;;;;
;;;;;;;;;;;;;;;;;;;;;;;;;;;;;;;;;;;;;
;;;;;;;;;;;;;;;;;;;;;;;;;;;;;;;;;;;;;
;;;;;;;;;;;;;;;;;;;;;;;;;;;;;;;;;;;;;
;;;;;;;;;;;;;;;;;;;;;;;;;;;;;;;;;;;;;
;;;;;;;;;;;;;;;;;;;;;;;;;;;;;;;;;;;;;
;;;;;;;;;;;;;;;;;;;;;;;;;;;;;;;;;;;;;
;;;;;;;;;;;;;;;;;;;;;;;;;;;;;;;;;;;;;
;;;;;;;;;;;;;;;;;;;;;;;;;;;;;;;;;;;;;
;;;;;;;;;;;;;;;;;;;;;;;;;;;;;;;;;;;;;
;;;;;;;;;;;;;;;;;;;;;;;;;;;;;;;;;;;;;
;;;;;;;;;;;;;;;;;;;;;;;;;;;;;;;;;;;;;
;;;;;;;;;;;;;;;;;;;;;;;;;;;;;;;;;;;;;
;;;;;;;;;;;;;;;;;;;;;;;;;;;;;;;;;;;;;
;;;;;;;;;;;;;;;;;;;;;;;;;;;;;;;;;;;;;
;;;;;;;;;;;;;;;;;;;;;;;;;;;;;;;;;;;;;
;;;;;;;;;;;;;;;;;;;;;;;;;;;;;;;;;;;;;
;;;;;;;;;;;;;;;;;;;;;;;;;;;;;;;;;;;;;
;;;;;;;;;;;;;;;;;;;;;;;;;;;;;;;;;;;;;
;;;;;;;;;;;;;;;;;;;;;;;;;;;;;;;;;;;;;
;;;;;;;;;;;;;;;;;;;;;;;;;;;;;;;;;;;;;
;;;;;;;;;;;;;;;;;;;;;;;;;;;;;;;;;;;;;
;;;;;;;;;;;;;;;;;;;;;;;;;;;;;;;;;;;;;
;;;;;;;;;;;;;;;;;;;;;;;;;;;;;;;;;;;;;
;;;;;;;;;;;;;;;;;;;;;;;;;;;;;;;;;;;;;
;;;;;;;;;;;;;;;;;;;;;;;;;;;;;;;;;;;;;
;;;;;;;;;;;;;;;;;;;;;;;;;;;;;;;;;;;;;
;;;;;;;;;;;;;;;;;;;;;;;;;;;;;;;;;;;;;
;;;;;;;;;;;;;;;;;;;;;;;;;;;;;;;;;;;;;
;;;;;;;;;;;;;;;;;;;;;;;;;;;;;;;;;;;;;
;;;;;;;;;;;;;;;;;;;;;;;;;;;;;;;;;;;;;
;;;;;;;;;;;;;;;;;;;;;;;;;;;;;;;;;;;;;
;;;;;;;;;;;;;;;;;;;;;;;;;;;;;;;;;;;;;
;;;;;;;;;;;;;;;;;;;;;;;;;;;;;;;;;;;;;
;;;;;;;;;;;;;;;;;;;;;;;;;;;;;;;;;;;;;
;;;;;;;;;;;;;;;;;;;;;;;;;;;;;;;;;;;;;
;;;;;;;;;;;;;;;;;;;;;;;;;;;;;;;;;;;;;
;;;;;;;;;;;;;;;;;;;;;;;;;;;;;;;;;;;;;
;;;;;;;;;;;;;;;;;;;;;;;;;;;;;;;;;;;;;
